# https://github.com/mikedh/trimesh
mtllib material.mtl
usemtl material_0
v -0.49999994 -0.29713800 -0.04807692
v -0.50000000 -0.49999942 -0.04807692
v -0.49999994 -0.29835723 -0.03978846
v -0.49999994 -0.30099954 0.00000000
v -0.49999994 -0.29835723 0.03978846
v -0.50000000 -0.49999942 0.04807692
v -0.49999994 -0.29713800 0.04807692
v -0.49999983 0.04807718 -0.29713462
v -0.49999983 0.04807718 -0.50000000
v -0.49999983 0.03978873 -0.29835769
v -0.49999984 0.00000029 -0.30100000
v -0.49999986 -0.03978815 -0.29835769
v -0.49999986 -0.04807661 -0.50000000
v -0.49999986 -0.04807661 -0.29713462
v -0.49999975 0.29713473 -0.04807692
v -0.49999975 0.29835781 -0.03978846
v -0.49999969 0.50000000 -0.04807692
v -0.49999975 0.30100011 0.00000000
v -0.49999969 0.50000000 0.04807692
v -0.49999975 0.29835781 0.03978846
v -0.49999975 0.29713473 0.04807692
v -0.39853966 -0.13333842 0.12913077
v -0.39853966 -0.14875764 0.11101923
v -0.37867220 -0.16686539 0.12453462
v -0.39853958 0.12299989 0.13883077
v -0.39853959 0.10619221 0.15223462
v -0.37867211 0.11911906 0.17076923
v -0.39853957 0.14133450 0.12032308
v -0.39853958 0.12478835 0.13740769
v -0.37867211 0.13998059 0.15413462
v -0.39853966 -0.12283843 -0.13866154
v -0.39853965 -0.11573074 -0.14511923
v -0.37867219 -0.12981926 -0.16278462
v 0.49630121 0.00255864 0.02655769
v 0.49873133 0.00125864 0.01308846
v 0.49873133 0.00292402 0.01281923
v 0.50000000 -0.00000290 0.00000000
v 0.49873133 -0.00042598 0.01314231
v 0.49630121 0.02403555 0.01157692
v 0.49873133 0.01184325 0.00570385
v 0.49873133 0.01247402 0.00414231
v 0.49630120 -0.02581057 -0.00676538
v 0.49873132 -0.01272212 -0.00333462
v 0.49873132 -0.01304520 -0.00168077
v 0.49873132 -0.01219136 -0.00493462
v -0.31214694 -0.24726171 -0.10702692
v -0.32355416 -0.23774245 -0.10618846
v -0.32356862 -0.22706938 -0.12788077
v -0.34899150 -0.21453084 -0.10400000
v -0.35080596 -0.21262699 -0.10379231
v -0.35081077 -0.20623469 -0.11614615
v -0.36777462 -0.19479233 -0.10185769
v -0.37865896 -0.18223076 -0.10030385
v -0.37867221 -0.18141923 -0.10217308
v -0.38302040 -0.17719614 -0.09968077
v -0.28374322 0.10861877 -0.26712308
v -0.29589141 0.10797265 -0.25895000
v -0.29590465 0.12986879 -0.24893077
v -0.31436128 0.10687656 -0.24551538
v -0.32355285 0.10618428 -0.23773077
v -0.32356851 0.12053812 -0.23105000
v -0.38577453 0.09928448 -0.17400769
v -0.39853959 0.09707298 -0.15821154
v -0.39853959 0.10619221 -0.15223462
v -0.24088894 0.30846467 0.02515385
v -0.23818292 0.30781081 0.04107308
v -0.23818292 0.30991850 0.01989615
v -0.23084557 0.30256849 0.08138462
v -0.22768533 0.29838386 0.09907692
v -0.20643473 0.30483379 0.10121154
v -0.23084569 -0.08138514 0.30256923
v -0.22943847 -0.08925822 0.30070769
v -0.20643486 -0.09139290 0.30792308
v -0.22738070 -0.29798503 -0.10077692
v -0.22566986 -0.29508888 -0.11066538
v -0.20643492 -0.29772740 -0.12053462
v -0.23446986 -0.30585038 -0.06156154
v -0.23120239 -0.30289270 -0.07943462
v -0.20643493 -0.31069662 -0.08147308
v -0.23084576 -0.30256963 -0.08138077
v -0.23818311 -0.28786577 -0.11654231
v -0.24088914 -0.30846575 -0.02515000
v -0.23841685 -0.30786960 -0.03970000
v -0.23818311 -0.30801191 -0.03971538
v -0.23818311 -0.30781576 -0.04106923
v -0.20643493 -0.31856200 -0.04107308
v -0.23807347 -0.30779268 -0.04171154
v -0.24338793 -0.30847728 0.00000000
v -0.24326865 -0.30848882 -0.00476538
v -0.23818311 -0.31056191 0.00000000
v -0.24288552 -0.30851959 -0.01004231
v -0.24200600 -0.30853882 -0.01759615
v -0.23841805 -0.30785037 0.03970000
v -0.23912528 -0.30812729 0.03573462
v -0.24124335 -0.30850036 0.02287692
v -0.24258311 -0.30853497 0.01296538
v -0.24317709 -0.30849651 0.00638462
v -0.24338311 -0.30847728 0.00094615
v -0.23818311 -0.30775806 0.04101923
v -0.23818311 -0.30801191 0.03971538
v -0.23656384 -0.30712730 0.05010000
v -0.20643493 -0.31856200 0.04107308
v -0.23248552 -0.30423116 0.07238846
v -0.23121444 -0.30279270 0.07941154
v -0.22566986 -0.29508888 0.11066538
v -0.22884817 -0.30011964 0.09248077
v -0.20643493 -0.31069662 0.08147308
v -0.23817347 -0.29002730 0.11030385
v -0.23818311 -0.28786577 0.11654231
v -0.25025660 -0.28509265 0.10995385
v -0.26663370 -0.27603491 0.11175385
v -0.28079755 -0.26866180 0.10873077
v -0.27146382 -0.27435413 0.10916923
v -0.26662527 -0.27680414 0.10934615
v -0.29590477 -0.24464253 0.13778077
v -0.29589393 -0.25899637 0.10798077
v -0.29170960 -0.26200792 0.10822692
v -0.26663370 -0.25947723 0.14613462
v -0.32356862 -0.22706938 0.12788077
v -0.35081077 -0.20623469 0.11615000
v -0.34915415 -0.21436930 0.10398077
v -0.33035657 -0.23208474 0.10569615
v -0.32355416 -0.23773860 0.10618846
v -0.31126622 -0.24794633 0.10708462
v -0.38324088 -0.17702306 0.09968077
v -0.37866257 -0.18228461 0.10032308
v -0.37867221 -0.18141923 0.10217308
v -0.36777462 -0.19479233 0.10185769
v -0.35080596 -0.21263468 0.10379231
v -0.39853967 -0.15260379 0.10533846
v -0.39853967 -0.15821148 0.09707308
v -0.38365654 -0.17654614 0.09961923
v -0.39853965 -0.09707306 0.15821154
v -0.39853965 -0.11573074 0.14511923
v -0.39636134 -0.09744999 0.16090385
v -0.37867219 -0.12981926 0.16278462
v -0.37867219 -0.10793465 0.17805000
v -0.37866013 -0.10030773 0.18223077
v -0.38546736 -0.09933464 0.17437692
v -0.36770712 -0.10186931 0.19486923
v -0.35081075 -0.12270012 0.20240385
v -0.35654568 -0.10319626 0.20683846
v -0.32356859 -0.13509635 0.22285000
v -0.33827460 -0.10501940 0.22487692
v -0.35079749 -0.10376936 0.21251154
v -0.29590474 -0.14555028 0.24010385
v -0.32052762 -0.10644253 0.24048462
v -0.32355894 -0.10620021 0.23781923
v -0.31990713 -0.10649638 0.24103077
v -0.29590473 -0.11365414 0.25674231
v -0.30133846 -0.10769644 0.25535385
v -0.29589268 -0.10798107 0.25898077
v -0.28256136 -0.10867727 0.26785385
v -0.26663365 -0.12054270 0.27231154
v -0.26662763 -0.10935424 0.27686923
v -0.23818306 -0.12571201 0.28398077
v -0.23817823 -0.11031587 0.29015769
v -0.24411920 -0.11015047 0.28781538
v -0.26350835 -0.10948502 0.27863077
v -0.22566980 -0.11066591 0.29509231
v -0.20643487 -0.13001981 0.29371154
v -0.22738064 -0.10077745 0.29798462
v -0.23807339 -0.04171206 0.30778846
v -0.23663364 -0.04964668 0.30701538
v -0.20643485 -0.05126600 0.31708077
v -0.23446978 -0.06156591 0.30585000
v -0.20643483 -0.01029680 0.32103462
v -0.23818302 -0.00995439 0.31040000
v -0.23818303 -0.04107360 0.30781538
v -0.24288543 -0.01004668 0.30851923
v -0.24200591 -0.01760053 0.30853846
v -0.24088905 -0.02515437 0.30846538
v -0.24011072 0.02974559 0.30830000
v -0.24124325 0.02287253 0.30850000
v -0.24258301 0.01296484 0.30853462
v -0.24317699 0.00638408 0.30849615
v -0.24338302 0.00094562 0.30847692
v -0.24338784 -0.00000053 0.30847692
v -0.24326856 -0.00476976 0.30848846
v -0.24289627 -0.00989283 0.30851923
v -0.23818301 0.02981867 0.30912692
v -0.23818300 0.04101866 0.30775769
v -0.23912517 0.03573405 0.30812692
v -0.23656372 0.05009942 0.30712692
v -0.20643482 0.03084164 0.31971538
v -0.23300830 0.06953016 0.30460385
v -0.22599744 0.10878781 0.29560769
v -0.22884805 0.09248014 0.30011923
v -0.20643481 0.07147239 0.31314615
v -0.23248540 0.07238401 0.30423077
v -0.23818297 0.14364552 0.27534231
v -0.23817334 0.11029939 0.29002692
v -0.22689021 0.11063012 0.29465000
v -0.20643478 0.14856465 0.28477692
v -0.29590465 0.12986879 0.24893462
v -0.29589502 0.10798034 0.25900769
v -0.29199020 0.10820725 0.26181923
v -0.26663357 0.13773793 0.26402692
v -0.27176250 0.10915334 0.27418846
v -0.26662515 0.10934563 0.27679615
v -0.25057937 0.10994174 0.28494231
v -0.32356851 0.12053812 0.23105000
v -0.32355285 0.10618812 0.23773077
v -0.31153237 0.10706501 0.24773846
v -0.36714803 0.10192673 0.19543846
v -0.35080706 0.10379591 0.21264231
v -0.35081068 0.10947667 0.20985000
v -0.34940345 0.10395744 0.21412308
v -0.33061309 0.10567276 0.23185769
v -0.36801670 0.10182673 0.19452308
v -0.35081067 0.13541127 0.19412692
v -0.37866971 0.10035754 0.18239231
v -0.37973959 0.10021138 0.18117308
v -0.39773477 0.09721914 0.15923077
v -0.39853959 0.09707298 0.15821154
v -0.39853957 0.15820757 0.09707308
v -0.39853957 0.15556141 0.10126154
v -0.38577451 0.17400367 0.09928846
v -0.37867210 0.17449595 0.11358846
v -0.37865884 0.18222672 0.10030385
v -0.36801667 0.19452283 0.10183077
v -0.35081065 0.19836508 0.12912308
v -0.35119498 0.21231892 0.10377308
v -0.32356848 0.21840729 0.14216923
v -0.34678534 0.21653429 0.10418462
v -0.35081064 0.21268815 0.10380769
v -0.29589136 0.25894949 0.10797692
v -0.30273955 0.25434182 0.10761154
v -0.29590462 0.25296872 0.12182308
v -0.31436124 0.24551494 0.10688077
v -0.32356847 0.23479190 0.11307308
v -0.32355281 0.23773036 0.10618846
v -0.33286365 0.22984193 0.10548846
v -0.28374317 0.26712252 0.10862308
v -0.26663353 0.26830323 0.12920769
v -0.26662871 0.27689169 0.10935385
v -0.23818293 0.27980314 0.13474615
v -0.23817690 0.29014544 0.11031538
v -0.24462028 0.28759546 0.11013077
v -0.26439738 0.27816861 0.10945000
v -0.22566967 0.29508770 0.11066538
v -0.20643474 0.28939149 0.13936538
v -0.22738052 0.29798002 0.10077692
v -0.23807328 0.30778774 0.04171154
v -0.23482509 0.30603773 0.05960769
v -0.20643473 0.31527609 0.06140000
v -0.23446967 0.30584926 0.06156154
v -0.20643473 0.32053763 0.02058077
v -0.24288533 0.30851467 0.01004615
v -0.24200581 0.30853775 0.01759615
v -0.24167810 0.30851467 0.01980769
v -0.23818292 0.30991850 -0.01989615
v -0.24258292 0.30853006 -0.01296538
v -0.24317690 0.30849160 -0.00638462
v -0.24338292 0.30847621 -0.00094615
v -0.24338774 0.30847237 0.00000000
v -0.24326846 0.30848775 0.00476923
v -0.23818292 0.30775697 -0.04101923
v -0.23912509 0.30812235 -0.03573462
v -0.24124316 0.30849928 -0.02287692
v -0.24165762 0.30851082 -0.01980769
v -0.23656364 0.30712619 -0.05010000
v -0.20643473 0.32053763 -0.02057692
v -0.23482870 0.30589157 -0.05958462
v -0.22769979 0.29829925 -0.09904615
v -0.22884798 0.30011463 -0.09248077
v -0.20643473 0.31527609 -0.06140000
v -0.23248533 0.30423003 -0.07238846
v -0.22689016 0.29464540 -0.11063077
v -0.22566967 0.29508770 -0.11066538
v -0.20643474 0.28939149 -0.13936154
v -0.26663353 0.26830323 -0.12920769
v -0.29590462 0.25296872 -0.12182308
v -0.29199016 0.26181870 -0.10820769
v -0.27176244 0.27418786 -0.10915385
v -0.26662509 0.27679554 -0.10934615
v -0.23818293 0.27980314 -0.13474615
v -0.25057931 0.28494164 -0.10994231
v -0.23817329 0.29002621 -0.11030385
v -0.32356847 0.23479190 -0.11306923
v -0.31153233 0.24773416 -0.10706538
v -0.29589497 0.25900718 -0.10798077
v -0.34692269 0.21646121 -0.10418462
v -0.33061305 0.23185731 -0.10567308
v -0.32355281 0.23773036 -0.10618846
v -0.39853957 0.15820757 -0.09707308
v -0.39773475 0.15923064 -0.09722308
v -0.39853957 0.15556141 -0.10126154
v -0.37867210 0.17449595 -0.11358846
v -0.39853957 0.15255372 -0.10528846
v -0.37973956 0.18117288 -0.10021154
v -0.37866968 0.18239210 -0.10036154
v -0.35081065 0.19836508 -0.12912308
v -0.36801667 0.19452283 -0.10182692
v -0.35080703 0.21264200 -0.10379615
v -0.33286369 0.10548431 -0.22984231
v -0.35081068 0.10380744 -0.21268846
v -0.35081068 0.10947667 -0.20984615
v -0.35119501 0.10376898 -0.21232308
v -0.36715887 0.10192288 -0.19543077
v -0.30273960 0.10761113 -0.25434231
v -0.26662876 0.10935333 -0.27689231
v -0.26663357 0.13773793 -0.26402692
v -0.26439744 0.10944947 -0.27816923
v -0.23818297 0.14364552 -0.27534231
v -0.24462033 0.11013018 -0.28760000
v -0.23817696 0.11031093 -0.29014615
v -0.22566973 0.11066089 -0.29508846
v -0.20643478 0.14856465 -0.28477692
v -0.22599262 0.10879550 -0.29563462
v -0.23446975 0.06156094 -0.30585000
v -0.23301553 0.06951478 -0.30453077
v -0.20643481 0.07147239 -0.31314615
v -0.23084564 0.08138015 -0.30256923
v -0.24088903 0.02514945 -0.30846538
v -0.24010831 0.02974175 -0.30827692
v -0.23818301 0.02981867 -0.30912308
v -0.23818300 0.04106866 -0.30781538
v -0.20643482 0.03084164 -0.31971538
v -0.23807337 0.04171097 -0.30778846
v -0.24338302 -0.00094668 -0.30847692
v -0.24338784 -0.00000053 -0.30847692
v -0.23818302 -0.00995439 -0.31040000
v -0.24317699 -0.00638514 -0.30849615
v -0.24326856 0.00476485 -0.30848846
v -0.24288542 0.01004177 -0.30851538
v -0.24200590 0.01759561 -0.30853846
v -0.20643483 -0.01029680 -0.32103462
v -0.23818303 -0.04101976 -0.30775769
v -0.23912520 -0.03573899 -0.30812308
v -0.24124326 -0.02287745 -0.30850000
v -0.24258302 -0.01296976 -0.30853077
v -0.24286133 -0.00989668 -0.30851538
v -0.22942762 -0.08927745 -0.30077308
v -0.23248545 -0.07238899 -0.30423077
v -0.20643485 -0.05126600 -0.31708077
v -0.23656376 -0.05010052 -0.30712692
v -0.23664207 -0.04966206 -0.30715769
v -0.23818306 -0.12571201 -0.28398077
v -0.23817341 -0.11030433 -0.29002308
v -0.22648546 -0.11064283 -0.29479615
v -0.20643487 -0.13001981 -0.29370769
v -0.22566980 -0.11066591 -0.29508846
v -0.22884811 -0.09248129 -0.30011538
v -0.20643486 -0.09139290 -0.30792308
v -0.26663365 -0.12054270 -0.27230769
v -0.29590473 -0.11365414 -0.25674231
v -0.29170955 -0.10822724 -0.26200385
v -0.27146377 -0.10916961 -0.27435385
v -0.26662522 -0.10935039 -0.27680385
v -0.25025654 -0.10995429 -0.28508846
v -0.32003244 -0.10644638 -0.24066154
v -0.31126617 -0.10708487 -0.24794615
v -0.29589389 -0.10798107 -0.25899615
v -0.33035653 -0.10569635 -0.23208462
v -0.32356859 -0.13509635 -0.22285000
v -0.34915412 -0.10398475 -0.21436923
v -0.35081075 -0.12270012 -0.20240385
v -0.35080592 -0.10379244 -0.21263462
v -0.39633242 -0.09744999 -0.16092692
v -0.38365652 -0.09962310 -0.17654615
v -0.37867219 -0.10793465 -0.17805000
v -0.37866254 -0.10032696 -0.18228077
v -0.36777459 -0.10185777 -0.19479231
v -0.39853966 -0.14875764 -0.11101923
v -0.37867220 -0.16686539 -0.12453462
v -0.39853967 -0.15260379 -0.10533846
v -0.38553365 -0.17429998 -0.09932308
v -0.39853967 -0.15821148 -0.09707308
v -0.33065657 -0.23181935 -0.10566923
v -0.26663370 -0.25947723 -0.14613462
v -0.28090719 -0.26865026 -0.10873077
v -0.29590477 -0.24464253 -0.13778077
v -0.29339393 -0.26088099 -0.10813462
v -0.29589755 -0.25906175 -0.10798846
v -0.26672888 -0.27693876 -0.10935769
v -0.27437948 -0.27270797 -0.10904231
v -0.26663370 -0.27603491 -0.11175385
v -0.23817708 -0.29011577 -0.11031154
v -0.24586865 -0.28705805 -0.11009231
v -0.26663370 -0.27698491 -0.10936154
v 0.49630120 -0.02473365 -0.01001154
v 0.49234577 -0.03848747 -0.01558077
v 0.49873132 -0.01146059 -0.00645000
v 0.49630121 -0.00086058 0.02666538
v 0.49234578 -0.00133365 0.04149615
v 0.49873132 -0.00210290 0.01298077
v 0.49630120 -0.02324903 -0.01309231
v 0.49234577 -0.03617978 -0.02037308
v 0.48662408 -0.05003360 -0.02817692
v 0.49873132 -0.01054136 -0.00786538
v 0.49630120 -0.00426058 0.02633846
v 0.49234578 -0.00662980 0.04098846
v 0.48662410 -0.00916824 0.05668077
v 0.49873132 -0.00374521 0.01260385
v 0.49630120 -0.02138750 -0.01595769
v 0.49234577 -0.03327594 -0.02483462
v 0.48662408 -0.04601822 -0.03434231
v 0.47874336 -0.05977203 -0.04460385
v 0.49873132 -0.00944905 -0.00914615
v 0.49630120 -0.00759520 0.02557692
v 0.49234578 -0.01181826 0.03980000
v 0.48662409 -0.01634131 0.05504231
v 0.47874337 -0.02122206 0.07149615
v 0.49873132 -0.00532597 0.01202308
v 0.49630120 -0.01916827 -0.01856154
v 0.49234577 -0.02982594 -0.02888462
v 0.48662409 -0.04124899 -0.03994231
v 0.47874336 -0.05357588 -0.05188077
v 0.46864095 -0.06643738 -0.06433846
v 0.49873132 -0.00820290 -0.01028077
v 0.49630120 -0.01080289 0.02439615
v 0.49234578 -0.01681056 0.03796538
v 0.48662409 -0.02324516 0.05250385
v 0.47874337 -0.03019128 0.06819615
v 0.46864096 -0.03743740 0.08456538
v 0.49873132 -0.00681828 0.01124231
v 0.49630120 -0.01663750 -0.02085769
v 0.49234578 -0.02588748 -0.03246154
v 0.48662409 -0.03580284 -0.04488846
v 0.47874336 -0.04650281 -0.05830769
v 0.46864095 -0.05766431 -0.07230385
v 0.45515782 -0.07006811 -0.08786154
v 0.49873132 -0.00681828 -0.01124231
v 0.49630120 -0.01383365 0.02281538
v 0.49234578 -0.02152594 0.03550385
v 0.48662409 -0.02976823 0.04910000
v 0.47874336 -0.03866435 0.06377692
v 0.46864095 -0.04794508 0.07908462
v 0.45515782 -0.05826042 0.09610000
v 0.49630120 -0.01383365 -0.02281538
v 0.49234578 -0.02152594 -0.03550385
v 0.48662409 -0.02976823 -0.04910000
v 0.47874336 -0.03866435 -0.06377692
v 0.46864095 -0.04794508 -0.07908462
v 0.45515782 -0.05826042 -0.09610000
v 0.43813613 -0.06925651 -0.11424231
v 0.49873132 -0.00532597 -0.01202308
v 0.49630120 -0.01080289 -0.02439615
v 0.49234578 -0.01681056 -0.03796538
v 0.48662409 -0.02324516 -0.05250385
v 0.47874337 -0.03019128 -0.06819615
v 0.46864096 -0.03743740 -0.08456538
v 0.45515782 -0.04549120 -0.10275769
v 0.43813614 -0.05407960 -0.12216154
v 0.41707590 -0.06317183 -0.14270000
v 0.49873132 -0.00374521 -0.01260385
v 0.43813612 -0.11640649 -0.06555769
v 0.41707587 -0.13597948 -0.07658077
v 0.41707588 -0.12506795 -0.09333846
v 0.49630120 -0.00759520 -0.02557692
v 0.49234578 -0.01181826 -0.03980000
v 0.48662409 -0.01634131 -0.05504231
v 0.47874337 -0.02122206 -0.07149615
v 0.46864096 -0.02631817 -0.08866154
v 0.45515783 -0.03197582 -0.10773077
v 0.43813614 -0.03801422 -0.12807308
v 0.41707590 -0.04440646 -0.14960385
v 0.39790121 -0.04951793 -0.16682692
v 0.49873132 -0.00210290 -0.01298077
v 0.39790118 -0.13946404 -0.10408462
v 0.39790118 -0.12501020 -0.12106154
v 0.49630120 -0.00426058 -0.02633846
v 0.49234578 -0.00662980 -0.04098462
v 0.48662410 -0.00916824 -0.05668077
v 0.47874337 -0.01190668 -0.07362308
v 0.46864096 -0.01476433 -0.09129615
v 0.45515783 -0.01793737 -0.11093462
v 0.43813615 -0.02132577 -0.13188077
v 0.41707591 -0.02491032 -0.15405385
v 0.39790121 -0.02777564 -0.17179231
v 0.36839158 -0.03166785 -0.19585385
v 0.49873133 -0.00042598 -0.01314231
v 0.36839154 -0.14252163 -0.13801923
v 0.36839155 -0.12369857 -0.15511154
v 0.49630121 -0.00086058 -0.02666538
v 0.49234578 -0.00133365 -0.04149615
v 0.48662410 -0.00184517 -0.05738462
v 0.47874338 -0.00239130 -0.07454231
v 0.46864097 -0.00296819 -0.09243462
v 0.45515784 -0.00360661 -0.11231923
v 0.43813615 -0.00428732 -0.13352308
v 0.41707592 -0.00500648 -0.15597308
v 0.39790122 -0.00558334 -0.17393077
v 0.36839158 -0.00636402 -0.19829231
v 0.33423617 -0.00714853 -0.22284231
v 0.49873133 0.00125864 -0.01308846
v 0.33423613 -0.13901383 -0.17431538
v 0.33423613 -0.11558308 -0.19066154
v 0.49630121 0.00255864 -0.02655769
v 0.49234579 0.00398173 -0.04132692
v 0.48662410 0.00550867 -0.05715385
v 0.47874338 0.00715870 -0.07423462
v 0.46864097 0.00887796 -0.09205385
v 0.45515784 0.01078569 -0.11185769
v 0.43813616 0.01282421 -0.13297692
v 0.41707592 0.01498197 -0.15533462
v 0.39790123 0.01670510 -0.17321538
v 0.36839159 0.01904750 -0.19747692
v 0.33423618 0.02140530 -0.22192692
v 0.29518076 0.02375543 -0.24628846
v 0.49873133 0.00292402 -0.01281923
v 0.49630121 0.00593172 -0.02601154
v 0.49234579 0.00923558 -0.04047692
v 0.48662410 0.01277021 -0.05597692
v 0.47874338 0.01658946 -0.07270769
v 0.46864098 0.02057411 -0.09016538
v 0.45515785 0.02500107 -0.10956154
v 0.43813616 0.02972420 -0.13024231
v 0.41707593 0.03472426 -0.15214231
v 0.39790123 0.03872048 -0.16965769
v 0.36839160 0.04414364 -0.19341923
v 0.33423619 0.04960913 -0.21736923
v 0.29518077 0.05505541 -0.24123077
v 0.25165668 0.06032478 -0.26430000
v 0.49873133 0.00453556 -0.01233846
v 0.49630121 0.00921249 -0.02503846
v 0.49234579 0.01433557 -0.03896538
v 0.48662410 0.01982405 -0.05388462
v 0.47874338 0.02575484 -0.06998846
v 0.46864098 0.03193564 -0.08679231
v 0.45515785 0.03880875 -0.10546154
v 0.43813617 0.04613573 -0.12537308
v 0.41707593 0.05389348 -0.14645000
v 0.39790124 0.06009739 -0.16331154
v 0.36839161 0.06851671 -0.18618846
v 0.33423619 0.07699758 -0.20923846
v 0.29518078 0.08545155 -0.23220769
v 0.25165669 0.09362476 -0.25441923
v 0.20282899 0.10147491 -0.27574231
v 0.49873133 0.00607787 -0.01165769
v 0.49630121 0.01233556 -0.02365385
v 0.49234579 0.01920096 -0.03680769
v 0.48662411 0.02655482 -0.05090385
v 0.47874339 0.03449330 -0.06611923
v 0.46864098 0.04277409 -0.08199231
v 0.45515785 0.05197413 -0.09963462
v 0.43813617 0.06178957 -0.11844615
v 0.41707594 0.07217809 -0.13835769
v 0.39790125 0.08048584 -0.15428846
v 0.36839162 0.09176285 -0.17589615
v 0.33423620 0.10312449 -0.19767308
v 0.29518079 0.11444384 -0.21937308
v 0.25165670 0.12539012 -0.24035769
v 0.20282900 0.13590181 -0.26050385
v 0.15368323 0.14475196 -0.27746923
v 0.49873133 0.00752017 -0.01078462
v 0.49630121 0.01525864 -0.02188077
v 0.49234579 0.02375095 -0.03405000
v 0.48662411 0.03284327 -0.04709231
v 0.47874339 0.04266252 -0.06116538
v 0.46864099 0.05290486 -0.07585000
v 0.45515786 0.06428951 -0.09216923
v 0.43813618 0.07642802 -0.10956923
v 0.41707594 0.08927808 -0.12799231
v 0.39790125 0.09955506 -0.14272692
v 0.36839162 0.11350130 -0.16271538
v 0.33423621 0.12755524 -0.18286154
v 0.29518080 0.14155536 -0.20293462
v 0.25165671 0.15509780 -0.22235000
v 0.20282901 0.16809795 -0.24098462
v 0.15368324 0.17904810 -0.25668077
v 0.10459892 0.18784440 -0.26928846
v 0.49873133 0.00883556 -0.00973462
v 0.49630121 0.01793171 -0.01975000
v 0.49234579 0.02790864 -0.03073462
v 0.48662411 0.03859712 -0.04250385
v 0.47874339 0.05013560 -0.05520769
v 0.46864099 0.06217408 -0.06846154
v 0.45515786 0.07554720 -0.08319231
v 0.43813618 0.08981263 -0.09889615
v 0.41707595 0.10491268 -0.11552308
v 0.39790126 0.11698966 -0.12882308
v 0.36839163 0.13337821 -0.14686538
v 0.33423622 0.14988985 -0.16505000
v 0.29518081 0.16634765 -0.18316923
v 0.25165672 0.18225932 -0.20068846
v 0.20282902 0.19753255 -0.21750769
v 0.15368325 0.21040193 -0.23167692
v 0.10459893 0.22073669 -0.24305769
v 0.05807243 0.22794838 -0.25100000
v 0.49873133 0.01000863 -0.00852308
v 0.49630121 0.02031248 -0.01729231
v 0.49234579 0.03160864 -0.02691154
v 0.48662411 0.04371634 -0.03721923
v 0.47874339 0.05678559 -0.04834615
v 0.46864099 0.07041639 -0.05995000
v 0.45515787 0.08556642 -0.07284615
v 0.43813619 0.10172031 -0.08660000
v 0.41707595 0.11882421 -0.10115769
v 0.39790126 0.13250504 -0.11280385
v 0.36839163 0.15106281 -0.12860385
v 0.33423622 0.16976676 -0.14452692
v 0.29518081 0.18840533 -0.16039231
v 0.25165673 0.20642469 -0.17573462
v 0.20282903 0.22372868 -0.19046154
v 0.15368326 0.23830191 -0.20286923
v 0.10459894 0.25000591 -0.21283462
v 0.05807244 0.25817528 -0.21978846
v 0.01655678 0.26247926 -0.22345385
v 0.49873133 0.01101632 -0.00717308
v 0.49630121 0.02235479 -0.01455385
v 0.49234580 0.03478941 -0.02265000
v 0.48662411 0.04811634 -0.03132308
v 0.47874340 0.06250097 -0.04068462
v 0.46864099 0.07750484 -0.05045000
v 0.45515787 0.09417795 -0.06130769
v 0.43813619 0.11196261 -0.07288077
v 0.41707596 0.13078575 -0.08513077
v 0.39790127 0.14584349 -0.09493462
v 0.36839164 0.16627050 -0.10823077
v 0.33423623 0.18685521 -0.12163077
v 0.29518082 0.20736686 -0.13498077
v 0.25165674 0.22720160 -0.14789231
v 0.20282904 0.24624790 -0.16028846
v 0.15368327 0.26228651 -0.17073077
v 0.10459894 0.27516743 -0.17911538
v 0.05807245 0.28415988 -0.18496923
v 0.01655679 0.28889847 -0.18805385
v -0.01934802 0.29010628 -0.18883846
v 0.49873133 0.01184325 -0.00570385
v 0.49630121 0.02403555 -0.01157692
v 0.49234580 0.03740094 -0.01801154
v 0.48662411 0.05172788 -0.02491154
v 0.47874340 0.06718943 -0.03235769
v 0.46864099 0.08332022 -0.04012692
v 0.45515787 0.10124718 -0.04875769
v 0.43813619 0.12035876 -0.05796538
v 0.41707596 0.14059728 -0.06770769
v 0.39790127 0.15678195 -0.07550385
v 0.36839164 0.17874357 -0.08608077
v 0.33423623 0.20087443 -0.09673846
v 0.29518082 0.22292839 -0.10735769
v 0.25165674 0.24424775 -0.11762692
v 0.20282905 0.26472097 -0.12748462
v 0.15368328 0.28196727 -0.13578846
v 0.10459895 0.29581357 -0.14245769
v 0.05807245 0.30548295 -0.14711154
v 0.01655680 0.31057538 -0.14956538
v -0.01934801 0.31186780 -0.15018846
v -0.06092753 0.31016025 -0.14936923
v 0.49873133 0.01247402 -0.00414231
v -0.01934806 0.16010635 -0.30690000
v -0.06092757 0.15922956 -0.30521923
v -0.06092756 0.19695262 -0.28234615
v 0.49630121 0.02531632 -0.00840769
v 0.49234580 0.03939710 -0.01308077
v 0.48662412 0.05448941 -0.01809231
v 0.47874340 0.07077789 -0.02350000
v 0.46864100 0.08776638 -0.02914231
v 0.45515787 0.10664718 -0.03541154
v 0.43813619 0.12678568 -0.04209615
v 0.41707596 0.14810112 -0.04917308
v 0.39790127 0.16515117 -0.05483462
v 0.36839165 0.18828587 -0.06251538
v 0.33423624 0.21159750 -0.07025769
v 0.29518083 0.23482454 -0.07796923
v 0.25165675 0.25728620 -0.08542692
v 0.20282905 0.27885173 -0.09258462
v 0.15368328 0.29701341 -0.09861538
v 0.10459895 0.31160202 -0.10346154
v 0.05807246 0.32178678 -0.10683846
v 0.01655680 0.32715230 -0.10861923
v -0.01934801 0.32851395 -0.10907308
v -0.06092752 0.32671408 -0.10847692
v -0.12200824 0.32045274 -0.10639615
v 0.49873133 0.01290094 -0.00251154
v -0.12200828 0.19317589 -0.27693462
v -0.12200827 0.22700280 -0.24996154
v 0.49630121 0.02618555 -0.00510000
v 0.49234580 0.04075094 -0.00793462
v 0.48662412 0.05635480 -0.01097308
v 0.47874340 0.07320097 -0.01425385
v 0.46864100 0.09077407 -0.01767692
v 0.45515787 0.11030102 -0.02148077
v 0.43813620 0.13112414 -0.02553846
v 0.41707596 0.15317420 -0.02983077
v 0.39790127 0.17080886 -0.03326538
v 0.36839165 0.19473202 -0.03792692
v 0.33423624 0.21884365 -0.04261923
v 0.29518083 0.24286684 -0.04730000
v 0.25165675 0.26609774 -0.05182308
v 0.20282905 0.28840172 -0.05616538
v 0.15368328 0.30718649 -0.05982692
v 0.10459896 0.32227510 -0.06276154
v 0.05807246 0.33280601 -0.06481538
v 0.01655681 0.33835614 -0.06589231
v -0.01934800 0.33976779 -0.06616923
v -0.06092752 0.33790638 -0.06580769
v -0.12200823 0.33142581 -0.06454615
v -0.16927931 0.32396058 -0.06309231
v 0.49873133 0.01311632 -0.00084231
v -0.16927934 0.22189141 -0.24432692
v -0.16927933 0.25131063 -0.21394615
v 0.49630121 0.02662017 -0.00170769
v 0.49234580 0.04143171 -0.00266154
v 0.48662412 0.05729711 -0.00367692
v 0.47874340 0.07442020 -0.00477692
v 0.46864100 0.09228945 -0.00592308
v 0.45515787 0.11214333 -0.00720000
v 0.43813620 0.13331645 -0.00855769
v 0.41707597 0.15573189 -0.01000000
v 0.39790128 0.17365886 -0.01115000
v 0.36839165 0.19798586 -0.01271154
v 0.33423624 0.22249750 -0.01428462
v 0.29518083 0.24692068 -0.01585385
v 0.25165675 0.27054004 -0.01736923
v 0.20282905 0.29321711 -0.01882308
v 0.15368328 0.31231725 -0.02005000
v 0.10459896 0.32765586 -0.02103846
v 0.05807246 0.33836370 -0.02172308
v 0.01655681 0.34400229 -0.02208462
v -0.01934800 0.34543702 -0.02217692
v -0.06092752 0.34354869 -0.02205769
v -0.12200823 0.33696043 -0.02163077
v -0.16927931 0.32936827 -0.02114615
v -0.16927952 -0.32733904 -0.04220385
v -0.16927951 -0.31925443 -0.08371923
v -0.12200844 -0.33488534 -0.04317692
v -0.12200844 -0.32661612 -0.08564615
v -0.06092773 -0.34143169 -0.04401923
v -0.06092773 -0.33300092 -0.08732308
v -0.01934822 -0.34331259 -0.04426538
v -0.01934822 -0.33483567 -0.08780385
v 0.01655660 -0.34188578 -0.04408077
v 0.01655660 -0.33344348 -0.08743846
v 0.05807225 -0.33628207 -0.04335769
v 0.05807226 -0.32797438 -0.08600385
v 0.10459876 -0.32563992 -0.04198462
v 0.10459876 -0.31759761 -0.08328077
v 0.15368309 -0.31039393 -0.04001923
v 0.15368309 -0.30272855 -0.07938077
v 0.20282887 -0.29141333 -0.03757308
v 0.20282887 -0.28421718 -0.07453077
v 0.25165658 -0.26887888 -0.03466923
v 0.25165658 -0.26223658 -0.06876538
v 0.29518068 -0.24540596 -0.03164231
v 0.29518068 -0.23934442 -0.06276154
v 0.33423610 -0.22112917 -0.02851154
v 0.33423610 -0.21566764 -0.05655385
v 0.36839153 -0.19677160 -0.02536923
v 0.36839153 -0.19191007 -0.05032308
v 0.39790117 -0.17259479 -0.02225385
v 0.39790117 -0.16833325 -0.04413846
v 0.41707587 -0.15477563 -0.01995385
v 0.41707587 -0.15095640 -0.03958462
v 0.43813611 -0.13249878 -0.01708077
v 0.43813611 -0.12922956 -0.03388462
v 0.45515780 -0.11145654 -0.01436923
v 0.45515780 -0.10870654 -0.02850385
v 0.46864094 -0.09172583 -0.01182692
v 0.46864094 -0.08946045 -0.02345769
v 0.47874335 -0.07397202 -0.00953846
v -0.16927951 -0.30593136 -0.12385769
v -0.12200843 -0.31298151 -0.12671154
v -0.06092772 -0.31909708 -0.12918846
v -0.01934821 -0.32085491 -0.12990000
v 0.01655660 -0.31952425 -0.12935769
v 0.05807226 -0.31428593 -0.12723846
v 0.10459876 -0.30433993 -0.12321154
v 0.15368310 -0.29009009 -0.11744231
v 0.20282888 -0.27235180 -0.11026154
v 0.25165659 -0.25129043 -0.10173462
v 0.29518068 -0.22935212 -0.09285385
v 0.33423611 -0.20666764 -0.08366923
v 0.36839153 -0.18389853 -0.07445000
v 0.39790117 -0.16130633 -0.06530385
v 0.41707587 -0.14465256 -0.05856154
v 0.43813612 -0.12383340 -0.05013462
v 0.45515781 -0.10416809 -0.04216923
v -0.16927946 -0.13360069 -0.30180000
v -0.16927944 -0.09390841 -0.31640769
v -0.12200838 -0.13668161 -0.30875769
v -0.12200837 -0.09607394 -0.32370000
v -0.06092767 -0.13935103 -0.31479231
v -0.06092765 -0.09795106 -0.33002692
v -0.01934816 -0.14012040 -0.31652308
v -0.01934814 -0.09849350 -0.33184615
v 0.01655666 -0.13953590 -0.31521154
v 0.01655667 -0.09808207 -0.33046538
v 0.05807232 -0.13724757 -0.31004231
v 0.05807233 -0.09647452 -0.32504615
v 0.10459882 -0.13290541 -0.30023077
v 0.10459883 -0.09342082 -0.31476154
v 0.15368315 -0.12668250 -0.28617308
v 0.15368316 -0.08904790 -0.30002692
v 0.20282892 -0.11893650 -0.26867692
v 0.20282894 -0.08360191 -0.28167692
v 0.25165663 -0.10974051 -0.24789615
v 0.25165664 -0.07714053 -0.25989231
v 0.29518072 -0.10015989 -0.22625385
v -0.16927943 -0.05267766 -0.32581923
v -0.12200835 -0.05389320 -0.33332692
v -0.06092764 -0.05494339 -0.33984231
v -0.01934813 -0.05524737 -0.34171538
v 0.01655668 -0.05501671 -0.34029615
v 0.05807234 -0.05411685 -0.33471538
v 0.10459884 -0.05240546 -0.32412308
v 0.15368317 -0.04995177 -0.30895000
v 0.20282895 -0.04689808 -0.29005385
v -0.16927942 -0.01058153 -0.32987692
v -0.12200834 -0.01082399 -0.33748077
v -0.06092763 -0.01103572 -0.34407692
v -0.01934811 -0.01109739 -0.34597308
v 0.01655670 -0.01105135 -0.34453462
v 0.05807235 -0.01087072 -0.33888846
v 0.10459885 -0.01052471 -0.32816154
v 0.15368318 -0.01003256 -0.31280000
v -0.16927940 0.03169152 -0.32852308
v -0.16927939 0.07344150 -0.32177308
v -0.12200833 0.03242214 -0.33609615
v -0.12200831 0.07513365 -0.32918846
v -0.06092761 0.03305656 -0.34266538
v -0.06092760 0.07660269 -0.33562692
v -0.01934810 0.03323720 -0.34455385
v -0.01934809 0.07702563 -0.33747308
v 0.01655671 0.03309862 -0.34311923
v 0.01655673 0.07670244 -0.33606923
v 0.05807237 0.03255618 -0.33749231
v 0.05807238 0.07544462 -0.33056154
v 0.10459887 0.03152526 -0.32681538
v -0.22738058 0.10077244 -0.29798077
v -0.20643479 0.11093006 -0.30143462
v -0.16927938 0.11398378 -0.30973846
v -0.12200830 0.11661055 -0.31688077
v -0.06092759 0.11889113 -0.32307308
v -0.01934807 0.11954484 -0.32485385
v 0.01655674 0.11905242 -0.32350385
v -0.16927937 0.15266068 -0.29261923
v -0.12200829 0.15617591 -0.29936538
v -0.20643475 0.24457229 -0.20821154
v -0.20643474 0.26919150 -0.17522308
v 0.49873132 -0.01272212 0.00333462
v 0.49873132 -0.01304520 0.00168077
v 0.49630120 -0.02646442 0.00341154
v 0.49630120 -0.02668365 0.00000000
v 0.49234577 -0.04152209 0.00000000
v 0.49234577 -0.04118363 -0.00530769
v 0.48662408 -0.05694898 -0.00734231
v 0.48662408 -0.05554129 -0.01456154
v 0.47874335 -0.07214510 -0.01891538
v 0.47874336 -0.06913357 -0.02798846
v 0.46864094 -0.08572583 -0.03470385
v 0.46864094 -0.08058353 -0.04538462
v 0.45515781 -0.09792194 -0.05514231
v 0.45515781 -0.09006425 -0.06721538
v 0.43813612 -0.10706803 -0.07990385
v 0.43813612 -0.09596804 -0.09293846
v 0.41707588 -0.11210642 -0.10856538
v 0.41707589 -0.09730258 -0.12200769
v 0.39790119 -0.10850252 -0.13605385
v 0.39790119 -0.09021407 -0.14881154
v 0.36839155 -0.10284858 -0.16965769
v 0.36839156 -0.08031013 -0.18141538
v 0.33423614 -0.09025232 -0.20387692
v 0.33423615 -0.06344080 -0.21374231
v 0.29518073 -0.07040221 -0.23720769
v 0.29518074 -0.03949454 -0.24426154
v 0.25165665 -0.04327132 -0.26762308
v 0.25165666 -0.00869057 -0.27095769
v 0.20282896 -0.00942118 -0.29366923
v 0.20282897 0.02820957 -0.29246538
v 0.15368320 0.03004818 -0.31151538
v 0.15368321 0.06963662 -0.30511538
v 0.10459888 0.07305985 -0.32010000
v 0.10459889 0.11339060 -0.30813077
v 0.05807240 0.11709844 -0.31819615
v 0.05807241 0.15682534 -0.30061154
v 0.01655675 0.15944085 -0.30562308
v 0.01655676 0.19721391 -0.28272308
v -0.01934805 0.19803710 -0.28390385
v -0.01934804 0.23271785 -0.25624615
v -0.06092755 0.23144106 -0.25484615
v -0.06092754 0.26212950 -0.22315769
v -0.12200826 0.25710278 -0.21887692
v -0.12200825 0.28298353 -0.18420385
v -0.16927933 0.27660677 -0.18005385
v -0.16927932 0.29736060 -0.14320385
v -0.20643473 0.30483379 -0.10121154
v -0.16927932 0.31322982 -0.10400000
v -0.12200824 0.30421429 -0.14650385
v -0.06092753 0.28851410 -0.18780385
v -0.01934803 0.26357168 -0.22438462
v 0.01655677 0.23174851 -0.25518462
v 0.05807242 0.19397916 -0.27808846
v 0.10459890 0.15186365 -0.29110000
v 0.15368322 0.10808275 -0.29370385
v 0.20282898 0.06537878 -0.28645769
v 0.25165667 0.02602864 -0.26984615
v 0.29518075 -0.00793302 -0.24730385
v 0.33423616 -0.03558697 -0.22010000
v 0.36839157 -0.05645245 -0.19019615
v 0.39790120 -0.07044485 -0.15912692
v 0.41707589 -0.08090259 -0.13345000
v 0.43813613 -0.08329881 -0.10445000
v 0.45515781 -0.08072964 -0.07818077
v 0.46864095 -0.07412199 -0.05531538
v 0.47874336 -0.06498741 -0.03659615
v 0.48662408 -0.05322591 -0.02154615
v 0.49234577 -0.04016440 -0.01053077
v 0.49630120 -0.02646442 -0.00341154
v 0.49873132 -0.01315289 0.00000000
v 0.49873133 0.01290094 0.00251538
v 0.49873133 0.01311632 0.00084231
v 0.49630121 0.02618555 0.00510000
v 0.49630121 0.02662017 0.00170769
v 0.49234580 0.04075094 0.00793846
v 0.49234580 0.04143171 0.00266154
v 0.48662412 0.05635480 0.01097692
v 0.48662412 0.05729711 0.00367692
v 0.47874340 0.07320097 0.01425769
v 0.47874340 0.07442020 0.00478077
v 0.46864100 0.09077407 0.01768077
v 0.46864100 0.09228945 0.00592692
v 0.45515787 0.11030102 0.02148077
v 0.45515787 0.11214333 0.00720000
v 0.43813620 0.13112414 0.02553846
v 0.43813620 0.13331645 0.00855769
v 0.41707596 0.15317420 0.02983077
v 0.41707597 0.15573189 0.01000000
v 0.39790127 0.17080886 0.03326538
v 0.39790128 0.17365886 0.01115000
v 0.36839165 0.19473202 0.03792692
v 0.36839165 0.19798586 0.01271154
v 0.33423624 0.21884365 0.04262308
v 0.33423624 0.22249750 0.01428462
v 0.29518083 0.24286684 0.04730000
v 0.29518083 0.24692068 0.01585385
v 0.25165675 0.26609774 0.05182308
v 0.25165675 0.27054004 0.01736923
v 0.20282905 0.28840172 0.05616923
v 0.20282905 0.29321711 0.01882692
v 0.15368328 0.30718649 0.05982692
v 0.15368328 0.31231725 0.02005000
v 0.10459896 0.32227510 0.06276538
v 0.10459896 0.32765586 0.02103846
v 0.05807246 0.33280601 0.06481538
v 0.05807246 0.33836370 0.02172692
v 0.01655681 0.33835614 0.06589615
v 0.01655681 0.34400229 0.02208846
v -0.01934800 0.33976779 0.06616923
v -0.01934800 0.34543702 0.02218077
v -0.06092752 0.33790638 0.06580769
v -0.06092752 0.34354869 0.02205769
v -0.12200823 0.33142581 0.06454615
v -0.12200823 0.33696043 0.02163462
v -0.16927931 0.32396058 0.06309231
v -0.16927931 0.32936827 0.02114615
v -0.16927932 0.31322982 0.10400385
v -0.12200824 0.32045274 0.10640000
v -0.06092752 0.32671408 0.10847692
v -0.01934801 0.32851395 0.10907692
v 0.01655680 0.32715230 0.10862308
v 0.05807246 0.32178678 0.10684231
v 0.10459895 0.31160202 0.10346154
v 0.15368328 0.29701341 0.09861923
v 0.20282905 0.27885173 0.09258462
v 0.25165675 0.25728620 0.08542692
v 0.29518083 0.23482454 0.07796923
v 0.33423624 0.21159750 0.07025769
v 0.36839165 0.18828587 0.06251538
v 0.39790127 0.16515117 0.05483462
v 0.41707596 0.14810112 0.04917692
v 0.43813619 0.12678568 0.04209615
v 0.45515787 0.10664718 0.03541154
v 0.46864100 0.08776638 0.02914231
v 0.47874340 0.07077789 0.02350000
v 0.48662412 0.05448941 0.01809231
v 0.49234580 0.03939710 0.01308077
v 0.49630121 0.02531632 0.00840769
v -0.16927932 0.29736060 0.14320385
v -0.12200824 0.30421429 0.14650385
v -0.06092753 0.31016025 0.14936923
v -0.01934801 0.31186780 0.15018846
v 0.01655680 0.31057538 0.14956538
v 0.05807245 0.30548295 0.14711538
v 0.10459895 0.29581357 0.14245769
v 0.15368328 0.28196727 0.13578846
v 0.20282905 0.26472097 0.12748462
v 0.25165674 0.24424775 0.11762692
v 0.29518082 0.22292839 0.10735769
v 0.33423623 0.20087443 0.09673846
v 0.36839164 0.17874357 0.08608077
v 0.39790127 0.15678195 0.07550385
v 0.41707596 0.14059728 0.06771154
v 0.43813619 0.12035876 0.05796538
v 0.45515787 0.10124718 0.04876154
v 0.46864099 0.08332022 0.04012692
v 0.47874340 0.06718943 0.03236154
v 0.48662411 0.05172788 0.02491538
v 0.49234580 0.03740094 0.01801538
v 0.49873133 0.00453556 0.01233846
v 0.49873133 0.00607787 0.01165769
v 0.49630121 0.00921249 0.02503846
v 0.49630121 0.01233556 0.02365385
v 0.49234579 0.01433557 0.03896538
v 0.49234579 0.01920096 0.03681154
v 0.48662410 0.01982405 0.05388462
v 0.48662411 0.02655482 0.05090769
v 0.47874338 0.02575484 0.06999231
v 0.47874339 0.03449330 0.06612308
v 0.46864098 0.03193564 0.08679231
v 0.46864098 0.04277409 0.08199615
v 0.45515785 0.03880875 0.10546154
v 0.45515785 0.05197413 0.09963462
v 0.43813617 0.04613573 0.12537692
v 0.43813617 0.06178957 0.11844615
v 0.41707593 0.05389348 0.14645385
v 0.41707594 0.07217809 0.13836154
v 0.39790124 0.06009739 0.16331538
v 0.39790125 0.08048584 0.15428846
v 0.36839161 0.06851671 0.18618846
v 0.36839162 0.09176285 0.17589615
v 0.33423619 0.07699758 0.20923846
v 0.33423620 0.10312449 0.19767692
v 0.29518078 0.08545155 0.23221154
v 0.29518079 0.11444384 0.21937308
v 0.25165669 0.09362476 0.25441923
v 0.25165670 0.12539012 0.24035769
v 0.20282899 0.10147491 0.27574231
v 0.20282900 0.13590181 0.26050385
v 0.15368322 0.10808275 0.29370385
v 0.15368323 0.14475196 0.27747308
v 0.10459889 0.11339060 0.30813077
v 0.10459890 0.15186365 0.29110000
v 0.05807240 0.11709844 0.31820000
v 0.05807241 0.15682534 0.30061154
v 0.01655674 0.11905242 0.32350385
v 0.01655675 0.15944085 0.30562308
v -0.01934807 0.11954484 0.32485385
v -0.01934806 0.16010635 0.30690000
v -0.06092759 0.11889113 0.32307308
v -0.06092757 0.15922956 0.30521923
v -0.12200830 0.11661055 0.31688077
v -0.12200829 0.15617591 0.29936538
v -0.16927938 0.11398378 0.30974231
v -0.16927937 0.15266068 0.29262308
v -0.20643479 0.11093006 0.30143462
v -0.22566973 0.11066089 0.29509231
v -0.16927939 0.07344150 0.32177308
v -0.12200831 0.07513365 0.32919231
v -0.06092760 0.07660269 0.33562692
v -0.01934809 0.07702563 0.33747308
v 0.01655673 0.07670244 0.33606923
v 0.05807238 0.07544462 0.33056154
v 0.10459888 0.07305985 0.32010000
v 0.15368321 0.06963662 0.30511538
v 0.20282898 0.06537878 0.28645769
v 0.25165668 0.06032478 0.26430385
v 0.29518077 0.05505541 0.24123077
v 0.33423619 0.04960913 0.21736923
v 0.36839160 0.04414364 0.19341923
v 0.39790123 0.03872048 0.16965769
v 0.41707593 0.03472426 0.15214231
v 0.43813616 0.02972420 0.13024615
v 0.45515785 0.02500107 0.10956154
v 0.46864098 0.02057411 0.09016538
v 0.47874338 0.01658946 0.07271154
v 0.48662410 0.01277021 0.05597692
v 0.49234579 0.00923558 0.04047692
v 0.49630121 0.00593172 0.02601154
v -0.16927940 0.03169152 0.32852308
v -0.12200833 0.03242214 0.33609615
v -0.06092761 0.03305656 0.34266538
v -0.01934810 0.03323720 0.34455385
v 0.01655671 0.03309862 0.34312308
v 0.05807237 0.03255618 0.33749615
v 0.10459887 0.03152526 0.32681538
v 0.15368320 0.03004818 0.31151538
v 0.20282897 0.02820957 0.29246538
v 0.25165667 0.02602864 0.26984615
v 0.29518076 0.02375543 0.24628846
v 0.33423618 0.02140530 0.22192692
v 0.36839159 0.01904750 0.19747692
v 0.39790123 0.01670510 0.17321538
v 0.41707592 0.01498197 0.15533462
v 0.43813616 0.01282421 0.13297692
v 0.45515784 0.01078569 0.11185769
v 0.46864097 0.00887796 0.09205769
v 0.47874338 0.00715870 0.07423462
v 0.48662410 0.00550867 0.05715385
v 0.49234579 0.00398173 0.04132692
v -0.16927942 -0.01058153 0.32988077
v -0.16927943 -0.05267766 0.32581923
v -0.12200834 -0.01082399 0.33748462
v -0.12200835 -0.05389320 0.33333077
v -0.06092763 -0.01103572 0.34408077
v -0.06092764 -0.05494339 0.33984615
v -0.01934811 -0.01109739 0.34597308
v -0.01934813 -0.05524737 0.34171538
v 0.01655670 -0.01105135 0.34453846
v 0.01655668 -0.05501671 0.34029615
v 0.05807235 -0.01087072 0.33888846
v 0.05807234 -0.05411685 0.33471538
v 0.10459885 -0.01052471 0.32816538
v 0.10459884 -0.05240546 0.32412308
v 0.15368318 -0.01003256 0.31280000
v 0.15368317 -0.04995177 0.30895000
v 0.20282896 -0.00942118 0.29367308
v 0.20282895 -0.04689808 0.29005769
v 0.25165666 -0.00869057 0.27096154
v 0.25165665 -0.04327132 0.26762308
v 0.29518075 -0.00793302 0.24730769
v 0.29518074 -0.03949454 0.24426154
v 0.33423617 -0.00714853 0.22284615
v 0.33423616 -0.03558697 0.22010000
v 0.36839158 -0.00636402 0.19829615
v 0.36839158 -0.03166785 0.19585385
v 0.39790122 -0.00558334 0.17393077
v 0.39790121 -0.02777564 0.17179231
v 0.41707592 -0.00500648 0.15597692
v 0.41707591 -0.02491032 0.15405385
v 0.43813615 -0.00428732 0.13352692
v 0.43813615 -0.02132577 0.13188077
v 0.45515784 -0.00360661 0.11231923
v 0.45515783 -0.01793737 0.11093846
v 0.46864097 -0.00296819 0.09243462
v 0.46864096 -0.01476433 0.09129615
v 0.47874338 -0.00239130 0.07454231
v 0.47874337 -0.01190668 0.07362308
v 0.48662410 -0.00184517 0.05738846
v -0.16927944 -0.09390841 0.31640769
v -0.12200837 -0.09607394 0.32370000
v -0.06092765 -0.09795106 0.33002692
v -0.01934814 -0.09849350 0.33184615
v 0.01655667 -0.09808207 0.33046538
v 0.05807233 -0.09647452 0.32505000
v 0.10459883 -0.09342082 0.31476154
v 0.15368316 -0.08904790 0.30002692
v 0.20282894 -0.08360191 0.28168077
v 0.25165664 -0.07714053 0.25989615
v 0.29518073 -0.07040221 0.23720769
v 0.33423615 -0.06344080 0.21374231
v 0.36839157 -0.05645245 0.19019615
v 0.39790121 -0.04951793 0.16682692
v 0.41707590 -0.04440646 0.14960385
v 0.43813614 -0.03801422 0.12807308
v 0.45515783 -0.03197582 0.10773462
v 0.46864096 -0.02631817 0.08866154
v -0.16927946 -0.13360069 0.30180000
v -0.12200838 -0.13668161 0.30875769
v -0.06092767 -0.13935103 0.31479231
v -0.01934816 -0.14012040 0.31652692
v 0.01655666 -0.13953590 0.31521154
v 0.05807232 -0.13724757 0.31004231
v 0.10459882 -0.13290541 0.30023077
v 0.15368315 -0.12668250 0.28617308
v 0.20282892 -0.11893650 0.26867692
v 0.25165663 -0.10974051 0.24789615
v 0.29518072 -0.10015989 0.22625769
v 0.33423614 -0.09025232 0.20387692
v 0.36839156 -0.08031013 0.18141538
v 0.39790120 -0.07044485 0.15912692
v 0.41707590 -0.06317183 0.14270000
v 0.43813614 -0.05407960 0.12216154
v 0.45515782 -0.04549120 0.10276154
v -0.22648552 -0.29479657 0.11064231
v -0.20643492 -0.29772740 0.12053462
v -0.16927951 -0.30593136 0.12385769
v -0.16927951 -0.31925443 0.08371923
v -0.12200843 -0.31298151 0.12671154
v -0.12200844 -0.32661612 0.08565000
v -0.06092772 -0.31909708 0.12918846
v -0.06092773 -0.33300092 0.08732308
v -0.01934821 -0.32085491 0.12990000
v -0.01934822 -0.33483567 0.08780385
v 0.01655660 -0.31952425 0.12936154
v 0.01655660 -0.33344348 0.08743846
v 0.05807226 -0.31428593 0.12723846
v 0.05807226 -0.32797438 0.08600385
v 0.10459876 -0.30433993 0.12321538
v 0.10459876 -0.31759761 0.08328462
v 0.15368310 -0.29009009 0.11744231
v 0.15368309 -0.30272855 0.07938462
v 0.20282888 -0.27235180 0.11026154
v 0.20282887 -0.28421718 0.07453077
v 0.25165659 -0.25129043 0.10173462
v 0.25165658 -0.26223658 0.06876538
v 0.29518068 -0.22935212 0.09285385
v 0.29518068 -0.23934442 0.06276154
v 0.33423611 -0.20666764 0.08366923
v 0.33423610 -0.21566764 0.05655385
v 0.36839153 -0.18389853 0.07445385
v 0.36839153 -0.19191007 0.05032308
v 0.39790117 -0.16130633 0.06530385
v 0.39790117 -0.16833325 0.04414231
v 0.41707587 -0.14465256 0.05856154
v 0.41707587 -0.15095640 0.03958462
v 0.43813612 -0.12383340 0.05013462
v 0.43813611 -0.12922956 0.03388846
v 0.45515781 -0.10416809 0.04217308
v 0.45515780 -0.10870654 0.02850769
v 0.46864094 -0.08572583 0.03470385
v 0.46864094 -0.08946045 0.02345769
v 0.47874336 -0.06913357 0.02798846
v 0.47874335 -0.07214510 0.01891538
v 0.48662408 -0.05322591 0.02154615
v 0.48662408 -0.05554129 0.01456538
v 0.49234577 -0.03848747 0.01558077
v 0.49234577 -0.04016440 0.01053077
v 0.49630120 -0.02473365 0.01001154
v 0.49630120 -0.02581057 0.00676923
v 0.49873132 -0.01219136 0.00493462
v -0.16927952 -0.32733904 0.04220769
v -0.12200844 -0.33488534 0.04317692
v -0.06092773 -0.34143169 0.04402308
v -0.01934822 -0.34331259 0.04426538
v 0.01655660 -0.34188578 0.04408077
v 0.05807225 -0.33628207 0.04335769
v 0.10459876 -0.32563992 0.04198462
v 0.15368309 -0.31039393 0.04002308
v 0.20282887 -0.29141333 0.03757308
v 0.25165658 -0.26887888 0.03466923
v 0.29518068 -0.24540596 0.03164231
v 0.33423610 -0.22112917 0.02851154
v 0.36839153 -0.19677160 0.02536923
v 0.39790117 -0.17259479 0.02225385
v 0.41707587 -0.15477563 0.01995385
v 0.43813611 -0.13249878 0.01708462
v 0.45515780 -0.11145654 0.01436923
v 0.46864094 -0.09172583 0.01182692
v 0.47874335 -0.07397202 0.00953846
v 0.48662408 -0.05694898 0.00734231
v 0.49234577 -0.04118363 0.00530769
v -0.20643493 -0.32120046 0.00000000
v -0.16927952 -0.33005058 0.00000000
v -0.12200844 -0.33765842 0.00000000
v -0.06092773 -0.34425861 0.00000000
v -0.01934822 -0.34615489 0.00000000
v 0.01655659 -0.34471655 0.00000000
v 0.05807225 -0.33906284 0.00000000
v 0.10459875 -0.32833607 0.00000000
v 0.15368309 -0.31296316 0.00000000
v 0.20282887 -0.29382486 0.00000000
v 0.25165658 -0.27110196 0.00000000
v 0.29518068 -0.24743672 0.00000000
v 0.33423610 -0.22295994 0.00000000
v 0.36839152 -0.19839852 0.00000000
v 0.39790117 -0.17402556 0.00000000
v 0.41707587 -0.15605640 0.00000000
v 0.43813611 -0.13359878 0.00000000
v 0.45515780 -0.11238347 0.00000000
v 0.46864094 -0.09248352 0.00000000
v 0.47874335 -0.07458356 0.00000000
v 0.48662408 -0.05742206 0.00000000
v -0.23818310 -0.27059655 -0.15239615
v -0.20643492 -0.27986972 -0.15761923
v -0.16927950 -0.28757753 -0.16196154
v -0.12200843 -0.29420844 -0.16569231
v -0.06092772 -0.29995863 -0.16893077
v -0.01934821 -0.30161261 -0.16986154
v 0.01655661 -0.30035888 -0.16915769
v 0.05807227 -0.29543209 -0.16638077
v 0.10459877 -0.28608609 -0.16111923
v 0.15368310 -0.27269395 -0.15357308
v 0.20282888 -0.25601719 -0.14418462
v 0.25165659 -0.23621736 -0.13303462
v 0.29518069 -0.21559443 -0.12141923
v 0.33423611 -0.19427149 -0.10941154
v 0.36839153 -0.17286777 -0.09735385
v 0.39790117 -0.15162941 -0.08539231
v -0.16927935 0.18882605 -0.27069615
v -0.20643477 0.18376078 -0.26343846
v -0.23818296 0.17767627 -0.25471154
v -0.26663356 0.17037252 -0.24424615
v -0.29590464 0.16063416 -0.23028462
v 0.49873132 -0.01146059 0.00645385
v 0.49630120 -0.02324903 0.01309231
v 0.49234577 -0.03617978 0.02037308
v 0.48662408 -0.05003360 0.02817692
v 0.47874336 -0.06498741 0.03660000
v 0.46864094 -0.08058353 0.04538462
v 0.45515781 -0.09792194 0.05514615
v 0.43813612 -0.11640649 0.06555769
v 0.41707587 -0.13597948 0.07658077
v 0.39790117 -0.15162941 0.08539615
v 0.36839153 -0.17286777 0.09735769
v 0.33423611 -0.19427149 0.10941154
v 0.29518069 -0.21559443 0.12141923
v 0.25165659 -0.23621736 0.13303462
v 0.20282888 -0.25601719 0.14418462
v 0.15368310 -0.27269395 0.15357692
v 0.10459877 -0.28608609 0.16111923
v 0.05807227 -0.29543209 0.16638462
v 0.01655661 -0.30035888 0.16915769
v -0.01934821 -0.30161261 0.16986154
v -0.06092772 -0.29995863 0.16893077
v -0.12200843 -0.29420844 0.16569231
v -0.16927950 -0.28757753 0.16196154
v -0.20643492 -0.27986972 0.15761923
v -0.23818310 -0.27059655 0.15239615
v 0.36839154 -0.15899855 -0.11866154
v 0.33423611 -0.17868304 -0.13335385
v 0.29518069 -0.19829829 -0.14799231
v 0.25165660 -0.21726737 -0.16214615
v 0.20282889 -0.23547490 -0.17573846
v 0.15368311 -0.25081319 -0.18718462
v 0.10459877 -0.26313226 -0.19638077
v 0.05807227 -0.27173211 -0.20279615
v 0.01655662 -0.27626274 -0.20617692
v -0.01934820 -0.27741263 -0.20703846
v -0.06092771 -0.27589326 -0.20590385
v -0.12200842 -0.27060461 -0.20195385
v -0.16927950 -0.26450831 -0.19740385
v -0.20643491 -0.25741589 -0.19211154
v -0.23818309 -0.24888887 -0.18575000
v -0.26663369 -0.23865801 -0.17811538
v -0.29590477 -0.22501947 -0.16793462
v -0.32356861 -0.20885016 -0.15586538
v -0.32355412 -0.10618868 -0.23773462
v -0.29590474 -0.14555028 -0.24010385
v -0.26663366 -0.15437729 -0.25465769
v -0.23818307 -0.16099276 -0.26557308
v -0.20643488 -0.16650825 -0.27466923
v -0.16927947 -0.17109682 -0.28223846
v -0.12200839 -0.17503928 -0.28874231
v -0.06092768 -0.17846255 -0.29438846
v -0.01934817 -0.17944345 -0.29600769
v 0.01655665 -0.17870126 -0.29478077
v 0.05807230 -0.17577062 -0.28994615
v 0.10459880 -0.17020924 -0.28076923
v 0.15368314 -0.16224017 -0.26762692
v 0.20282891 -0.15231725 -0.25125769
v 0.25165662 -0.14054049 -0.23182692
v 0.29518071 -0.12827141 -0.21158846
v -0.20643476 0.21594153 -0.23777692
v -0.23818295 0.20878779 -0.22990000
v -0.26663355 0.20020712 -0.22045000
v -0.29590464 0.18876491 -0.20785000
v -0.32356849 0.17519962 -0.19291538
v -0.26663366 -0.15437729 0.25465769
v -0.23818307 -0.16099276 0.26557308
v -0.20643488 -0.16650825 0.27467308
v -0.16927947 -0.17109682 0.28223846
v -0.12200839 -0.17503928 0.28874615
v -0.06092768 -0.17846255 0.29438846
v -0.01934817 -0.17944345 0.29601154
v 0.01655665 -0.17870126 0.29478077
v 0.05807230 -0.17577062 0.28994615
v 0.10459880 -0.17020924 0.28077308
v 0.15368314 -0.16224017 0.26762692
v 0.20282891 -0.15231725 0.25126154
v 0.25165662 -0.14054049 0.23183077
v 0.29518071 -0.12827141 0.21159231
v 0.33423613 -0.11558308 0.19066154
v 0.36839155 -0.10284858 0.16965769
v 0.39790119 -0.09021407 0.14881538
v 0.41707589 -0.08090259 0.13345000
v 0.43813613 -0.06925651 0.11424231
v 0.33423612 -0.16016767 -0.15510769
v 0.29518070 -0.17774830 -0.17213462
v 0.25165660 -0.19474815 -0.18860000
v 0.20282890 -0.21107107 -0.20440769
v 0.15368312 -0.22481705 -0.21771923
v 0.10459878 -0.23585920 -0.22841538
v 0.05807228 -0.24356674 -0.23588077
v 0.01655662 -0.24762814 -0.23981154
v -0.01934819 -0.24865880 -0.24081154
v -0.06092770 -0.24729713 -0.23949231
v -0.12200841 -0.24255463 -0.23490000
v -0.16927949 -0.23709294 -0.22960769
v -0.20643490 -0.23073513 -0.22345000
v -0.23818309 -0.22309273 -0.21605000
v -0.26663368 -0.21392341 -0.20716923
v -0.29590476 -0.20169640 -0.19533077
v -0.32356860 -0.18720401 -0.18129615
v -0.35081076 -0.17002701 -0.16466154
v -0.23818294 0.23647239 -0.20131154
v -0.26663354 0.22675326 -0.19303846
v -0.29590463 0.21379182 -0.18200769
v -0.32356848 0.19843038 -0.16893077
v -0.35081065 0.18022278 -0.15342692
v -0.34940341 0.21412276 -0.10395769
v -0.32356848 0.21840729 -0.14216538
v -0.29590462 0.23531104 -0.15316923
v -0.26663354 0.24958017 -0.16245769
v -0.23818294 0.26027623 -0.16941923
v -0.29590462 0.23531104 0.15317308
v -0.26663354 0.24958017 0.16245769
v -0.23818294 0.26027623 0.16941923
v -0.20643474 0.26919150 0.17522692
v -0.16927933 0.27660677 0.18005385
v -0.12200825 0.28298353 0.18420385
v -0.06092753 0.28851410 0.18780385
v -0.01934802 0.29010628 0.18883846
v 0.01655679 0.28889847 0.18805385
v 0.05807245 0.28415988 0.18496923
v 0.10459894 0.27516743 0.17911923
v 0.15368327 0.26228651 0.17073077
v 0.20282904 0.24624790 0.16029231
v 0.25165674 0.22720160 0.14789615
v 0.29518082 0.20736686 0.13498462
v 0.33423623 0.18685521 0.12163077
v 0.36839164 0.16627050 0.10823077
v 0.39790127 0.14584349 0.09493462
v 0.41707596 0.13078575 0.08513462
v 0.43813619 0.11196261 0.07288077
v 0.45515787 0.09417795 0.06130769
v 0.46864099 0.07750484 0.05045385
v 0.47874340 0.06250097 0.04068462
v 0.48662411 0.04811634 0.03132308
v 0.49234580 0.03478941 0.02265000
v 0.49630121 0.02235479 0.01455385
v 0.49873133 0.01101632 0.00717308
v 0.29518071 -0.15427524 -0.19345000
v 0.25165661 -0.16902894 -0.21195385
v 0.20282890 -0.18319800 -0.22971923
v 0.15368313 -0.19512861 -0.24468077
v 0.10459879 -0.20471691 -0.25670000
v 0.05807229 -0.21140522 -0.26508846
v 0.01655663 -0.21492816 -0.26950769
v -0.01934818 -0.21582420 -0.27063077
v -0.06092769 -0.21463945 -0.26915000
v -0.12200840 -0.21052772 -0.26398846
v -0.16927948 -0.20578142 -0.25804231
v -0.20643489 -0.20026592 -0.25112308
v -0.23818308 -0.19363121 -0.24280385
v -0.26663367 -0.18567343 -0.23282692
v -0.29590475 -0.17506180 -0.21951923
v -0.32356860 -0.16248480 -0.20374615
v -0.35081076 -0.14757318 -0.18505000
v -0.35081067 0.13541127 -0.19412692
v -0.36801670 0.10182673 -0.19452308
v -0.32356850 0.14909195 0.21373846
v -0.29590464 0.16063416 0.23028462
v -0.26663356 0.17037252 0.24424615
v -0.23818296 0.17767627 0.25471154
v -0.20643477 0.18376078 0.26343846
v -0.16927935 0.18882605 0.27069615
v -0.12200828 0.19317589 0.27693462
v -0.06092756 0.19695262 0.28235000
v -0.01934805 0.19803710 0.28390385
v 0.01655676 0.19721391 0.28272308
v 0.05807242 0.19397916 0.27808846
v 0.10459892 0.18784440 0.26929231
v 0.15368324 0.17904810 0.25668077
v 0.20282901 0.16809795 0.24098462
v 0.25165671 0.15509780 0.22235000
v 0.29518080 0.14155536 0.20293846
v 0.33423621 0.12755524 0.18286538
v 0.36839162 0.11350130 0.16271923
v 0.39790125 0.09955506 0.14272692
v 0.41707594 0.08927808 0.12799231
v 0.43813618 0.07642802 0.10956923
v 0.45515786 0.06428951 0.09216923
v 0.46864099 0.05290486 0.07585385
v 0.47874339 0.04266252 0.06116923
v 0.48662411 0.03284327 0.04709231
v 0.49234579 0.02375095 0.03405000
v 0.49630121 0.01525864 0.02188462
v 0.49873133 0.00752017 0.01078462
v -0.39853965 -0.09707306 -0.15821154
v -0.37867211 0.13998059 -0.15413462
v -0.37867211 0.11911906 -0.17076923
v -0.37865887 0.10030369 -0.18222692
v -0.35081076 -0.14757318 0.18505000
v -0.32356860 -0.16248480 0.20374615
v -0.29590475 -0.17506180 0.21951923
v -0.26663367 -0.18567343 0.23282692
v -0.23818308 -0.19363121 0.24280385
v -0.20643489 -0.20026592 0.25112692
v -0.16927948 -0.20578142 0.25804231
v -0.12200840 -0.21052772 0.26399231
v -0.06092769 -0.21463945 0.26915000
v -0.01934818 -0.21582420 0.27063077
v 0.01655663 -0.21492816 0.26950769
v 0.05807229 -0.21140522 0.26508846
v 0.10459879 -0.20471691 0.25670385
v 0.15368313 -0.19512861 0.24468462
v 0.20282890 -0.18319800 0.22971923
v 0.25165661 -0.16902894 0.21195385
v 0.29518071 -0.15427524 0.19345000
v 0.33423613 -0.13901383 0.17431538
v 0.36839155 -0.12369857 0.15511154
v 0.39790119 -0.10850252 0.13605769
v 0.41707589 -0.09730258 0.12201154
v 0.43813613 -0.08329881 0.10445000
v 0.45515782 -0.07006811 0.08786154
v 0.46864095 -0.05766431 0.07230769
v 0.47874336 -0.04650281 0.05830769
v 0.48662409 -0.03580284 0.04489231
v 0.49234578 -0.02588748 0.03246154
v 0.49630120 -0.01663750 0.02085769
v 0.49873132 -0.00820290 0.01028077
v -0.35081077 -0.18968469 0.14156538
v -0.32356861 -0.20885016 0.15586923
v -0.29590477 -0.22501947 0.16793462
v -0.26663369 -0.23865801 0.17811538
v -0.23818309 -0.24888887 0.18575000
v -0.20643491 -0.25741589 0.19211538
v -0.16927950 -0.26450831 0.19740385
v -0.12200842 -0.27060461 0.20195769
v -0.06092771 -0.27589326 0.20590385
v -0.01934820 -0.27741263 0.20703846
v 0.01655662 -0.27626274 0.20617692
v 0.05807227 -0.27173211 0.20279615
v 0.10459877 -0.26313226 0.19638077
v 0.15368311 -0.25081319 0.18718462
v 0.20282889 -0.23547490 0.17573846
v 0.25165660 -0.21726737 0.16215000
v 0.29518069 -0.19829829 0.14799231
v 0.33423611 -0.17868304 0.13335385
v 0.36839154 -0.15899855 0.11866154
v 0.39790118 -0.13946404 0.10408462
v 0.41707588 -0.12506795 0.09333846
v 0.43813612 -0.10706803 0.07990385
v 0.45515781 -0.09006425 0.06721538
v 0.46864095 -0.07412199 0.05531538
v 0.47874336 -0.05977203 0.04460769
v 0.48662408 -0.04601822 0.03434231
v 0.49234577 -0.03327594 0.02483462
v 0.49630120 -0.02138750 0.01595769
v 0.49873132 -0.01054136 0.00786538
v -0.35081077 -0.18968469 -0.14156538
v -0.37867220 -0.14956924 -0.14484615
v -0.39853966 -0.13333842 -0.12913077
v -0.39853958 0.12299989 -0.13883077
v -0.39853958 0.12478835 -0.13740385
v -0.32356850 0.14909195 -0.21373462
v -0.35081066 0.15912280 -0.17521538
v -0.37867210 0.15853827 -0.13496538
v -0.39853957 0.14133450 -0.12031923
v -0.39853957 0.15255372 0.10529231
v -0.37867210 0.15853827 0.13496923
v -0.35081065 0.18022278 0.15342692
v -0.32356848 0.19843038 0.16893077
v -0.29590463 0.21379182 0.18200769
v -0.26663354 0.22675326 0.19303846
v -0.23818294 0.23647239 0.20131538
v -0.20643475 0.24457229 0.20821154
v -0.16927933 0.25131063 0.21394615
v -0.12200826 0.25710278 0.21888077
v -0.06092754 0.26212950 0.22315769
v -0.01934803 0.26357168 0.22438462
v 0.01655678 0.26247926 0.22345385
v 0.05807244 0.25817528 0.21978846
v 0.10459894 0.25000591 0.21283462
v 0.15368326 0.23830191 0.20286923
v 0.20282903 0.22372868 0.19046538
v 0.25165673 0.20642469 0.17573462
v 0.29518081 0.18840533 0.16039231
v 0.33423622 0.16976676 0.14453077
v 0.36839163 0.15106281 0.12860385
v 0.39790126 0.13250504 0.11280385
v 0.41707595 0.11882421 0.10116154
v 0.43813619 0.10172031 0.08660000
v 0.45515787 0.08556642 0.07284615
v 0.46864099 0.07041639 0.05995000
v 0.47874339 0.05678559 0.04834615
v 0.48662411 0.04371634 0.03721923
v 0.49234579 0.03160864 0.02691154
v 0.49630121 0.02031248 0.01729615
v 0.49873133 0.01000863 0.00852692
v -0.35081066 0.15912280 0.17521538
v -0.32356849 0.17519962 0.19291538
v -0.29590464 0.18876491 0.20785385
v -0.26663355 0.20020712 0.22045000
v -0.23818295 0.20878779 0.22990000
v -0.20643476 0.21594153 0.23777692
v -0.16927934 0.22189141 0.24432692
v -0.12200827 0.22700280 0.24996154
v -0.06092755 0.23144106 0.25484615
v -0.01934804 0.23271785 0.25625000
v 0.01655677 0.23174851 0.25518462
v 0.05807243 0.22794838 0.25100000
v 0.10459893 0.22073669 0.24305769
v 0.15368325 0.21040193 0.23167692
v 0.20282902 0.19753255 0.21751154
v 0.25165672 0.18225932 0.20069231
v 0.29518081 0.16634765 0.18316923
v 0.33423622 0.14988985 0.16505000
v 0.36839163 0.13337821 0.14686923
v 0.39790126 0.11698966 0.12882308
v 0.41707595 0.10491268 0.11552308
v 0.43813618 0.08981263 0.09889615
v 0.45515786 0.07554720 0.08319231
v 0.46864099 0.06217408 0.06846154
v 0.47874339 0.05013560 0.05520769
v 0.48662411 0.03859712 0.04250385
v 0.49234579 0.02790864 0.03073462
v 0.49630121 0.01793171 0.01975000
v 0.49873133 0.00883556 0.00973462
v -0.39853966 -0.12283843 0.13866154
v -0.37867220 -0.14956924 0.14484615
v -0.35081076 -0.17002701 0.16466154
v -0.32356860 -0.18720401 0.18129615
v -0.29590476 -0.20169640 0.19533077
v -0.26663368 -0.21392341 0.20717308
v -0.23818309 -0.22309273 0.21605385
v -0.20643490 -0.23073513 0.22345385
v -0.16927949 -0.23709294 0.22961154
v -0.12200841 -0.24255463 0.23490000
v -0.06092770 -0.24729713 0.23949231
v -0.01934819 -0.24865880 0.24081538
v 0.01655662 -0.24762814 0.23981154
v 0.05807228 -0.24356674 0.23588077
v 0.10459878 -0.23585920 0.22841538
v 0.15368312 -0.22481705 0.21772308
v 0.20282890 -0.21107107 0.20440769
v 0.25165660 -0.19474815 0.18860000
v 0.29518070 -0.17774830 0.17213462
v 0.33423612 -0.16016767 0.15510769
v 0.36839154 -0.14252163 0.13801923
v 0.39790118 -0.12501020 0.12106154
v 0.41707588 -0.11210642 0.10856538
v 0.43813612 -0.09596804 0.09293846
v 0.45515781 -0.08072964 0.07818077
v 0.46864095 -0.06643738 0.06433846
v 0.47874336 -0.05357588 0.05188462
v 0.48662409 -0.04124899 0.03994231
v 0.49234577 -0.02982594 0.02888462
v 0.49630120 -0.01916827 0.01856154
v 0.49873132 -0.00944905 0.00915000
v -0.49999983 0.04807718 0.29713462
v -0.49999983 0.03978873 0.29835769
v -0.49999983 0.04807718 0.50000000
v -0.49999984 0.00000029 0.30100000
v -0.49999986 -0.04807661 0.50000000
v -0.49999986 -0.03978815 0.29835769
v -0.49999986 -0.04807661 0.29713462
v -0.48024930 -0.19224582 0.04807692
v -0.48391075 -0.19947657 0.04807692
v -0.42990112 -0.20446520 0.04807692
v -0.49390353 -0.23197652 0.04807692
v -0.49405895 -0.23270729 0.04807692
v -0.49657101 -0.24732266 0.04807692
v -0.49717342 -0.25239188 0.04807692
v -0.30817834 -0.49268081 0.04807692
v -0.29757468 -0.34917708 0.04807692
v -0.31382894 -0.49815387 0.04807692
v -0.31804335 -0.33395395 0.04807692
v -0.31970485 -0.50000000 0.04807692
v -0.33802888 -0.31670774 0.04807692
v -0.35767948 -0.29734615 0.04807692
v -0.37708790 -0.27582302 0.04807692
v -0.39358789 -0.25560375 0.04807692
v -0.41209270 -0.23074217 0.04807692
v -0.44548786 -0.17928440 0.04807692
v -0.46385533 -0.17928434 0.04807692
v -0.48459388 -0.20082657 0.04807692
v -0.48594087 -0.20407656 0.04807692
v -0.48939148 -0.21415732 0.04807692
v -0.48976859 -0.21525731 0.04807692
v -0.49305895 -0.22799960 0.04807692
v -0.49841077 -0.26280726 0.04807692
v -0.49895174 -0.26915725 0.04807692
v -0.49922764 -0.27434571 0.04807692
v -0.49982041 -0.28549570 0.04807692
v -0.30297111 -0.48379622 0.04807692
v -0.29840725 -0.47183855 0.04807692
v -0.27642650 -0.36247714 0.04807692
v -0.26594698 -0.36821948 0.04807692
v -0.46889870 -0.18044971 0.04807692
v -0.47088906 -0.18184970 0.04807692
v -0.47381557 -0.18390354 0.04807692
v -0.47556015 -0.18571122 0.04807692
v -0.47765171 -0.18862660 0.04807692
v -0.31970485 -0.50000000 -0.04807692
v -0.35750839 -0.29752307 -0.04807692
v -0.41357222 -0.22864986 -0.04807692
v -0.39553367 -0.25309990 -0.04807692
v -0.37708790 -0.27582302 -0.04807692
v -0.33834214 -0.31641543 -0.04807692
v -0.31896504 -0.33321164 -0.04807692
v -0.31382894 -0.49815387 -0.04807692
v -0.29933492 -0.34796169 -0.04807692
v -0.30817834 -0.49268081 -0.04807692
v -0.49963367 -0.28053801 -0.04807692
v -0.49922162 -0.27436110 -0.04807692
v -0.46599509 -0.17949203 -0.04807692
v -0.46385533 -0.17928434 -0.04807692
v -0.26594698 -0.36821948 -0.04807692
v -0.29840725 -0.47183855 -0.04807692
v -0.27149156 -0.36524639 -0.04807692
v -0.27946746 -0.36070790 -0.04807692
v -0.48392882 -0.19938042 -0.04807692
v -0.48244690 -0.19624581 -0.04807692
v -0.42947823 -0.20511905 -0.04807692
v -0.44548786 -0.17928440 -0.04807692
v -0.30297111 -0.48379622 -0.04807692
v -0.49789270 -0.25774188 -0.04807692
v -0.49717221 -0.25240727 -0.04807692
v -0.49582522 -0.24244574 -0.04807692
v -0.49384811 -0.23208421 -0.04807692
v -0.49313124 -0.22832268 -0.04807692
v -0.49182522 -0.22278807 -0.04807692
v -0.48935774 -0.21424193 -0.04807692
v -0.48832039 -0.21064963 -0.04807692
v -0.48435533 -0.20028042 -0.04807692
v -0.47793726 -0.18870352 -0.04807692
v -0.47768183 -0.18841506 -0.04807692
v -0.47318183 -0.18332277 -0.04807692
v -0.47097942 -0.18162278 -0.04807692
v -0.47090593 -0.18159201 -0.04807692
v -0.49855294 -0.26434956 -0.04807692
v -0.24844817 -0.31235803 -0.07226538
v -0.24698793 -0.30769265 -0.07721923
v -0.24698793 -0.30769265 -0.05453077
v -0.24698793 -0.30769265 0.07721923
v -0.24848793 -0.31248110 0.07243077
v -0.24698793 -0.30769265 0.06547308
v -0.25000962 -0.31733879 0.06757308
v -0.24698793 -0.30769265 0.04807692
v -0.24698793 -0.30769265 -0.04807692
v -0.25188312 -0.32331955 -0.06288077
v -0.24875179 -0.31332726 -0.07123462
v -0.25337348 -0.32808108 0.05971538
v -0.24698793 -0.30769265 0.00000000
v -0.24698793 -0.30769265 0.00123846
v -0.25529758 -0.33422338 -0.05628077
v -0.25375059 -0.32928492 -0.05926923
v -0.25840240 -0.34413490 0.05211538
v -0.25458312 -0.33193877 0.05747692
v -0.24698793 -0.30769265 -0.03290385
v -0.24698793 -0.30769265 -0.02302692
v -0.24698793 -0.30769265 -0.01315000
v -0.24698793 -0.30769265 -0.00623846
v -0.26237710 -0.35681950 0.04897308
v -0.26192288 -0.35537334 -0.04921154
v -0.25968915 -0.34823874 0.05109615
v -0.25969035 -0.34824643 -0.05111923
v -0.25800963 -0.34288106 -0.05255769
v -0.24698793 -0.30769265 0.00835769
v -0.24698793 -0.30769265 0.01696923
v -0.25204697 -0.32384647 0.06281154
v -0.24698793 -0.30769265 0.02993077
v -0.24698793 -0.30769265 0.04673077
v -0.25372288 -0.32919262 0.05906923
v -0.26906131 0.04807645 -0.36656538
v -0.26594685 0.04807644 -0.36821923
v -0.29840709 0.04807654 -0.47183462
v -0.49582513 0.04807717 -0.24244615
v -0.49384802 0.04807716 -0.23208077
v -0.42939984 0.04807696 -0.20523846
v -0.41381912 0.04807691 -0.22830000
v -0.39578298 0.04807685 -0.25277692
v -0.34065166 0.04807667 -0.31425769
v -0.31970468 0.04807661 -0.50000000
v -0.35980949 0.04807674 -0.29510000
v -0.37734081 0.04807679 -0.27552692
v -0.49963356 0.04807718 -0.28053846
v -0.49922152 0.04807718 -0.27435769
v -0.49855284 0.04807718 -0.26435000
v -0.30464444 0.04807656 -0.48711923
v -0.30911552 0.04807657 -0.34088846
v -0.28924564 0.04807651 -0.35469615
v -0.32128419 0.04807661 -0.33131923
v -0.31190950 0.04807658 -0.49672308
v -0.49789260 0.04807718 -0.25773846
v -0.49717212 0.04807717 -0.25240385
v -0.48392875 0.04807713 -0.19937692
v -0.48244682 0.04807713 -0.19624615
v -0.47793718 0.04807711 -0.18870385
v -0.47768176 0.04807711 -0.18841538
v -0.47318176 0.04807710 -0.18332308
v -0.47097935 0.04807709 -0.18162308
v -0.47090586 0.04807709 -0.18159231
v -0.46599501 0.04807707 -0.17949231
v -0.46385526 0.04807707 -0.17928077
v -0.44548779 0.04807701 -0.17928077
v -0.49313115 0.04807716 -0.22831923
v -0.49182513 0.04807716 -0.22278846
v -0.48935766 0.04807715 -0.21424231
v -0.48832031 0.04807715 -0.21065000
v -0.48435525 0.04807713 -0.20028077
v -0.43037931 0.20372303 -0.04807692
v -0.31970453 0.49999942 -0.04807692
v -0.33829736 0.31645344 -0.04807692
v -0.31832266 0.33373028 -0.04807692
v -0.31382863 0.49814941 -0.04807692
v -0.29786724 0.34897252 -0.04807692
v -0.35793833 0.29707274 -0.04807692
v -0.37734074 0.27552666 -0.04807692
v -0.38952388 0.26074979 -0.04807692
v -0.49982024 0.28549243 -0.04807692
v -0.30817803 0.49268016 -0.04807692
v -0.30297081 0.48379169 -0.04807692
v -0.27673711 0.36229167 -0.04807692
v -0.29840696 0.47183399 -0.04807692
v -0.26594675 0.36821856 -0.04807692
v -0.49717326 0.25238860 -0.04807692
v -0.49841060 0.26280782 -0.04807692
v -0.40816364 0.23621909 -0.04807692
v -0.41289135 0.22961526 -0.04807692
v -0.49895157 0.26915398 -0.04807692
v -0.49922747 0.27434628 -0.04807692
v -0.44548775 0.17928078 -0.04807692
v -0.46385521 0.17928084 -0.04807692
v -0.46889859 0.18045008 -0.04807692
v -0.47088895 0.18184624 -0.04807692
v -0.47381545 0.18390010 -0.04807692
v -0.47556003 0.18571164 -0.04807692
v -0.47765160 0.18862703 -0.04807692
v -0.48024918 0.19224242 -0.04807692
v -0.48391063 0.19947320 -0.04807692
v -0.49657085 0.24731937 -0.04807692
v -0.49405881 0.23270783 -0.04807692
v -0.49390339 0.23197706 -0.04807692
v -0.48459376 0.20082320 -0.04807692
v -0.48594075 0.20407320 -0.04807692
v -0.48939134 0.21415398 -0.04807692
v -0.48976845 0.21525782 -0.04807692
v -0.49305881 0.22799629 -0.04807692
v -0.26594675 0.36821856 0.04807692
v -0.29840696 0.47183399 0.04807692
v -0.26906121 0.36656472 0.04807692
v -0.28924555 0.35469556 0.04807692
v -0.39578291 0.25277289 0.04807692
v -0.41381906 0.22829988 0.04807692
v -0.42939979 0.20523841 0.04807692
v -0.49963349 0.28053474 0.04807692
v -0.49922144 0.27435782 0.04807692
v -0.34065158 0.31425729 0.04807692
v -0.31970453 0.49999942 0.04807692
v -0.35980941 0.29509967 0.04807692
v -0.37734074 0.27552666 0.04807692
v -0.48392870 0.19937704 0.04807692
v -0.48244677 0.19624627 0.04807692
v -0.47793714 0.18870395 0.04807692
v -0.47768172 0.18841165 0.04807692
v -0.32128410 0.33131876 0.04807692
v -0.30911543 0.34088794 0.04807692
v -0.31382863 0.49814941 0.04807692
v -0.30817803 0.49268016 0.04807692
v -0.49789253 0.25773859 0.04807692
v -0.49717205 0.25240783 0.04807692
v -0.49582507 0.24244629 0.04807692
v -0.49384796 0.23208090 0.04807692
v -0.49313110 0.22831937 0.04807692
v -0.49182508 0.22278859 0.04807692
v -0.48935761 0.21424244 0.04807692
v -0.48832026 0.21065013 0.04807692
v -0.48435520 0.20028089 0.04807692
v -0.47318172 0.18332317 0.04807692
v -0.47097931 0.18162317 0.04807692
v -0.47090582 0.18159240 0.04807692
v -0.44548775 0.17928078 0.04807692
v -0.46385521 0.17928084 0.04807692
v -0.46599497 0.17948854 0.04807692
v -0.30297081 0.48379169 0.04807692
v -0.49855277 0.26435013 0.04807692
v -0.43037936 0.04807696 0.20372308
v -0.29840709 0.04807654 0.47183846
v -0.26594685 0.04807644 0.36821923
v -0.27673721 0.04807647 0.36229615
v -0.30464444 0.04807656 0.48711923
v -0.29786733 0.04807654 0.34897692
v -0.31190950 0.04807658 0.49672308
v -0.31832275 0.04807660 0.33373077
v -0.31970468 0.04807661 0.50000000
v -0.33829744 0.04807667 0.31645769
v -0.35793840 0.04807673 0.29707308
v -0.37734081 0.04807679 0.27552692
v -0.38952394 0.04807683 0.26075000
v -0.49982031 0.04807718 0.28549231
v -0.40816370 0.04807689 0.23622308
v -0.41289141 0.04807691 0.22961538
v -0.49841067 0.04807718 0.26280769
v -0.49895164 0.04807718 0.26915385
v -0.49922754 0.04807718 0.27434615
v -0.49717332 0.04807717 0.25239231
v -0.44548779 0.04807701 0.17928077
v -0.46385526 0.04807707 0.17928077
v -0.47556007 0.04807711 0.18571154
v -0.47765164 0.04807711 0.18862692
v -0.49390344 0.04807716 0.23197692
v -0.46889863 0.04807708 0.18045000
v -0.47088899 0.04807709 0.18185000
v -0.49657091 0.04807717 0.24731923
v -0.49405887 0.04807716 0.23270769
v -0.48024923 0.04807712 0.19224615
v -0.48391067 0.04807713 0.19947692
v -0.48459381 0.04807713 0.20082692
v -0.47381550 0.04807710 0.18390385
v -0.48976850 0.04807715 0.21525769
v -0.49305887 0.04807716 0.22800000
v -0.48939140 0.04807715 0.21415769
v -0.48594079 0.04807714 0.20407308
v -0.26813604 -0.04807735 0.36706154
v -0.26594688 -0.04807735 0.36821923
v -0.29840712 -0.04807725 0.47183846
v -0.39546494 -0.04807694 0.25318846
v -0.41350469 -0.04807688 0.22874615
v -0.42949987 -0.04807683 0.20508462
v -0.49963359 -0.04807661 0.28053846
v -0.49922155 -0.04807661 0.27436154
v -0.34631193 -0.04807710 0.30884231
v -0.31970471 -0.04807718 0.50000000
v -0.36539145 -0.04807704 0.28908077
v -0.37701795 -0.04807700 0.27590385
v -0.48392878 -0.04807666 0.19938077
v -0.48244685 -0.04807666 0.19624615
v -0.47793721 -0.04807668 0.18870385
v -0.47768179 -0.04807668 0.18841538
v -0.30464447 -0.04807723 0.48711923
v -0.30764929 -0.04807722 0.34198462
v -0.28801074 -0.04807728 0.35548462
v -0.32709145 -0.04807716 0.32644615
v -0.31190953 -0.04807721 0.49672308
v -0.49789263 -0.04807661 0.25773846
v -0.49717215 -0.04807662 0.25240769
v -0.49582516 -0.04807662 0.24244615
v -0.49384805 -0.04807663 0.23208077
v -0.49313118 -0.04807663 0.22832308
v -0.49182516 -0.04807663 0.22278846
v -0.48935769 -0.04807664 0.21424231
v -0.48832034 -0.04807664 0.21065000
v -0.48435528 -0.04807666 0.20028077
v -0.47318179 -0.04807669 0.18332308
v -0.47097938 -0.04807670 0.18162308
v -0.47090589 -0.04807670 0.18159231
v -0.44548782 -0.04807678 0.17928077
v -0.46385529 -0.04807672 0.17928077
v -0.46599504 -0.04807672 0.17949231
v -0.49855287 -0.04807661 0.26435000
v -0.49922757 -0.04807661 -0.27434615
v -0.42990107 -0.04807683 -0.20446154
v -0.44548782 -0.04807678 -0.17928077
v -0.49982034 -0.04807661 -0.28549231
v -0.29840712 -0.04807725 -0.47183462
v -0.26594688 -0.04807735 -0.36821923
v -0.27642640 -0.04807732 -0.36247308
v -0.46385529 -0.04807672 -0.17928077
v -0.46889866 -0.04807671 -0.18045000
v -0.47088902 -0.04807670 -0.18184615
v -0.30464447 -0.04807723 -0.48711923
v -0.29757459 -0.04807725 -0.34917692
v -0.31190953 -0.04807721 -0.49672308
v -0.31804326 -0.04807719 -0.33395385
v -0.31970471 -0.04807718 -0.50000000
v -0.33802880 -0.04807712 -0.31670385
v -0.35767940 -0.04807706 -0.29734615
v -0.37708783 -0.04807700 -0.27582308
v -0.39358783 -0.04807695 -0.25560385
v -0.41209264 -0.04807689 -0.23074231
v -0.48594082 -0.04807665 -0.20407308
v -0.48939143 -0.04807664 -0.21415385
v -0.49717335 -0.04807662 -0.25238846
v -0.47381553 -0.04807669 -0.18390000
v -0.47556010 -0.04807669 -0.18571154
v -0.47765167 -0.04807668 -0.18862692
v -0.48024926 -0.04807667 -0.19224615
v -0.48391070 -0.04807666 -0.19947692
v -0.49895167 -0.04807661 -0.26915385
v -0.49841070 -0.04807661 -0.26280769
v -0.48459384 -0.04807666 -0.20082308
v -0.49657094 -0.04807662 -0.24731923
v -0.49405890 -0.04807663 -0.23270769
v -0.49390347 -0.04807663 -0.23197692
v -0.48976853 -0.04807664 -0.21525769
v -0.49305890 -0.04807663 -0.22799615
v -0.24844926 0.07226483 -0.31235769
v -0.24698781 0.07721867 -0.30769231
v -0.24698782 0.05453022 -0.30769231
v -0.24698785 -0.04673126 -0.30769231
v -0.24698785 -0.04807742 -0.30769231
v -0.25004569 -0.06747355 -0.31745385
v -0.24698786 -0.06547356 -0.30769231
v -0.24848906 -0.07243893 -0.31248077
v -0.24698786 -0.07722355 -0.30769231
v -0.24698782 0.04807638 -0.30769231
v -0.25189384 0.06285331 -0.32335385
v -0.24876251 0.07119944 -0.31335769
v -0.24698783 0.01314947 -0.30769231
v -0.24698783 0.00623794 -0.30769231
v -0.25343364 -0.05959662 -0.32826923
v -0.24698783 -0.00000052 -0.30769231
v -0.24698784 -0.00123898 -0.30769231
v -0.25660592 -0.05433507 -0.33839615
v -0.25375047 0.05926870 -0.32928077
v -0.25968905 -0.05104276 -0.34824231
v -0.25531071 0.05626101 -0.33426154
v -0.26053845 -0.05013506 -0.35095385
v -0.25800950 0.05255718 -0.34287692
v -0.26457218 -0.04821197 -0.36382692
v -0.26192276 0.04921104 -0.35536923
v -0.25969023 0.05111872 -0.34824615
v -0.24698784 -0.00835821 -0.30769231
v -0.24698784 -0.01697359 -0.30769231
v -0.24698784 -0.02993127 -0.30769231
v -0.24698782 0.03290331 -0.30769231
v -0.24698783 0.02302639 -0.30769231
v -0.25372761 -0.05911200 -0.32920769
v -0.25204689 -0.06281970 -0.32384231
v -0.24698774 0.30769161 -0.04672692
v -0.24698774 0.30769161 -0.04807692
v -0.25004557 0.31745315 -0.06746923
v -0.24698774 0.30769161 -0.06547308
v -0.24848894 0.31248392 -0.07243462
v -0.24698774 0.30769161 -0.07721923
v -0.24698774 0.30769161 0.07721923
v -0.24698774 0.30769161 0.05453462
v -0.24844918 0.31235700 0.07226538
v -0.24876244 0.31335700 0.07120000
v -0.25189376 0.32335316 0.06285385
v -0.24698774 0.30769161 0.04807692
v -0.24698774 0.30769161 0.03290385
v -0.24698774 0.30769161 0.00623846
v -0.24698774 0.30769161 0.00000000
v -0.25343351 0.32826854 -0.05959615
v -0.24698774 0.30769161 -0.00123462
v -0.24698774 0.30769161 0.02303077
v -0.24698774 0.30769161 0.01315000
v -0.25660580 0.33839547 -0.05433077
v -0.25969013 0.34824163 0.05111923
v -0.26053833 0.35094932 -0.05013462
v -0.26192266 0.35536855 0.04921154
v -0.26457206 0.36382625 -0.04820769
v -0.25372749 0.32920700 -0.05911154
v -0.25800941 0.34287624 0.05255769
v -0.25531062 0.33425701 0.05626538
v -0.25968893 0.34824163 -0.05104231
v -0.25375038 0.32928008 0.05927308
v -0.24698774 0.30769161 -0.00835769
v -0.24698774 0.30769161 -0.01696923
v -0.24698774 0.30769161 -0.02993077
v -0.25244074 0.32510316 -0.06190385
v -0.24844810 -0.07226586 0.31235769
v -0.24698786 -0.07722355 0.30769231
v -0.24698785 -0.05453510 0.30769231
v -0.24698781 0.07721867 0.30769231
v -0.24848781 0.07242637 0.31248077
v -0.24698781 0.06546867 0.30769231
v -0.24999625 0.06760714 0.31729615
v -0.24698782 0.04807638 0.30769231
v -0.25383480 0.05882639 0.32955000
v -0.25760348 0.05303410 0.34158077
v -0.25188303 -0.06288124 0.32331923
v -0.26154685 0.04943411 0.35416923
v -0.26192279 -0.04921198 0.35536923
v -0.25969026 -0.05111968 0.34824615
v -0.25800954 -0.05255815 0.34288077
v -0.25969264 0.05112641 0.34825000
v -0.25529749 -0.05628508 0.33422308
v -0.25375171 -0.05927354 0.32928462
v -0.24698785 -0.04807742 0.30769231
v -0.24875171 -0.07123509 0.31332308
v -0.25244083 0.06188408 0.32510385
v -0.24698783 0.02993023 0.30769231
v -0.24698782 0.04672638 0.30769231
v -0.24698785 -0.03290435 0.30769231
v -0.24698784 -0.02303128 0.30769231
v -0.24698784 -0.01315051 0.30769231
v -0.24698784 -0.00623898 0.30769231
v -0.24698783 -0.00000052 0.30769231
v -0.24698783 0.00123409 0.30769231
v -0.25335288 0.05975716 0.32801154
v -0.24698783 0.00835717 0.30769231
v -0.24698783 0.01696870 0.30769231
v -0.25372035 0.05904947 0.32918846
v -0.22577690 0.29511847 0.11047692
v -0.24168172 0.30349160 -0.08501154
v -0.24346726 0.30490699 -0.08238846
v -0.24441665 0.30623391 -0.06153846
v -0.23847087 0.30106851 -0.08978077
v -0.23618533 0.30250696 -0.07755000
v -0.23352509 0.29842619 -0.09762308
v -0.22577690 0.29511847 -0.11047308
v -0.22692269 0.29552617 -0.10851923
v -0.23046606 0.29679156 -0.10247308
v -0.23332027 0.29831850 -0.09795000
v -0.23378172 0.29833004 0.09708077
v -0.23500100 0.30062619 0.08707308
v -0.23379256 0.29833388 0.09706154
v -0.23790340 0.30088774 0.09073462
v -0.23844437 0.30122236 0.08990000
v -0.23763473 0.30439543 0.06605000
v -0.23929858 0.30175697 0.08858462
v -0.24361425 0.30486083 0.08211538
v -0.24165882 0.30322237 0.08495385
v -0.24080340 0.30421852 0.07072308
v -0.24477449 0.30676083 0.05127308
v -0.24604316 0.30689930 0.07858846
v -0.24393593 0.30531853 0.07553077
v -0.24544437 0.30639545 0.07946154
v -0.22988413 0.29676849 0.10360000
v -0.24030220 0.30681082 0.04484231
v -0.24240822 0.30784160 0.02706923
v -0.24324678 0.30804929 0.01894615
v -0.24390822 0.30813391 0.01081923
v -0.24419497 0.30814545 0.00513462
v -0.24428412 0.30814929 0.00000000
v -0.24428171 0.30814929 -0.00101923
v -0.24412629 0.30814545 -0.00687692
v -0.24267328 0.30791852 -0.02462308
v -0.24368051 0.30811083 -0.01396154
v -0.24546244 0.30745314 0.03095385
v -0.24573955 0.30762622 0.02166538
v -0.24595882 0.30772238 0.01237308
v -0.24605521 0.30774930 0.00586923
v -0.24608533 0.30775699 0.00000000
v -0.24608412 0.30775699 -0.00116154
v -0.24603232 0.30774161 -0.00786154
v -0.24588412 0.30769161 -0.01596538
v -0.24555039 0.30751468 -0.02815385
v -0.24502870 0.30706468 -0.04394615
v -0.23891666 0.30130697 -0.08907308
v -0.23942871 0.30171082 -0.08831923
v -0.23987931 0.30251467 -0.08302692
v -0.24180581 0.30565313 -0.05764231
v -0.24305882 0.30692621 -0.04117308
v -0.24411063 0.30759160 -0.02638077
v -0.24478051 0.30783007 -0.01496154
v -0.24507810 0.30789545 -0.00736923
v -0.24518171 0.30790699 -0.00109231
v -0.24518412 0.30791084 0.00000000
v -0.24512388 0.30790314 0.00550000
v -0.24493232 0.30786853 0.01159231
v -0.24449135 0.30774545 0.02030385
v -0.24393473 0.30750699 0.02900769
v -0.24254075 0.30646467 0.04803462
v -0.24108774 0.30728005 -0.03843462
v -0.23918051 0.30594928 -0.05381923
v -0.35231666 0.22309969 0.08515769
v -0.36926004 0.20531898 0.08380385
v -0.43703594 0.17905383 0.04891154
v -0.43287329 0.17870382 0.05015385
v -0.42678052 0.18792687 0.05001923
v -0.40945884 0.17354990 0.06581923
v -0.40912029 0.17339221 0.06624231
v -0.40661787 0.17666143 0.06644615
v -0.39876366 0.16108833 0.09221538
v -0.26787206 0.34401473 0.05083846
v -0.26675038 0.32275705 0.05895385
v -0.26576123 0.30401475 0.07196538
v -0.26496124 0.28886091 0.08913077
v -0.24508654 0.29826469 0.08960769
v -0.39917089 0.16290372 0.08896923
v -0.40235161 0.16856142 0.07772308
v -0.40144800 0.16726142 0.08040000
v -0.38714800 0.18481521 0.08204615
v -0.40016487 0.16541526 0.08420769
v -0.40528655 0.17114604 0.07184231
v -0.38892630 0.19880366 0.06772308
v -0.40590221 0.17151143 0.07093846
v -0.40895763 0.17331144 0.06644615
v -0.42120582 0.17718070 0.05531538
v -0.42027811 0.17695378 0.05601154
v -0.40883594 0.19256527 0.05639231
v -0.41536727 0.17575761 0.05968462
v -0.40966004 0.17364605 0.06556923
v -0.42891787 0.17837304 0.05133846
v -0.42526486 0.17780764 0.05322308
v -0.41127208 0.21003450 0.05018077
v -0.33385642 0.24060347 0.08635385
v -0.31522871 0.25626109 0.08732308
v -0.30352991 0.26507643 0.08783846
v -0.28441545 0.27783790 0.08854615
v -0.28536244 0.29289559 0.07161538
v -0.30463111 0.28001489 0.07118846
v -0.31642750 0.27111108 0.07088077
v -0.33521184 0.25528808 0.07029615
v -0.35382389 0.23758815 0.06958077
v -0.37090220 0.21958821 0.06877308
v -0.28652749 0.31144943 0.05879231
v -0.30598050 0.29832642 0.05859231
v -0.31789014 0.28925339 0.05845000
v -0.33685521 0.27310730 0.05817692
v -0.35563955 0.25503045 0.05784231
v -0.37286244 0.23662282 0.05746923
v -0.39102509 0.21532674 0.05698077
v -0.28784676 0.33244173 0.05079231
v -0.30750339 0.31899949 0.05074231
v -0.31954074 0.30969569 0.05070769
v -0.33870219 0.29312268 0.05063462
v -0.35766966 0.27453814 0.05055000
v -0.37504557 0.25558051 0.05045385
v -0.39334677 0.23360366 0.05033077
v -0.44027329 0.17919615 -0.04839231
v -0.25107449 0.29561855 -0.08947308
v -0.25177810 0.31082239 -0.07217692
v -0.27322147 0.30000708 -0.07184231
v -0.27427568 0.31868400 -0.05889615
v -0.27546965 0.33984938 -0.05081923
v -0.43286486 0.17871151 -0.05014231
v -0.42775642 0.18647303 -0.05000769
v -0.43076365 0.17857304 -0.05063846
v -0.42648293 0.17796534 -0.05269231
v -0.42183354 0.17729994 -0.05492308
v -0.41034919 0.21129603 -0.05018846
v -0.42030462 0.17692685 -0.05607308
v -0.40921908 0.17331913 -0.06635769
v -0.40967932 0.17352298 -0.06580769
v -0.40791907 0.19378065 -0.05642692
v -0.41280824 0.17492299 -0.06208462
v -0.41462028 0.17553068 -0.06035385
v -0.40144559 0.16726142 -0.08040000
v -0.40260222 0.16883065 -0.07713077
v -0.40106245 0.18379987 -0.06687308
v -0.40372872 0.16991527 -0.07471154
v -0.40570703 0.17784219 -0.06651538
v -0.40470583 0.17059604 -0.07308077
v -0.40751788 0.17255759 -0.06838462
v -0.39874198 0.16094987 -0.09245385
v -0.40037451 0.16580757 -0.08343077
v -0.39919860 0.17003064 -0.08062692
v -0.40003475 0.16515372 -0.08471538
v -0.39903595 0.16240756 -0.08986923
v -0.27236726 0.28488786 -0.08891923
v -0.29271304 0.27254178 -0.08825769
v -0.31238051 0.25847646 -0.08745385
v -0.33159016 0.24261500 -0.08648077
v -0.35051184 0.22489968 -0.08528462
v -0.36926004 0.20531898 -0.08380385
v -0.38106848 0.19197672 -0.08268846
v -0.38280100 0.20607287 -0.06810385
v -0.37090220 0.21958821 -0.06876923
v -0.35200461 0.23940737 -0.06965385
v -0.33292629 0.25732268 -0.07037308
v -0.31355521 0.27335338 -0.07096154
v -0.29372509 0.28755331 -0.07144231
v -0.40324558 0.19991140 -0.05659231
v -0.38485521 0.22277672 -0.05715769
v -0.37286244 0.23662282 -0.05746538
v -0.35380340 0.25688813 -0.05787692
v -0.33454798 0.27518422 -0.05821154
v -0.31499135 0.29153414 -0.05848462
v -0.29496966 0.30600715 -0.05870769
v -0.40564798 0.21764986 -0.05023077
v -0.38713232 0.24129979 -0.05037308
v -0.37504557 0.25558051 -0.05045385
v -0.35581665 0.27644967 -0.05055769
v -0.33637207 0.29525344 -0.05064231
v -0.31660941 0.31203798 -0.05071538
v -0.29637688 0.32686868 -0.05077308
v -0.44027333 0.04839238 0.17919615
v -0.22577696 0.11047243 0.29512308
v -0.23379263 0.09706092 0.29833462
v -0.23844443 0.08989940 0.30122692
v -0.23378178 0.09707631 0.29833077
v -0.23317455 0.09809169 0.29808846
v -0.22692515 0.10855320 0.29558077
v -0.25107455 0.08947252 0.29561923
v -0.24361432 0.08211481 0.30486154
v -0.24165889 0.08495326 0.30322308
v -0.24142034 0.08531864 0.30307692
v -0.23929865 0.08858787 0.30175769
v -0.25177817 0.07217638 0.31082692
v -0.27322154 0.07184183 0.30001154
v -0.27427576 0.05889569 0.31868462
v -0.27546974 0.05081877 0.33985000
v -0.43286490 0.05013851 0.17871154
v -0.42775647 0.05000772 0.18647692
v -0.43076369 0.05063850 0.17857308
v -0.42648297 0.05269233 0.17796538
v -0.42183357 0.05492308 0.17730385
v -0.41034924 0.05018459 0.21129615
v -0.42030466 0.05607308 0.17692692
v -0.40921911 0.06635765 0.17331923
v -0.41280827 0.06208459 0.17492692
v -0.40791912 0.05642688 0.19378462
v -0.41462032 0.06034998 0.17553077
v -0.40144562 0.08039993 0.16726538
v -0.40260224 0.07713070 0.16883077
v -0.40106249 0.06687301 0.18380000
v -0.40372875 0.07471148 0.16991538
v -0.40570707 0.06651918 0.17784231
v -0.40470586 0.07308071 0.17059615
v -0.40751791 0.06838072 0.17255769
v -0.39874200 0.09245376 0.16095385
v -0.39903598 0.08986914 0.16240769
v -0.39973839 0.08624992 0.16433846
v -0.39919863 0.08062684 0.17003462
v -0.40003477 0.08471915 0.16515385
v -0.40037453 0.08343069 0.16580769
v -0.27236732 0.08891874 0.28489231
v -0.29271310 0.08825342 0.27254231
v -0.31238057 0.08745348 0.25848077
v -0.33159020 0.08648047 0.24261923
v -0.36926008 0.08380367 0.20532308
v -0.35051189 0.08528438 0.22490000
v -0.38106851 0.08268448 0.19198077
v -0.38280105 0.06810372 0.20607308
v -0.37090225 0.06876907 0.21958846
v -0.35200466 0.06965362 0.23940769
v -0.33292635 0.07037279 0.25732308
v -0.31355527 0.07096119 0.27335385
v -0.29372515 0.07144190 0.28755385
v -0.40324562 0.05659225 0.19991154
v -0.38485527 0.05715758 0.22277692
v -0.37286250 0.05746523 0.23662692
v -0.35380346 0.05787671 0.25689231
v -0.33454804 0.05821126 0.27518846
v -0.31499142 0.05848428 0.29153846
v -0.29496974 0.05870729 0.30600769
v -0.40564804 0.05023073 0.21765000
v -0.38713238 0.05037298 0.24130000
v -0.37504563 0.05045371 0.25558462
v -0.35581672 0.05055749 0.27645000
v -0.33637214 0.05064204 0.29525769
v -0.31660949 0.05071506 0.31203846
v -0.29637697 0.05077269 0.32686923
v -0.43703598 0.04890775 -0.17905385
v -0.43287333 0.05015389 -0.17870769
v -0.42678056 0.05001926 -0.18792692
v -0.40966008 0.06556919 -0.17364615
v -0.40912032 0.06624227 -0.17339231
v -0.40661791 0.06644226 -0.17666154
v -0.40235164 0.07771916 -0.16856154
v -0.40144803 0.08039993 -0.16726154
v -0.38714803 0.08204603 -0.18481538
v -0.39876369 0.09221145 -0.16108846
v -0.26787215 0.05083413 -0.34401538
v -0.26675046 0.05895336 -0.32275769
v -0.26576130 0.07196488 -0.30401538
v -0.26496130 0.08912641 -0.28886154
v -0.24508660 0.08960711 -0.29826923
v -0.24609383 0.07853020 -0.30698462
v -0.23847094 0.08978017 -0.30106923
v -0.23891672 0.08907248 -0.30130769
v -0.23942998 0.08831864 -0.30171538
v -0.24346853 0.08238404 -0.30490769
v -0.24544926 0.07948020 -0.30647308
v -0.22976009 0.10368013 -0.29654231
v -0.22577696 0.11047243 -0.29512308
v -0.23046612 0.10247245 -0.29679231
v -0.23352636 0.09762246 -0.29842692
v -0.23778419 0.09086863 -0.30070385
v -0.39917092 0.08896915 -0.16290385
v -0.40016489 0.08420761 -0.16541538
v -0.39973839 0.08624992 -0.16433846
v -0.40528658 0.07184225 -0.17115000
v -0.38892635 0.06771912 -0.19880385
v -0.40590225 0.07093456 -0.17151154
v -0.40895767 0.06644611 -0.17331154
v -0.42120586 0.05531539 -0.17718077
v -0.42027815 0.05600769 -0.17695385
v -0.40883598 0.05639227 -0.19256538
v -0.41536731 0.05968460 -0.17575769
v -0.42891791 0.05133465 -0.17837308
v -0.42526490 0.05321925 -0.17780769
v -0.41127213 0.05017690 -0.21003462
v -0.36926008 0.08380367 -0.20531923
v -0.35231671 0.08515361 -0.22310385
v -0.33385647 0.08634971 -0.24060769
v -0.31522876 0.08732272 -0.25626538
v -0.30352997 0.08783807 -0.26507692
v -0.28441551 0.08854186 -0.27783846
v -0.28536251 0.07161495 -0.29289615
v -0.30463118 0.07118808 -0.28001538
v -0.31642756 0.07088043 -0.27111154
v -0.33521190 0.07029588 -0.25528846
v -0.35382394 0.06957670 -0.23758846
v -0.37090225 0.06876907 -0.21958846
v -0.28652757 0.05878803 -0.31145000
v -0.30598058 0.05859194 -0.29833077
v -0.31789022 0.05844583 -0.28925385
v -0.33685527 0.05817281 -0.27311154
v -0.35563961 0.05784210 -0.25503462
v -0.37286250 0.05746523 -0.23662308
v -0.39102514 0.05698068 -0.21532692
v -0.28784685 0.05079189 -0.33244231
v -0.30750347 0.05074195 -0.31900000
v -0.31954082 0.05070353 -0.30969615
v -0.33870226 0.05063436 -0.29312308
v -0.35766973 0.05054980 -0.27453846
v -0.37504563 0.05045371 -0.25558077
v -0.39334683 0.05032684 -0.23360385
v -0.24441673 0.06153790 0.30623462
v -0.24180589 0.05764174 0.30565769
v -0.23987938 0.08302249 0.30251538
v -0.23378184 -0.09708128 0.29833077
v -0.22988426 -0.10360051 0.29676923
v -0.22577703 -0.11047745 0.29512308
v -0.23500112 -0.08707358 0.30062692
v -0.23379269 -0.09706204 0.29833462
v -0.23790353 -0.09073511 0.30089231
v -0.23844449 -0.08990050 0.30122692
v -0.23763484 -0.06604667 0.30439615
v -0.23929871 -0.08858896 0.30175769
v -0.24361437 -0.08211587 0.30486154
v -0.24165895 -0.08495433 0.30322308
v -0.24080352 -0.07072358 0.30421923
v -0.24477460 -0.05127357 0.30676538
v -0.24604328 -0.07859279 0.30690000
v -0.24393605 -0.07553126 0.30532308
v -0.24490834 -0.08023510 0.30595000
v -0.24030231 -0.04484667 0.30681154
v -0.24240833 -0.02706975 0.30784231
v -0.24324688 -0.01894667 0.30805000
v -0.24390832 -0.01081975 0.30813462
v -0.24419507 -0.00513514 0.30815000
v -0.24428422 -0.00000053 0.30815000
v -0.24428181 0.00101486 0.30815000
v -0.24412639 0.00687254 0.30814615
v -0.24368060 0.01396100 0.30811538
v -0.24108782 0.03843021 0.30728462
v -0.24267337 0.02462253 0.30792308
v -0.24546254 -0.03095435 0.30745769
v -0.24573965 -0.02166590 0.30762692
v -0.24595892 -0.01237359 0.30772308
v -0.24605531 -0.00586975 0.30775000
v -0.24608543 -0.00000052 0.30775769
v -0.24608422 0.00116101 0.30775769
v -0.24603241 0.00786101 0.30774615
v -0.24588422 0.01596485 0.30769615
v -0.24555048 0.02815331 0.30751923
v -0.24502879 0.04394176 0.30706538
v -0.23918059 0.05381481 0.30595385
v -0.24305891 0.04117252 0.30692692
v -0.24411072 0.02638407 0.30759231
v -0.24478060 0.01496100 0.30783462
v -0.24507819 0.00736485 0.30789615
v -0.24518181 0.00108794 0.30791154
v -0.24518422 -0.00000053 0.30791154
v -0.24512398 -0.00550052 0.30790385
v -0.24493242 -0.01159667 0.30786923
v -0.24449146 -0.02030436 0.30774615
v -0.24393483 -0.02900821 0.30750769
v -0.24254086 -0.04803897 0.30646923
v -0.23618540 0.07754940 0.30250769
v -0.24168184 -0.08501587 -0.30349615
v -0.24346738 -0.08239279 -0.30490769
v -0.24441677 -0.06154280 -0.30623462
v -0.23332040 -0.09795051 -0.29831923
v -0.23352522 -0.09762743 -0.29842692
v -0.22577703 -0.11047745 -0.29512308
v -0.22650715 -0.10923129 -0.29538077
v -0.23046618 -0.10247744 -0.29679231
v -0.23763480 0.06604557 -0.30439615
v -0.23500106 0.08706862 -0.30062692
v -0.24477457 0.05127252 -0.30676154
v -0.24393600 0.07553020 -0.30532308
v -0.24240831 0.02706868 -0.30784231
v -0.24030228 0.04484174 -0.30681154
v -0.24324687 0.01894176 -0.30805000
v -0.24390831 0.01081485 -0.30813462
v -0.24419506 0.00513024 -0.30814615
v -0.24428422 -0.00000053 -0.30815000
v -0.24428181 -0.00101976 -0.30815000
v -0.24368061 -0.01396206 -0.30811154
v -0.24412639 -0.00687745 -0.30814615
v -0.24546252 0.03094946 -0.30745385
v -0.24573964 0.02166100 -0.30762692
v -0.24595892 0.01236870 -0.30772308
v -0.24605530 0.00586870 -0.30775000
v -0.24608543 -0.00000052 -0.30775769
v -0.24608422 -0.00116591 -0.30775769
v -0.24603242 -0.00786206 -0.30774231
v -0.24588423 -0.01596590 -0.30769231
v -0.24555049 -0.02815435 -0.30751538
v -0.24502881 -0.04394665 -0.30706538
v -0.24267339 -0.02462360 -0.30791923
v -0.24108785 -0.03843513 -0.30728077
v -0.23918062 -0.05381974 -0.30595000
v -0.23891678 -0.08907357 -0.30130769
v -0.23942883 -0.08832357 -0.30171154
v -0.23987943 -0.08302742 -0.30251538
v -0.24180593 -0.05764281 -0.30565385
v -0.24305893 -0.04117743 -0.30692692
v -0.24411074 -0.02638513 -0.30759231
v -0.24478061 -0.01496590 -0.30783462
v -0.24507820 -0.00736975 -0.30789615
v -0.24518181 -0.00109283 -0.30791154
v -0.24518422 -0.00000053 -0.30791154
v -0.24512398 0.00549947 -0.30790385
v -0.24493241 0.01159177 -0.30786923
v -0.24449144 0.02029946 -0.30774615
v -0.24393481 0.02900330 -0.30750385
v -0.24254083 0.04803405 -0.30646923
v -0.24080348 0.07072250 -0.30421923
v -0.23618545 -0.07755051 -0.30250769
v -0.23847100 -0.08978126 -0.30106923
v -0.43703601 -0.04891142 0.17905769
v -0.43287336 -0.05015759 0.17870769
v -0.42688059 -0.05001915 0.18777692
v -0.40966012 -0.06556919 0.17365000
v -0.40912036 -0.06624612 0.17339231
v -0.40630952 -0.06647305 0.17706154
v -0.40235169 -0.07772306 0.16856154
v -0.40144808 -0.08039998 0.16726154
v -0.38683844 -0.08208080 0.18518462
v -0.26695411 -0.05083889 0.34450000
v -0.26584207 -0.05896196 0.32323462
v -0.26486135 -0.07198504 0.30448462
v -0.26406738 -0.08915041 0.28932308
v -0.24458184 -0.08961971 0.29848462
v -0.40016495 -0.08420767 0.16541538
v -0.39973844 -0.08624998 0.16433846
v -0.39917097 -0.08896921 0.16290385
v -0.39876374 -0.09221537 0.16108846
v -0.40528663 -0.07184228 0.17115000
v -0.38861314 -0.06774234 0.19918077
v -0.40550590 -0.07152305 0.17127692
v -0.40895771 -0.06644996 0.17331538
v -0.42120590 -0.05531532 0.17718077
v -0.42027819 -0.05601147 0.17695769
v -0.40852518 -0.05640382 0.19298077
v -0.41536735 -0.05968841 0.17575769
v -0.42891794 -0.05133837 0.17837692
v -0.42538903 -0.05316146 0.17783077
v -0.41095891 -0.05018074 0.21046154
v -0.36894688 -0.08383470 0.20566154
v -0.35770592 -0.08475781 0.21762308
v -0.33930592 -0.08602325 0.23564615
v -0.32081195 -0.08705408 0.25178462
v -0.30212038 -0.08789645 0.26608846
v -0.28322762 -0.08858497 0.27856923
v -0.28416496 -0.07164267 0.29363462
v -0.30320954 -0.07122722 0.28103462
v -0.32205652 -0.07071947 0.26658462
v -0.34070591 -0.07010018 0.25027308
v -0.35925772 -0.06933858 0.23204615
v -0.37058663 -0.06878855 0.21993846
v -0.28531917 -0.05880421 0.31219615
v -0.30454568 -0.05860799 0.29936923
v -0.32357459 -0.05837332 0.28463846
v -0.34240109 -0.05808480 0.26799231
v -0.36112037 -0.05773474 0.24936538
v -0.37254566 -0.05747701 0.23698077
v -0.39071072 -0.05699234 0.21571154
v -0.28662519 -0.05080036 0.33321154
v -0.30605290 -0.05074646 0.32006538
v -0.32528422 -0.05068486 0.30495769
v -0.34430350 -0.05061172 0.28786154
v -0.36319988 -0.05052320 0.26870769
v -0.37472518 -0.05045778 0.25595000
v -0.39303120 -0.05033464 0.23400000
v -0.44027336 -0.04839218 -0.17919615
v -0.25074931 -0.08948123 -0.29576538
v -0.25145051 -0.07218123 -0.31097308
v -0.27291797 -0.07184655 -0.30017692
v -0.27396978 -0.05890040 -0.31885769
v -0.27516134 -0.05082348 -0.34002308
v -0.43286493 -0.05014221 -0.17871154
v -0.42728059 -0.05001530 -0.18718462
v -0.43076373 -0.05063837 -0.17857308
v -0.42588903 -0.05297684 -0.17788077
v -0.42183361 -0.05492301 -0.17730385
v -0.40955529 -0.05019613 -0.21238077
v -0.42030349 -0.05607686 -0.17692692
v -0.40921916 -0.06636150 -0.17331923
v -0.41280831 -0.06208457 -0.17492308
v -0.40712879 -0.05645767 -0.19482692
v -0.41462036 -0.06035380 -0.17553077
v -0.40751795 -0.06838458 -0.17255769
v -0.40492277 -0.06658075 -0.17885769
v -0.40372880 -0.07471536 -0.16991538
v -0.40367940 -0.07482305 -0.16986538
v -0.40260229 -0.07713075 -0.16883077
v -0.38677579 -0.06786157 -0.20138077
v -0.40144567 -0.08039998 -0.16726154
v -0.39874206 -0.09245383 -0.16095000
v -0.40003483 -0.08471921 -0.16515385
v -0.40037458 -0.08343075 -0.16580769
v -0.38501434 -0.08227696 -0.18735000
v -0.39973844 -0.08624998 -0.16433846
v -0.39903603 -0.08987306 -0.16240769
v -0.27206617 -0.08893116 -0.28505385
v -0.29243123 -0.08826571 -0.27272692
v -0.31211315 -0.08746949 -0.25868846
v -0.33133243 -0.08649635 -0.24284615
v -0.35026134 -0.08530399 -0.22515000
v -0.36901555 -0.08382701 -0.20558846
v -0.37065651 -0.06878470 -0.21986154
v -0.35175290 -0.06966938 -0.23965769
v -0.33266616 -0.07038482 -0.25755385
v -0.31328423 -0.07096950 -0.27356154
v -0.29344086 -0.07145033 -0.28773846
v -0.38886012 -0.05704619 -0.21796923
v -0.37261434 -0.05747316 -0.23690000
v -0.35354928 -0.05788476 -0.25714615
v -0.33428663 -0.05821559 -0.27542308
v -0.31471796 -0.05848873 -0.29175000
v -0.29468182 -0.05871572 -0.30620000
v -0.39116614 -0.05034618 -0.23633077
v -0.37479506 -0.05045778 -0.25586923
v -0.35555892 -0.05056168 -0.27671154
v -0.33610591 -0.05064636 -0.29549615
v -0.31633362 -0.05071565 -0.31225385
v -0.29608664 -0.05077726 -0.32706923
v -0.38501438 -0.18735382 0.08228077
v -0.44027340 -0.17919595 0.04839231
v -0.22577709 -0.29512349 0.11047692
v -0.23379275 -0.29833501 0.09706154
v -0.23844456 -0.30122730 0.08990000
v -0.23378191 -0.29833116 0.09708077
v -0.23317468 -0.29808885 0.09809615
v -0.22650841 -0.29541580 0.10925385
v -0.25074937 -0.29576957 0.08948077
v -0.24361444 -0.30486574 0.08211538
v -0.24165901 -0.30322344 0.08495385
v -0.24142046 -0.30307729 0.08531923
v -0.23929877 -0.30175806 0.08858846
v -0.25145058 -0.31097340 0.07218462
v -0.27291805 -0.30018103 0.07185000
v -0.27396986 -0.31885794 0.05890000
v -0.27516143 -0.34002716 0.05082308
v -0.43286497 -0.17871136 0.05014231
v -0.42728064 -0.18718445 0.05001538
v -0.43076377 -0.17857291 0.05063846
v -0.42588907 -0.17788062 0.05297692
v -0.42183365 -0.17730371 0.05492308
v -0.40955535 -0.21238065 0.05019615
v -0.42030353 -0.17692679 0.05607308
v -0.40921919 -0.17331913 0.06635769
v -0.40967943 -0.17352682 0.06581154
v -0.40712883 -0.19483067 0.05645385
v -0.41280835 -0.17492681 0.06208462
v -0.41462039 -0.17553065 0.06035385
v -0.40751798 -0.17256145 0.06838462
v -0.40492281 -0.17885761 0.06658077
v -0.40372883 -0.16991531 0.07471154
v -0.40367943 -0.16986915 0.07481923
v -0.40260232 -0.16883070 0.07713077
v -0.38677583 -0.20138073 0.06785769
v -0.40144569 -0.16726532 0.08040000
v -0.39874208 -0.16095379 0.09245385
v -0.40003485 -0.16515378 0.08471923
v -0.40037461 -0.16581147 0.08343077
v -0.39903605 -0.16241148 0.08986923
v -0.27206623 -0.28505797 0.08893077
v -0.29243129 -0.27273099 0.08826538
v -0.31211321 -0.25868862 0.08746923
v -0.33133248 -0.24284626 0.08649615
v -0.35026138 -0.22515006 0.08530385
v -0.36901559 -0.20558847 0.08382692
v -0.37065656 -0.21986154 0.06878462
v -0.35175295 -0.23966159 0.06966923
v -0.33266622 -0.25755394 0.07038462
v -0.31328430 -0.27356169 0.07096923
v -0.29344093 -0.28774251 0.07145000
v -0.38886017 -0.21796917 0.05704615
v -0.37261440 -0.23690383 0.05747308
v -0.35354934 -0.25715003 0.05788462
v -0.33428670 -0.27542316 0.05821538
v -0.31471804 -0.29175398 0.05848846
v -0.29468190 -0.30620019 0.05871154
v -0.39116620 -0.23633069 0.05034615
v -0.37479512 -0.25586920 0.05045769
v -0.35555899 -0.27671540 0.05056154
v -0.33610599 -0.29550007 0.05064615
v -0.31633370 -0.31225781 0.05071538
v -0.29608672 -0.32706941 0.05077308
v -0.43703605 -0.17905750 -0.04891154
v -0.43287340 -0.17870752 -0.05015385
v -0.42685774 -0.18781138 -0.05001923
v -0.40945895 -0.17355375 -0.06581923
v -0.40912039 -0.17339221 -0.06624231
v -0.40637582 -0.17697683 -0.06646538
v -0.40235172 -0.16856147 -0.07771923
v -0.40144810 -0.16726147 -0.08040000
v -0.38690474 -0.18510766 -0.08207308
v -0.27027710 -0.34272717 -0.05083077
v -0.26913251 -0.32150026 -0.05893462
v -0.26812287 -0.30277720 -0.07192692
v -0.26730720 -0.28763490 -0.08906538
v -0.24633974 -0.29773112 -0.08958077
v -0.24677347 -0.30752342 -0.07753077
v -0.23778432 -0.30070422 -0.09086923
v -0.23847106 -0.30107345 -0.08978077
v -0.23891685 -0.30131191 -0.08907308
v -0.23943010 -0.30171576 -0.08831923
v -0.24346865 -0.30490805 -0.08238846
v -0.24609396 -0.30698496 -0.07853077
v -0.22976022 -0.29654271 -0.10368077
v -0.22577709 -0.29512349 -0.11047308
v -0.23046624 -0.29679271 -0.10247308
v -0.23352648 -0.29843116 -0.09762308
v -0.40016497 -0.16541532 -0.08420769
v -0.39917099 -0.16290379 -0.08896923
v -0.39876377 -0.16108840 -0.09221538
v -0.40528666 -0.17114992 -0.07184231
v -0.38868065 -0.19909995 -0.06773846
v -0.40559027 -0.17132684 -0.07139615
v -0.40895774 -0.17331529 -0.06644615
v -0.42120594 -0.17718448 -0.05531538
v -0.42027822 -0.17695756 -0.05601154
v -0.40859269 -0.19289220 -0.05640000
v -0.41536738 -0.17575757 -0.05968462
v -0.40966015 -0.17364990 -0.06556923
v -0.42891798 -0.17837676 -0.05133462
v -0.42536256 -0.17782677 -0.05316923
v -0.41102643 -0.21037295 -0.05018077
v -0.36901559 -0.20558847 -0.08382692
v -0.35009753 -0.22531545 -0.08531154
v -0.33163489 -0.24258088 -0.08647692
v -0.31299875 -0.25800401 -0.08742692
v -0.29412526 -0.27160791 -0.08820385
v -0.27499876 -0.28341565 -0.08884231
v -0.27587226 -0.29852333 -0.07179615
v -0.29514816 -0.28660789 -0.07141154
v -0.31417827 -0.27287323 -0.07094231
v -0.33296983 -0.25728471 -0.07037308
v -0.35158669 -0.23982312 -0.06967308
v -0.37065656 -0.21986154 -0.06878462
v -0.27695058 -0.31717332 -0.05887308
v -0.29640720 -0.30504634 -0.05869615
v -0.31562045 -0.29105013 -0.05847692
v -0.33459273 -0.27514624 -0.05821154
v -0.35338187 -0.25731542 -0.05788462
v -0.37261440 -0.23690383 -0.05747308
v -0.39077824 -0.21563071 -0.05698846
v -0.27817227 -0.33830023 -0.05081538
v -0.29782889 -0.32588479 -0.05076923
v -0.31724575 -0.31153858 -0.05071154
v -0.33641683 -0.29521545 -0.05064231
v -0.35539031 -0.27688848 -0.05056154
v -0.37479512 -0.25586920 -0.05045769
v -0.39309873 -0.23391530 -0.05033077
v -0.24030239 -0.30681190 -0.04484231
v -0.23763492 -0.30439653 -0.06604615
v -0.24441685 -0.30623881 0.06153846
v -0.24180600 -0.30565805 0.05764231
v -0.23987950 -0.30251575 0.08302692
v -0.23500118 -0.30062731 -0.08707308
v -0.24393612 -0.30532343 -0.07553077
v -0.24477468 -0.30676574 -0.05127308
v -0.24240841 -0.30784267 -0.02706923
v -0.24324697 -0.30805420 -0.01894615
v -0.24390841 -0.30813497 -0.01081538
v -0.24419516 -0.30815035 -0.00513462
v -0.24428432 -0.30815035 0.00000000
v -0.24428191 -0.30815035 0.00101923
v -0.24412649 -0.30815035 0.00687692
v -0.24368070 -0.30811574 0.01396154
v -0.24267347 -0.30792343 0.02462308
v -0.24108793 -0.30728498 0.03843462
v -0.24546263 -0.30745804 -0.03095000
v -0.24573974 -0.30762727 -0.02166154
v -0.24595902 -0.30772342 -0.01236923
v -0.24605540 -0.30775035 -0.00586923
v -0.24608552 -0.30775804 0.00000000
v -0.24608432 -0.30775804 0.00116538
v -0.24603251 -0.30774650 0.00786154
v -0.24588432 -0.30769650 0.01596538
v -0.24555058 -0.30751958 0.02815385
v -0.24502890 -0.30706573 0.04394615
v -0.23918070 -0.30595421 0.05381923
v -0.24305902 -0.30693113 0.04117308
v -0.24411082 -0.30759266 0.02638462
v -0.24478070 -0.30783497 0.01496154
v -0.24507829 -0.30789650 0.00736923
v -0.24518191 -0.30791189 0.00109231
v -0.24518432 -0.30791189 0.00000000
v -0.24512408 -0.30790419 -0.00550000
v -0.24493251 -0.30786958 -0.01159231
v -0.24449155 -0.30774650 -0.02030000
v -0.24393492 -0.30750804 -0.02900385
v -0.24254094 -0.30646959 -0.04803462
v -0.24080359 -0.30421960 -0.07072308
v -0.23618552 -0.30250807 0.07755000
v -0.46385528 -0.04438057 0.18002308
v -0.25903608 -0.18426191 -0.02237308
v -0.46385533 -0.18413049 -0.02236538
v -0.46385533 -0.18398818 -0.02453462
v -0.25903608 -0.17355423 -0.06581923
v -0.25903607 -0.15275809 -0.10544231
v -0.25903606 -0.12308887 -0.13893462
v -0.25903605 -0.08626197 -0.16435385
v -0.46385528 -0.04438057 -0.18001923
v -0.25903604 -0.04441969 -0.18022308
v -0.25903601 0.04441872 -0.18022308
v -0.25903600 0.08625716 -0.16435385
v -0.25903599 0.12308406 -0.13893462
v -0.25903598 0.15275712 -0.10544231
v -0.25903597 0.17354942 -0.06581923
v -0.46385521 0.18398853 -0.02453462
v -0.46385521 0.18412699 -0.02236538
v -0.25903597 0.18426095 -0.02237308
v -0.25903597 0.18426095 0.02237308
v -0.46385521 0.18412699 0.02236538
v -0.46385521 0.18398853 0.02453462
v -0.25903598 0.15275712 0.10544231
v -0.25903597 0.17354942 0.06581923
v -0.25903599 0.12308406 0.13893462
v -0.25903600 0.08625716 0.16435385
v -0.46385526 0.04437707 0.18002308
v -0.25903601 0.04441872 0.18022308
v -0.25903604 -0.04441969 0.18022308
v -0.25903605 -0.08626197 0.16435385
v -0.25903606 -0.12308887 0.13893462
v -0.25903607 -0.15275809 0.10544231
v -0.25903608 -0.17355423 0.06581923
v -0.46385533 -0.18398818 0.02453462
v -0.46385533 -0.18413049 0.02236538
v -0.25903608 -0.18426191 0.02237308
v -0.46385528 -0.02453443 -0.18398462
v -0.25903603 -0.00000048 -0.18561538
v -0.46385527 0.00000017 -0.18561538
v -0.46385533 -0.18561511 0.00000000
v -0.46385528 -0.02453443 0.18398846
v -0.25903603 -0.00000048 0.18561538
v -0.46385526 0.02453477 0.18398846
v -0.46385527 0.00000017 0.18561538
v -0.46385521 0.18561545 0.00000000
v -0.46385526 0.02453477 -0.18398462
v -0.46385526 0.04437707 -0.18001923
v -0.25903603 -0.00000048 0.00000000
v -0.47090714 -0.18783431 0.00000000
v -0.47090714 -0.18618431 -0.02482692
v -0.47090714 -0.18618431 0.02483077
v -0.47768786 -0.19269198 0.02569615
v -0.48393605 -0.20326118 0.02710385
v -0.49390835 -0.23481883 0.03131538
v -0.48941317 -0.21748808 0.02900385
v -0.49724812 -0.25459188 0.03395000
v -0.49930475 -0.27604571 0.03681154
v -0.49930475 -0.27604571 -0.03681154
v -0.49724812 -0.25459188 -0.03395000
v -0.49390835 -0.23481883 -0.03131538
v -0.48941317 -0.21748808 -0.02900385
v -0.48393605 -0.20326118 -0.02710385
v -0.47768786 -0.19269198 -0.02569615
v -0.47768786 -0.19439967 0.00000000
v -0.48393605 -0.20506118 0.00000000
v -0.48941317 -0.21941116 0.00000000
v -0.49390835 -0.23689575 0.00000000
v -0.49724812 -0.25684573 0.00000000
v -0.49930475 -0.27849186 0.00000000
v -0.47090707 0.02482710 0.18618462
v -0.47768779 0.02569636 0.19269231
v -0.48393598 0.02710407 0.20326154
v -0.49390827 0.03131563 0.23481923
v -0.48941309 0.02900024 0.21748462
v -0.49724803 0.03395026 0.25459231
v -0.49930465 0.03681180 0.27604615
v -0.49930467 -0.03681123 0.27604615
v -0.49724805 -0.03394970 0.25459231
v -0.49390829 -0.03131510 0.23481923
v -0.48941311 -0.02900358 0.21748462
v -0.48393600 -0.02710744 0.20326154
v -0.47768781 -0.02569592 0.19269231
v -0.47090708 -0.02483056 0.18618462
v -0.49930466 0.00000029 0.27849231
v -0.49724804 0.00000028 0.25684615
v -0.49390828 0.00000027 0.23689615
v -0.48941310 0.00000025 0.21941154
v -0.48393599 0.00000024 0.20506154
v -0.47768780 0.00000022 0.19440000
v -0.47090708 0.00000019 0.18783077
v -0.47090708 -0.02483056 -0.18618462
v -0.47768781 -0.02569592 -0.19269231
v -0.48393600 -0.02710744 -0.20326154
v -0.49390829 -0.03131510 -0.23481538
v -0.48941311 -0.02900358 -0.21748462
v -0.49724805 -0.03394970 -0.25459231
v -0.49930467 -0.03681123 -0.27604615
v -0.49930465 0.03681180 -0.27604615
v -0.49724803 0.03395026 -0.25459231
v -0.49390827 0.03131563 -0.23481538
v -0.48941309 0.02900024 -0.21748462
v -0.48393598 0.02710407 -0.20326154
v -0.47768779 0.02569636 -0.19269231
v -0.47090707 0.02482710 -0.18618462
v -0.49930466 0.00000029 -0.27848846
v -0.49724804 0.00000028 -0.25684231
v -0.49390828 0.00000027 -0.23689615
v -0.48941310 0.00000025 -0.21941154
v -0.48393599 0.00000024 -0.20506154
v -0.47768780 0.00000022 -0.19440000
v -0.47090708 0.00000019 -0.18783077
v -0.47090702 0.18783086 0.00000000
v -0.47090702 0.18618470 0.02483077
v -0.47090702 0.18618470 -0.02482692
v -0.47768774 0.19269241 -0.02569615
v -0.48393593 0.20326166 -0.02710385
v -0.49390820 0.23481552 -0.03131538
v -0.48941303 0.21748474 -0.02900385
v -0.49724796 0.25458859 -0.03395000
v -0.49930458 0.27604243 -0.03681154
v -0.49930458 0.27604243 0.03681154
v -0.49724796 0.25458859 0.03395000
v -0.49390820 0.23481552 0.03131538
v -0.48941303 0.21748474 0.02900385
v -0.48393593 0.20326166 0.02710385
v -0.47768774 0.19269241 0.02569615
v -0.47768774 0.19439626 0.00000000
v -0.48393593 0.20505781 0.00000000
v -0.48941303 0.21941167 0.00000000
v -0.49390820 0.23689629 0.00000000
v -0.49724796 0.25684244 0.00000000
v -0.49930458 0.27848859 0.00000000
v -0.23493964 -0.00000056 0.00000000
v 0.09638561 -0.00000162 0.18269231
v 0.09638559 -0.04372467 0.17738462
v 0.09638557 -0.12114770 0.13675000
v 0.09638556 -0.15035538 0.10378077
v 0.09638558 -0.08490157 0.16176538
v 0.09638555 -0.18136305 0.02201923
v 0.09638555 -0.18136305 -0.02201923
v 0.09638555 -0.17082459 0.06478462
v 0.09638556 -0.15035538 -0.10378077
v 0.09638557 -0.12114770 -0.13674615
v 0.09638555 -0.17082459 -0.06478462
v 0.09638559 -0.04372467 -0.17738462
v 0.09638561 -0.00000162 -0.18269231
v 0.09638558 -0.08490157 -0.16176538
v 0.09638563 0.08489834 -0.16176538
v 0.09638564 0.12114447 -0.13674615
v 0.09638562 0.04371759 -0.17738462
v 0.09638566 0.17081752 -0.06478462
v 0.09638566 0.18135597 -0.02201923
v 0.09638565 0.15034830 -0.10378077
v 0.09638566 0.17081752 0.06478462
v 0.09638565 0.15034830 0.10378077
v 0.09638566 0.18135597 0.02201923
v 0.09638563 0.08489834 0.16176538
v 0.09638562 0.04371759 0.17738462
v 0.09638564 0.12114447 0.13675000
v 0.42771085 -0.00000267 0.00000000
vt 0.00000000 0.00000000
vt 0.00000000 0.00000000
vt 0.00000000 0.00000000
vt 0.00000000 0.00000000
vt 0.00000000 0.00000000
vt 0.00000000 0.00000000
vt 0.00000000 0.00000000
vt 0.00000000 0.00000000
vt 0.00000000 0.00000000
vt 0.00000000 0.00000000
vt 0.00000000 0.00000000
vt 0.00000000 0.00000000
vt 0.00000000 0.00000000
vt 0.00000000 0.00000000
vt 0.00000000 0.00000000
vt 0.00000000 0.00000000
vt 0.00000000 0.00000000
vt 0.00000000 0.00000000
vt 0.00000000 0.00000000
vt 0.00000000 0.00000000
vt 0.00000000 0.00000000
vt 0.00000000 0.00000000
vt 0.00000000 0.00000000
vt 0.00000000 0.00000000
vt 0.00000000 0.00000000
vt 0.00000000 0.00000000
vt 0.00000000 0.00000000
vt 0.00000000 0.00000000
vt 0.00000000 0.00000000
vt 0.00000000 0.00000000
vt 0.00000000 0.00000000
vt 0.00000000 0.00000000
vt 0.00000000 0.00000000
vt 0.00000000 0.00000000
vt 0.00000000 0.00000000
vt 0.00000000 0.00000000
vt 0.00000000 0.00000000
vt 0.00000000 0.00000000
vt 0.00000000 0.00000000
vt 0.00000000 0.00000000
vt 0.00000000 0.00000000
vt 0.00000000 0.00000000
vt 0.00000000 0.00000000
vt 0.00000000 0.00000000
vt 0.00000000 0.00000000
vt 0.00000000 0.00000000
vt 0.00000000 0.00000000
vt 0.00000000 0.00000000
vt 0.00000000 0.00000000
vt 0.00000000 0.00000000
vt 0.00000000 0.00000000
vt 0.00000000 0.00000000
vt 0.00000000 0.00000000
vt 0.00000000 0.00000000
vt 0.00000000 0.00000000
vt 0.00000000 0.00000000
vt 0.00000000 0.00000000
vt 0.00000000 0.00000000
vt 0.00000000 0.00000000
vt 0.00000000 0.00000000
vt 0.00000000 0.00000000
vt 0.00000000 0.00000000
vt 0.00000000 0.00000000
vt 0.00000000 0.00000000
vt 0.00000000 0.00000000
vt 0.00000000 0.00000000
vt 0.00000000 0.00000000
vt 0.00000000 0.00000000
vt 0.00000000 0.00000000
vt 0.00000000 0.00000000
vt 0.00000000 0.00000000
vt 0.00000000 0.00000000
vt 0.00000000 0.00000000
vt 0.00000000 0.00000000
vt 0.00000000 0.00000000
vt 0.00000000 0.00000000
vt 0.00000000 0.00000000
vt 0.00000000 0.00000000
vt 0.00000000 0.00000000
vt 0.00000000 0.00000000
vt 0.00000000 0.00000000
vt 0.00000000 0.00000000
vt 0.00000000 0.00000000
vt 0.00000000 0.00000000
vt 0.00000000 0.00000000
vt 0.00000000 0.00000000
vt 0.00000000 0.00000000
vt 0.00000000 0.00000000
vt 0.00000000 0.00000000
vt 0.00000000 0.00000000
vt 0.00000000 0.00000000
vt 0.00000000 0.00000000
vt 0.00000000 0.00000000
vt 0.00000000 0.00000000
vt 0.00000000 0.00000000
vt 0.00000000 0.00000000
vt 0.00000000 0.00000000
vt 0.00000000 0.00000000
vt 0.00000000 0.00000000
vt 0.00000000 0.00000000
vt 0.00000000 0.00000000
vt 0.00000000 0.00000000
vt 0.00000000 0.00000000
vt 0.00000000 0.00000000
vt 0.00000000 0.00000000
vt 0.00000000 0.00000000
vt 0.00000000 0.00000000
vt 0.00000000 0.00000000
vt 0.00000000 0.00000000
vt 0.00000000 0.00000000
vt 0.00000000 0.00000000
vt 0.00000000 0.00000000
vt 0.00000000 0.00000000
vt 0.00000000 0.00000000
vt 0.00000000 0.00000000
vt 0.00000000 0.00000000
vt 0.00000000 0.00000000
vt 0.00000000 0.00000000
vt 0.00000000 0.00000000
vt 0.00000000 0.00000000
vt 0.00000000 0.00000000
vt 0.00000000 0.00000000
vt 0.00000000 0.00000000
vt 0.00000000 0.00000000
vt 0.00000000 0.00000000
vt 0.00000000 0.00000000
vt 0.00000000 0.00000000
vt 0.00000000 0.00000000
vt 0.00000000 0.00000000
vt 0.00000000 0.00000000
vt 0.00000000 0.00000000
vt 0.00000000 0.00000000
vt 0.00000000 0.00000000
vt 0.00000000 0.00000000
vt 0.00000000 0.00000000
vt 0.00000000 0.00000000
vt 0.00000000 0.00000000
vt 0.00000000 0.00000000
vt 0.00000000 0.00000000
vt 0.00000000 0.00000000
vt 0.00000000 0.00000000
vt 0.00000000 0.00000000
vt 0.00000000 0.00000000
vt 0.00000000 0.00000000
vt 0.00000000 0.00000000
vt 0.00000000 0.00000000
vt 0.00000000 0.00000000
vt 0.00000000 0.00000000
vt 0.00000000 0.00000000
vt 0.00000000 0.00000000
vt 0.00000000 0.00000000
vt 0.00000000 0.00000000
vt 0.00000000 0.00000000
vt 0.00000000 0.00000000
vt 0.00000000 0.00000000
vt 0.00000000 0.00000000
vt 0.00000000 0.00000000
vt 0.00000000 0.00000000
vt 0.00000000 0.00000000
vt 0.00000000 0.00000000
vt 0.00000000 0.00000000
vt 0.00000000 0.00000000
vt 0.00000000 0.00000000
vt 0.00000000 0.00000000
vt 0.00000000 0.00000000
vt 0.00000000 0.00000000
vt 0.00000000 0.00000000
vt 0.00000000 0.00000000
vt 0.00000000 0.00000000
vt 0.00000000 0.00000000
vt 0.00000000 0.00000000
vt 0.00000000 0.00000000
vt 0.00000000 0.00000000
vt 0.00000000 0.00000000
vt 0.00000000 0.00000000
vt 0.00000000 0.00000000
vt 0.00000000 0.00000000
vt 0.00000000 0.00000000
vt 0.00000000 0.00000000
vt 0.00000000 0.00000000
vt 0.00000000 0.00000000
vt 0.00000000 0.00000000
vt 0.00000000 0.00000000
vt 0.00000000 0.00000000
vt 0.00000000 0.00000000
vt 0.00000000 0.00000000
vt 0.00000000 0.00000000
vt 0.00000000 0.00000000
vt 0.00000000 0.00000000
vt 0.00000000 0.00000000
vt 0.00000000 0.00000000
vt 0.00000000 0.00000000
vt 0.00000000 0.00000000
vt 0.00000000 0.00000000
vt 0.00000000 0.00000000
vt 0.00000000 0.00000000
vt 0.00000000 0.00000000
vt 0.00000000 0.00000000
vt 0.00000000 0.00000000
vt 0.00000000 0.00000000
vt 0.00000000 0.00000000
vt 0.00000000 0.00000000
vt 0.00000000 0.00000000
vt 0.00000000 0.00000000
vt 0.00000000 0.00000000
vt 0.00000000 0.00000000
vt 0.00000000 0.00000000
vt 0.00000000 0.00000000
vt 0.00000000 0.00000000
vt 0.00000000 0.00000000
vt 0.00000000 0.00000000
vt 0.00000000 0.00000000
vt 0.00000000 0.00000000
vt 0.00000000 0.00000000
vt 0.00000000 0.00000000
vt 0.00000000 0.00000000
vt 0.00000000 0.00000000
vt 0.00000000 0.00000000
vt 0.00000000 0.00000000
vt 0.00000000 0.00000000
vt 0.00000000 0.00000000
vt 0.00000000 0.00000000
vt 0.00000000 0.00000000
vt 0.00000000 0.00000000
vt 0.00000000 0.00000000
vt 0.00000000 0.00000000
vt 0.00000000 0.00000000
vt 0.00000000 0.00000000
vt 0.00000000 0.00000000
vt 0.00000000 0.00000000
vt 0.00000000 0.00000000
vt 0.00000000 0.00000000
vt 0.00000000 0.00000000
vt 0.00000000 0.00000000
vt 0.00000000 0.00000000
vt 0.00000000 0.00000000
vt 0.00000000 0.00000000
vt 0.00000000 0.00000000
vt 0.00000000 0.00000000
vt 0.00000000 0.00000000
vt 0.00000000 0.00000000
vt 0.00000000 0.00000000
vt 0.00000000 0.00000000
vt 0.00000000 0.00000000
vt 0.00000000 0.00000000
vt 0.00000000 0.00000000
vt 0.00000000 0.00000000
vt 0.00000000 0.00000000
vt 0.00000000 0.00000000
vt 0.00000000 0.00000000
vt 0.00000000 0.00000000
vt 0.00000000 0.00000000
vt 0.00000000 0.00000000
vt 0.00000000 0.00000000
vt 0.00000000 0.00000000
vt 0.00000000 0.00000000
vt 0.00000000 0.00000000
vt 0.00000000 0.00000000
vt 0.00000000 0.00000000
vt 0.00000000 0.00000000
vt 0.00000000 0.00000000
vt 0.00000000 0.00000000
vt 0.00000000 0.00000000
vt 0.00000000 0.00000000
vt 0.00000000 0.00000000
vt 0.00000000 0.00000000
vt 0.00000000 0.00000000
vt 0.00000000 0.00000000
vt 0.00000000 0.00000000
vt 0.00000000 0.00000000
vt 0.00000000 0.00000000
vt 0.00000000 0.00000000
vt 0.00000000 0.00000000
vt 0.00000000 0.00000000
vt 0.00000000 0.00000000
vt 0.00000000 0.00000000
vt 0.00000000 0.00000000
vt 0.00000000 0.00000000
vt 0.00000000 0.00000000
vt 0.00000000 0.00000000
vt 0.00000000 0.00000000
vt 0.00000000 0.00000000
vt 0.00000000 0.00000000
vt 0.00000000 0.00000000
vt 0.00000000 0.00000000
vt 0.00000000 0.00000000
vt 0.00000000 0.00000000
vt 0.00000000 0.00000000
vt 0.00000000 0.00000000
vt 0.00000000 0.00000000
vt 0.00000000 0.00000000
vt 0.00000000 0.00000000
vt 0.00000000 0.00000000
vt 0.00000000 0.00000000
vt 0.00000000 0.00000000
vt 0.00000000 0.00000000
vt 0.00000000 0.00000000
vt 0.00000000 0.00000000
vt 0.00000000 0.00000000
vt 0.00000000 0.00000000
vt 0.00000000 0.00000000
vt 0.00000000 0.00000000
vt 0.00000000 0.00000000
vt 0.00000000 0.00000000
vt 0.00000000 0.00000000
vt 0.00000000 0.00000000
vt 0.00000000 0.00000000
vt 0.00000000 0.00000000
vt 0.00000000 0.00000000
vt 0.00000000 0.00000000
vt 0.00000000 0.00000000
vt 0.00000000 0.00000000
vt 0.00000000 0.00000000
vt 0.00000000 0.00000000
vt 0.00000000 0.00000000
vt 0.00000000 0.00000000
vt 0.00000000 0.00000000
vt 0.00000000 0.00000000
vt 0.00000000 0.00000000
vt 0.00000000 0.00000000
vt 0.00000000 0.00000000
vt 0.00000000 0.00000000
vt 0.00000000 0.00000000
vt 0.00000000 0.00000000
vt 0.00000000 0.00000000
vt 0.00000000 0.00000000
vt 0.00000000 0.00000000
vt 0.00000000 0.00000000
vt 0.00000000 0.00000000
vt 0.00000000 0.00000000
vt 0.00000000 0.00000000
vt 0.00000000 0.00000000
vt 0.00000000 0.00000000
vt 0.00000000 0.00000000
vt 0.00000000 0.00000000
vt 0.00000000 0.00000000
vt 0.00000000 0.00000000
vt 0.00000000 0.00000000
vt 0.00000000 0.00000000
vt 0.00000000 0.00000000
vt 0.00000000 0.00000000
vt 0.00000000 0.00000000
vt 0.00000000 0.00000000
vt 0.00000000 0.00000000
vt 0.00000000 0.00000000
vt 0.00000000 0.00000000
vt 0.00000000 0.00000000
vt 0.00000000 0.00000000
vt 0.00000000 0.00000000
vt 0.00000000 0.00000000
vt 0.00000000 0.00000000
vt 0.00000000 0.00000000
vt 0.00000000 0.00000000
vt 0.00000000 0.00000000
vt 0.00000000 0.00000000
vt 0.00000000 0.00000000
vt 0.00000000 0.00000000
vt 0.00000000 0.00000000
vt 0.00000000 0.00000000
vt 0.00000000 0.00000000
vt 0.00000000 0.00000000
vt 0.00000000 0.00000000
vt 0.00000000 0.00000000
vt 0.00000000 0.00000000
vt 0.00000000 0.00000000
vt 0.00000000 0.00000000
vt 0.00000000 0.00000000
vt 0.00000000 0.00000000
vt 0.00000000 0.00000000
vt 0.00000000 0.00000000
vt 0.00000000 0.00000000
vt 0.00000000 0.00000000
vt 0.00000000 0.00000000
vt 0.00000000 0.00000000
vt 0.00000000 0.00000000
vt 0.00000000 0.00000000
vt 0.00000000 0.00000000
vt 0.00000000 0.00000000
vt 0.00000000 0.00000000
vt 0.00000000 0.00000000
vt 0.00000000 0.00000000
vt 0.00000000 0.00000000
vt 0.00000000 0.00000000
vt 0.00000000 0.00000000
vt 0.00000000 0.00000000
vt 0.00000000 0.00000000
vt 0.00000000 0.00000000
vt 0.00000000 0.00000000
vt 0.00000000 0.00000000
vt 0.00000000 0.00000000
vt 0.00000000 0.00000000
vt 0.00000000 0.00000000
vt 0.00000000 0.00000000
vt 0.00000000 0.00000000
vt 0.00000000 0.00000000
vt 0.00000000 0.00000000
vt 0.00000000 0.00000000
vt 0.00000000 0.00000000
vt 0.00000000 0.00000000
vt 0.00000000 0.00000000
vt 0.00000000 0.00000000
vt 0.00000000 0.00000000
vt 0.00000000 0.00000000
vt 0.00000000 0.00000000
vt 0.00000000 0.00000000
vt 0.00000000 0.00000000
vt 0.00000000 0.00000000
vt 0.00000000 0.00000000
vt 0.00000000 0.00000000
vt 0.00000000 0.00000000
vt 0.00000000 0.00000000
vt 0.00000000 0.00000000
vt 0.00000000 0.00000000
vt 0.00000000 0.00000000
vt 0.00000000 0.00000000
vt 0.00000000 0.00000000
vt 0.00000000 0.00000000
vt 0.00000000 0.00000000
vt 0.00000000 0.00000000
vt 0.00000000 0.00000000
vt 0.00000000 0.00000000
vt 0.00000000 0.00000000
vt 0.00000000 0.00000000
vt 0.00000000 0.00000000
vt 0.00000000 0.00000000
vt 0.00000000 0.00000000
vt 0.00000000 0.00000000
vt 0.00000000 0.00000000
vt 0.00000000 0.00000000
vt 0.00000000 0.00000000
vt 0.00000000 0.00000000
vt 0.00000000 0.00000000
vt 0.00000000 0.00000000
vt 0.00000000 0.00000000
vt 0.00000000 0.00000000
vt 0.00000000 0.00000000
vt 0.00000000 0.00000000
vt 0.00000000 0.00000000
vt 0.00000000 0.00000000
vt 0.00000000 0.00000000
vt 0.00000000 0.00000000
vt 0.00000000 0.00000000
vt 0.00000000 0.00000000
vt 0.00000000 0.00000000
vt 0.00000000 0.00000000
vt 0.00000000 0.00000000
vt 0.00000000 0.00000000
vt 0.00000000 0.00000000
vt 0.00000000 0.00000000
vt 0.00000000 0.00000000
vt 0.00000000 0.00000000
vt 0.00000000 0.00000000
vt 0.00000000 0.00000000
vt 0.00000000 0.00000000
vt 0.00000000 0.00000000
vt 0.00000000 0.00000000
vt 0.00000000 0.00000000
vt 0.00000000 0.00000000
vt 0.00000000 0.00000000
vt 0.00000000 0.00000000
vt 0.00000000 0.00000000
vt 0.00000000 0.00000000
vt 0.00000000 0.00000000
vt 0.00000000 0.00000000
vt 0.00000000 0.00000000
vt 0.00000000 0.00000000
vt 0.00000000 0.00000000
vt 0.00000000 0.00000000
vt 0.00000000 0.00000000
vt 0.00000000 0.00000000
vt 0.00000000 0.00000000
vt 0.00000000 0.00000000
vt 0.00000000 0.00000000
vt 0.00000000 0.00000000
vt 0.00000000 0.00000000
vt 0.00000000 0.00000000
vt 0.00000000 0.00000000
vt 0.00000000 0.00000000
vt 0.00000000 0.00000000
vt 0.00000000 0.00000000
vt 0.00000000 0.00000000
vt 0.00000000 0.00000000
vt 0.00000000 0.00000000
vt 0.00000000 0.00000000
vt 0.00000000 0.00000000
vt 0.00000000 0.00000000
vt 0.00000000 0.00000000
vt 0.00000000 0.00000000
vt 0.00000000 0.00000000
vt 0.00000000 0.00000000
vt 0.00000000 0.00000000
vt 0.00000000 0.00000000
vt 0.00000000 0.00000000
vt 0.00000000 0.00000000
vt 0.00000000 0.00000000
vt 0.00000000 0.00000000
vt 0.00000000 0.00000000
vt 0.00000000 0.00000000
vt 0.00000000 0.00000000
vt 0.00000000 0.00000000
vt 0.00000000 0.00000000
vt 0.00000000 0.00000000
vt 0.00000000 0.00000000
vt 0.00000000 0.00000000
vt 0.00000000 0.00000000
vt 0.00000000 0.00000000
vt 0.00000000 0.00000000
vt 0.00000000 0.00000000
vt 0.00000000 0.00000000
vt 0.00000000 0.00000000
vt 0.00000000 0.00000000
vt 0.00000000 0.00000000
vt 0.00000000 0.00000000
vt 0.00000000 0.00000000
vt 0.00000000 0.00000000
vt 0.00000000 0.00000000
vt 0.00000000 0.00000000
vt 0.00000000 0.00000000
vt 0.00000000 0.00000000
vt 0.00000000 0.00000000
vt 0.00000000 0.00000000
vt 0.00000000 0.00000000
vt 0.00000000 0.00000000
vt 0.00000000 0.00000000
vt 0.00000000 0.00000000
vt 0.00000000 0.00000000
vt 0.00000000 0.00000000
vt 0.00000000 0.00000000
vt 0.00000000 0.00000000
vt 0.00000000 0.00000000
vt 0.00000000 0.00000000
vt 0.00000000 0.00000000
vt 0.00000000 0.00000000
vt 0.00000000 0.00000000
vt 0.00000000 0.00000000
vt 0.00000000 0.00000000
vt 0.00000000 0.00000000
vt 0.00000000 0.00000000
vt 0.00000000 0.00000000
vt 0.00000000 0.00000000
vt 0.00000000 0.00000000
vt 0.00000000 0.00000000
vt 0.00000000 0.00000000
vt 0.00000000 0.00000000
vt 0.00000000 0.00000000
vt 0.00000000 0.00000000
vt 0.00000000 0.00000000
vt 0.00000000 0.00000000
vt 0.00000000 0.00000000
vt 0.00000000 0.00000000
vt 0.00000000 0.00000000
vt 0.00000000 0.00000000
vt 0.00000000 0.00000000
vt 0.00000000 0.00000000
vt 0.00000000 0.00000000
vt 0.00000000 0.00000000
vt 0.00000000 0.00000000
vt 0.00000000 0.00000000
vt 0.00000000 0.00000000
vt 0.00000000 0.00000000
vt 0.00000000 0.00000000
vt 0.00000000 0.00000000
vt 0.00000000 0.00000000
vt 0.00000000 0.00000000
vt 0.00000000 0.00000000
vt 0.00000000 0.00000000
vt 0.00000000 0.00000000
vt 0.00000000 0.00000000
vt 0.00000000 0.00000000
vt 0.00000000 0.00000000
vt 0.00000000 0.00000000
vt 0.00000000 0.00000000
vt 0.00000000 0.00000000
vt 0.00000000 0.00000000
vt 0.00000000 0.00000000
vt 0.00000000 0.00000000
vt 0.00000000 0.00000000
vt 0.00000000 0.00000000
vt 0.00000000 0.00000000
vt 0.00000000 0.00000000
vt 0.00000000 0.00000000
vt 0.00000000 0.00000000
vt 0.00000000 0.00000000
vt 0.00000000 0.00000000
vt 0.00000000 0.00000000
vt 0.00000000 0.00000000
vt 0.00000000 0.00000000
vt 0.00000000 0.00000000
vt 0.00000000 0.00000000
vt 0.00000000 0.00000000
vt 0.00000000 0.00000000
vt 0.00000000 0.00000000
vt 0.00000000 0.00000000
vt 0.00000000 0.00000000
vt 0.00000000 0.00000000
vt 0.00000000 0.00000000
vt 0.00000000 0.00000000
vt 0.00000000 0.00000000
vt 0.00000000 0.00000000
vt 0.00000000 0.00000000
vt 0.00000000 0.00000000
vt 0.00000000 0.00000000
vt 0.00000000 0.00000000
vt 0.00000000 0.00000000
vt 0.00000000 0.00000000
vt 0.00000000 0.00000000
vt 0.00000000 0.00000000
vt 0.00000000 0.00000000
vt 0.00000000 0.00000000
vt 0.00000000 0.00000000
vt 0.00000000 0.00000000
vt 0.00000000 0.00000000
vt 0.00000000 0.00000000
vt 0.00000000 0.00000000
vt 0.00000000 0.00000000
vt 0.00000000 0.00000000
vt 0.00000000 0.00000000
vt 0.00000000 0.00000000
vt 0.00000000 0.00000000
vt 0.00000000 0.00000000
vt 0.00000000 0.00000000
vt 0.00000000 0.00000000
vt 0.00000000 0.00000000
vt 0.00000000 0.00000000
vt 0.00000000 0.00000000
vt 0.00000000 0.00000000
vt 0.00000000 0.00000000
vt 0.00000000 0.00000000
vt 0.00000000 0.00000000
vt 0.00000000 0.00000000
vt 0.00000000 0.00000000
vt 0.00000000 0.00000000
vt 0.00000000 0.00000000
vt 0.00000000 0.00000000
vt 0.00000000 0.00000000
vt 0.00000000 0.00000000
vt 0.00000000 0.00000000
vt 0.00000000 0.00000000
vt 0.00000000 0.00000000
vt 0.00000000 0.00000000
vt 0.00000000 0.00000000
vt 0.00000000 0.00000000
vt 0.00000000 0.00000000
vt 0.00000000 0.00000000
vt 0.00000000 0.00000000
vt 0.00000000 0.00000000
vt 0.00000000 0.00000000
vt 0.00000000 0.00000000
vt 0.00000000 0.00000000
vt 0.00000000 0.00000000
vt 0.00000000 0.00000000
vt 0.00000000 0.00000000
vt 0.00000000 0.00000000
vt 0.00000000 0.00000000
vt 0.00000000 0.00000000
vt 0.00000000 0.00000000
vt 0.00000000 0.00000000
vt 0.00000000 0.00000000
vt 0.00000000 0.00000000
vt 0.00000000 0.00000000
vt 0.00000000 0.00000000
vt 0.00000000 0.00000000
vt 0.00000000 0.00000000
vt 0.00000000 0.00000000
vt 0.00000000 0.00000000
vt 0.00000000 0.00000000
vt 0.00000000 0.00000000
vt 0.00000000 0.00000000
vt 0.00000000 0.00000000
vt 0.00000000 0.00000000
vt 0.00000000 0.00000000
vt 0.00000000 0.00000000
vt 0.00000000 0.00000000
vt 0.00000000 0.00000000
vt 0.00000000 0.00000000
vt 0.00000000 0.00000000
vt 0.00000000 0.00000000
vt 0.00000000 0.00000000
vt 0.00000000 0.00000000
vt 0.00000000 0.00000000
vt 0.00000000 0.00000000
vt 0.00000000 0.00000000
vt 0.00000000 0.00000000
vt 0.00000000 0.00000000
vt 0.00000000 0.00000000
vt 0.00000000 0.00000000
vt 0.00000000 0.00000000
vt 0.00000000 0.00000000
vt 0.00000000 0.00000000
vt 0.00000000 0.00000000
vt 0.00000000 0.00000000
vt 0.00000000 0.00000000
vt 0.00000000 0.00000000
vt 0.00000000 0.00000000
vt 0.00000000 0.00000000
vt 0.00000000 0.00000000
vt 0.00000000 0.00000000
vt 0.00000000 0.00000000
vt 0.00000000 0.00000000
vt 0.00000000 0.00000000
vt 0.00000000 0.00000000
vt 0.00000000 0.00000000
vt 0.00000000 0.00000000
vt 0.00000000 0.00000000
vt 0.00000000 0.00000000
vt 0.00000000 0.00000000
vt 0.00000000 0.00000000
vt 0.00000000 0.00000000
vt 0.00000000 0.00000000
vt 0.00000000 0.00000000
vt 0.00000000 0.00000000
vt 0.00000000 0.00000000
vt 0.00000000 0.00000000
vt 0.00000000 0.00000000
vt 0.00000000 0.00000000
vt 0.00000000 0.00000000
vt 0.00000000 0.00000000
vt 0.00000000 0.00000000
vt 0.00000000 0.00000000
vt 0.00000000 0.00000000
vt 0.00000000 0.00000000
vt 0.00000000 0.00000000
vt 0.00000000 0.00000000
vt 0.00000000 0.00000000
vt 0.00000000 0.00000000
vt 0.00000000 0.00000000
vt 0.00000000 0.00000000
vt 0.00000000 0.00000000
vt 0.00000000 0.00000000
vt 0.00000000 0.00000000
vt 0.00000000 0.00000000
vt 0.00000000 0.00000000
vt 0.00000000 0.00000000
vt 0.00000000 0.00000000
vt 0.00000000 0.00000000
vt 0.00000000 0.00000000
vt 0.00000000 0.00000000
vt 0.00000000 0.00000000
vt 0.00000000 0.00000000
vt 0.00000000 0.00000000
vt 0.00000000 0.00000000
vt 0.00000000 0.00000000
vt 0.00000000 0.00000000
vt 0.00000000 0.00000000
vt 0.00000000 0.00000000
vt 0.00000000 0.00000000
vt 0.00000000 0.00000000
vt 0.00000000 0.00000000
vt 0.00000000 0.00000000
vt 0.00000000 0.00000000
vt 0.00000000 0.00000000
vt 0.00000000 0.00000000
vt 0.00000000 0.00000000
vt 0.00000000 0.00000000
vt 0.00000000 0.00000000
vt 0.00000000 0.00000000
vt 0.00000000 0.00000000
vt 0.00000000 0.00000000
vt 0.00000000 0.00000000
vt 0.00000000 0.00000000
vt 0.00000000 0.00000000
vt 0.00000000 0.00000000
vt 0.00000000 0.00000000
vt 0.00000000 0.00000000
vt 0.00000000 0.00000000
vt 0.00000000 0.00000000
vt 0.00000000 0.00000000
vt 0.00000000 0.00000000
vt 0.00000000 0.00000000
vt 0.00000000 0.00000000
vt 0.00000000 0.00000000
vt 0.00000000 0.00000000
vt 0.00000000 0.00000000
vt 0.00000000 0.00000000
vt 0.00000000 0.00000000
vt 0.00000000 0.00000000
vt 0.00000000 0.00000000
vt 0.00000000 0.00000000
vt 0.00000000 0.00000000
vt 0.00000000 0.00000000
vt 0.00000000 0.00000000
vt 0.00000000 0.00000000
vt 0.00000000 0.00000000
vt 0.00000000 0.00000000
vt 0.00000000 0.00000000
vt 0.00000000 0.00000000
vt 0.00000000 0.00000000
vt 0.00000000 0.00000000
vt 0.00000000 0.00000000
vt 0.00000000 0.00000000
vt 0.00000000 0.00000000
vt 0.00000000 0.00000000
vt 0.00000000 0.00000000
vt 0.00000000 0.00000000
vt 0.00000000 0.00000000
vt 0.00000000 0.00000000
vt 0.00000000 0.00000000
vt 0.00000000 0.00000000
vt 0.00000000 0.00000000
vt 0.00000000 0.00000000
vt 0.00000000 0.00000000
vt 0.00000000 0.00000000
vt 0.00000000 0.00000000
vt 0.00000000 0.00000000
vt 0.00000000 0.00000000
vt 0.00000000 0.00000000
vt 0.00000000 0.00000000
vt 0.00000000 0.00000000
vt 0.00000000 0.00000000
vt 0.00000000 0.00000000
vt 0.00000000 0.00000000
vt 0.00000000 0.00000000
vt 0.00000000 0.00000000
vt 0.00000000 0.00000000
vt 0.00000000 0.00000000
vt 0.00000000 0.00000000
vt 0.00000000 0.00000000
vt 0.00000000 0.00000000
vt 0.00000000 0.00000000
vt 0.00000000 0.00000000
vt 0.00000000 0.00000000
vt 0.00000000 0.00000000
vt 0.00000000 0.00000000
vt 0.00000000 0.00000000
vt 0.00000000 0.00000000
vt 0.00000000 0.00000000
vt 0.00000000 0.00000000
vt 0.00000000 0.00000000
vt 0.00000000 0.00000000
vt 0.00000000 0.00000000
vt 0.00000000 0.00000000
vt 0.00000000 0.00000000
vt 0.00000000 0.00000000
vt 0.00000000 0.00000000
vt 0.00000000 0.00000000
vt 0.00000000 0.00000000
vt 0.00000000 0.00000000
vt 0.00000000 0.00000000
vt 0.00000000 0.00000000
vt 0.00000000 0.00000000
vt 0.00000000 0.00000000
vt 0.00000000 0.00000000
vt 0.00000000 0.00000000
vt 0.00000000 0.00000000
vt 0.00000000 0.00000000
vt 0.00000000 0.00000000
vt 0.00000000 0.00000000
vt 0.00000000 0.00000000
vt 0.00000000 0.00000000
vt 0.00000000 0.00000000
vt 0.00000000 0.00000000
vt 0.00000000 0.00000000
vt 0.00000000 0.00000000
vt 0.00000000 0.00000000
vt 0.00000000 0.00000000
vt 0.00000000 0.00000000
vt 0.00000000 0.00000000
vt 0.00000000 0.00000000
vt 0.00000000 0.00000000
vt 0.00000000 0.00000000
vt 0.00000000 0.00000000
vt 0.00000000 0.00000000
vt 0.00000000 0.00000000
vt 0.00000000 0.00000000
vt 0.00000000 0.00000000
vt 0.00000000 0.00000000
vt 0.00000000 0.00000000
vt 0.00000000 0.00000000
vt 0.00000000 0.00000000
vt 0.00000000 0.00000000
vt 0.00000000 0.00000000
vt 0.00000000 0.00000000
vt 0.00000000 0.00000000
vt 0.00000000 0.00000000
vt 0.00000000 0.00000000
vt 0.00000000 0.00000000
vt 0.00000000 0.00000000
vt 0.00000000 0.00000000
vt 0.00000000 0.00000000
vt 0.00000000 0.00000000
vt 0.00000000 0.00000000
vt 0.00000000 0.00000000
vt 0.00000000 0.00000000
vt 0.00000000 0.00000000
vt 0.00000000 0.00000000
vt 0.00000000 0.00000000
vt 0.00000000 0.00000000
vt 0.00000000 0.00000000
vt 0.00000000 0.00000000
vt 0.00000000 0.00000000
vt 0.00000000 0.00000000
vt 0.00000000 0.00000000
vt 0.00000000 0.00000000
vt 0.00000000 0.00000000
vt 0.00000000 0.00000000
vt 0.00000000 0.00000000
vt 0.00000000 0.00000000
vt 0.00000000 0.00000000
vt 0.00000000 0.00000000
vt 0.00000000 0.00000000
vt 0.00000000 0.00000000
vt 0.00000000 0.00000000
vt 0.00000000 0.00000000
vt 0.00000000 0.00000000
vt 0.00000000 0.00000000
vt 0.00000000 0.00000000
vt 0.00000000 0.00000000
vt 0.00000000 0.00000000
vt 0.00000000 0.00000000
vt 0.00000000 0.00000000
vt 0.00000000 0.00000000
vt 0.00000000 0.00000000
vt 0.00000000 0.00000000
vt 0.00000000 0.00000000
vt 0.00000000 0.00000000
vt 0.00000000 0.00000000
vt 0.00000000 0.00000000
vt 0.00000000 0.00000000
vt 0.00000000 0.00000000
vt 0.00000000 0.00000000
vt 0.00000000 0.00000000
vt 0.00000000 0.00000000
vt 0.00000000 0.00000000
vt 0.00000000 0.00000000
vt 0.00000000 0.00000000
vt 0.00000000 0.00000000
vt 0.00000000 0.00000000
vt 0.00000000 0.00000000
vt 0.00000000 0.00000000
vt 0.00000000 0.00000000
vt 0.00000000 0.00000000
vt 0.00000000 0.00000000
vt 0.00000000 0.00000000
vt 0.00000000 0.00000000
vt 0.00000000 0.00000000
vt 0.00000000 0.00000000
vt 0.00000000 0.00000000
vt 0.00000000 0.00000000
vt 0.00000000 0.00000000
vt 0.00000000 0.00000000
vt 0.00000000 0.00000000
vt 0.00000000 0.00000000
vt 0.00000000 0.00000000
vt 0.00000000 0.00000000
vt 0.00000000 0.00000000
vt 0.00000000 0.00000000
vt 0.00000000 0.00000000
vt 0.00000000 0.00000000
vt 0.00000000 0.00000000
vt 0.00000000 0.00000000
vt 0.00000000 0.00000000
vt 0.00000000 0.00000000
vt 0.00000000 0.00000000
vt 0.00000000 0.00000000
vt 0.00000000 0.00000000
vt 0.00000000 0.00000000
vt 0.00000000 0.00000000
vt 0.00000000 0.00000000
vt 0.00000000 0.00000000
vt 0.00000000 0.00000000
vt 0.00000000 0.00000000
vt 0.00000000 0.00000000
vt 0.00000000 0.00000000
vt 0.00000000 0.00000000
vt 0.00000000 0.00000000
vt 0.00000000 0.00000000
vt 0.00000000 0.00000000
vt 0.00000000 0.00000000
vt 0.00000000 0.00000000
vt 0.00000000 0.00000000
vt 0.00000000 0.00000000
vt 0.00000000 0.00000000
vt 0.00000000 0.00000000
vt 0.00000000 0.00000000
vt 0.00000000 0.00000000
vt 0.00000000 0.00000000
vt 0.00000000 0.00000000
vt 0.00000000 0.00000000
vt 0.00000000 0.00000000
vt 0.00000000 0.00000000
vt 0.00000000 0.00000000
vt 0.00000000 0.00000000
vt 0.00000000 0.00000000
vt 0.00000000 0.00000000
vt 0.00000000 0.00000000
vt 0.00000000 0.00000000
vt 0.00000000 0.00000000
vt 0.00000000 0.00000000
vt 0.00000000 0.00000000
vt 0.00000000 0.00000000
vt 0.00000000 0.00000000
vt 0.00000000 0.00000000
vt 0.00000000 0.00000000
vt 0.00000000 0.00000000
vt 0.00000000 0.00000000
vt 0.00000000 0.00000000
vt 0.00000000 0.00000000
vt 0.00000000 0.00000000
vt 0.00000000 0.00000000
vt 0.00000000 0.00000000
vt 0.00000000 0.00000000
vt 0.00000000 0.00000000
vt 0.00000000 0.00000000
vt 0.00000000 0.00000000
vt 0.00000000 0.00000000
vt 0.00000000 0.00000000
vt 0.00000000 0.00000000
vt 0.00000000 0.00000000
vt 0.00000000 0.00000000
vt 0.00000000 0.00000000
vt 0.00000000 0.00000000
vt 0.00000000 0.00000000
vt 0.00000000 0.00000000
vt 0.00000000 0.00000000
vt 0.00000000 0.00000000
vt 0.00000000 0.00000000
vt 0.00000000 0.00000000
vt 0.00000000 0.00000000
vt 0.00000000 0.00000000
vt 0.00000000 0.00000000
vt 0.00000000 0.00000000
vt 0.00000000 0.00000000
vt 0.00000000 0.00000000
vt 0.00000000 0.00000000
vt 0.00000000 0.00000000
vt 0.00000000 0.00000000
vt 0.00000000 0.00000000
vt 0.00000000 0.00000000
vt 0.00000000 0.00000000
vt 0.00000000 0.00000000
vt 0.00000000 0.00000000
vt 0.00000000 0.00000000
vt 0.00000000 0.00000000
vt 0.00000000 0.00000000
vt 0.00000000 0.00000000
vt 0.00000000 0.00000000
vt 0.00000000 0.00000000
vt 0.00000000 0.00000000
vt 0.00000000 0.00000000
vt 0.00000000 0.00000000
vt 0.00000000 0.00000000
vt 0.00000000 0.00000000
vt 0.00000000 0.00000000
vt 0.00000000 0.00000000
vt 0.00000000 0.00000000
vt 0.00000000 0.00000000
vt 0.00000000 0.00000000
vt 0.00000000 0.00000000
vt 0.00000000 0.00000000
vt 0.00000000 0.00000000
vt 0.00000000 0.00000000
vt 0.00000000 0.00000000
vt 0.00000000 0.00000000
vt 0.00000000 0.00000000
vt 0.00000000 0.00000000
vt 0.00000000 0.00000000
vt 0.00000000 0.00000000
vt 0.00000000 0.00000000
vt 0.00000000 0.00000000
vt 0.00000000 0.00000000
vt 0.00000000 0.00000000
vt 0.00000000 0.00000000
vt 0.00000000 0.00000000
vt 0.00000000 0.00000000
vt 0.00000000 0.00000000
vt 0.00000000 0.00000000
vt 0.00000000 0.00000000
vt 0.00000000 0.00000000
vt 0.00000000 0.00000000
vt 0.00000000 0.00000000
vt 0.00000000 0.00000000
vt 0.00000000 0.00000000
vt 0.00000000 0.00000000
vt 0.00000000 0.00000000
vt 0.00000000 0.00000000
vt 0.00000000 0.00000000
vt 0.00000000 0.00000000
vt 0.00000000 0.00000000
vt 0.00000000 0.00000000
vt 0.00000000 0.00000000
vt 0.00000000 0.00000000
vt 0.00000000 0.00000000
vt 0.00000000 0.00000000
vt 0.00000000 0.00000000
vt 0.00000000 0.00000000
vt 0.00000000 0.00000000
vt 0.00000000 0.00000000
vt 0.00000000 0.00000000
vt 0.00000000 0.00000000
vt 0.00000000 0.00000000
vt 0.00000000 0.00000000
vt 0.00000000 0.00000000
vt 0.00000000 0.00000000
vt 0.00000000 0.00000000
vt 0.00000000 0.00000000
vt 0.00000000 0.00000000
vt 0.00000000 0.00000000
vt 0.00000000 0.00000000
vt 0.00000000 0.00000000
vt 0.00000000 0.00000000
vt 0.00000000 0.00000000
vt 0.00000000 0.00000000
vt 0.00000000 0.00000000
vt 0.00000000 0.00000000
vt 0.00000000 0.00000000
vt 0.00000000 0.00000000
vt 0.00000000 0.00000000
vt 0.00000000 0.00000000
vt 0.00000000 0.00000000
vt 0.00000000 0.00000000
vt 0.00000000 0.00000000
vt 0.00000000 0.00000000
vt 0.00000000 0.00000000
vt 0.00000000 0.00000000
vt 0.00000000 0.00000000
vt 0.00000000 0.00000000
vt 0.00000000 0.00000000
vt 0.00000000 0.00000000
vt 0.00000000 0.00000000
vt 0.00000000 0.00000000
vt 0.00000000 0.00000000
vt 0.00000000 0.00000000
vt 0.00000000 0.00000000
vt 0.00000000 0.00000000
vt 0.00000000 0.00000000
vt 0.00000000 0.00000000
vt 0.00000000 0.00000000
vt 0.00000000 0.00000000
vt 0.00000000 0.00000000
vt 0.00000000 0.00000000
vt 0.00000000 0.00000000
vt 0.00000000 0.00000000
vt 0.00000000 0.00000000
vt 0.00000000 0.00000000
vt 0.00000000 0.00000000
vt 0.00000000 0.00000000
vt 0.00000000 0.00000000
vt 0.00000000 0.00000000
vt 0.00000000 0.00000000
vt 0.00000000 0.00000000
vt 0.00000000 0.00000000
vt 0.00000000 0.00000000
vt 0.00000000 0.00000000
vt 0.00000000 0.00000000
vt 0.00000000 0.00000000
vt 0.00000000 0.00000000
vt 0.00000000 0.00000000
vt 0.00000000 0.00000000
vt 0.00000000 0.00000000
vt 0.00000000 0.00000000
vt 0.00000000 0.00000000
vt 0.00000000 0.00000000
vt 0.00000000 0.00000000
vt 0.00000000 0.00000000
vt 0.00000000 0.00000000
vt 0.00000000 0.00000000
vt 0.00000000 0.00000000
vt 0.00000000 0.00000000
vt 0.00000000 0.00000000
vt 0.00000000 0.00000000
vt 0.00000000 0.00000000
vt 0.00000000 0.00000000
vt 0.00000000 0.00000000
vt 0.00000000 0.00000000
vt 0.00000000 0.00000000
vt 0.00000000 0.00000000
vt 0.00000000 0.00000000
vt 0.00000000 0.00000000
vt 0.00000000 0.00000000
vt 0.00000000 0.00000000
vt 0.00000000 0.00000000
vt 0.00000000 0.00000000
vt 0.00000000 0.00000000
vt 0.00000000 0.00000000
vt 0.00000000 0.00000000
vt 0.00000000 0.00000000
vt 0.00000000 0.00000000
vt 0.00000000 0.00000000
vt 0.00000000 0.00000000
vt 0.00000000 0.00000000
vt 0.00000000 0.00000000
vt 0.00000000 0.00000000
vt 0.00000000 0.00000000
vt 0.00000000 0.00000000
vt 0.00000000 0.00000000
vt 0.00000000 0.00000000
vt 0.00000000 0.00000000
vt 0.00000000 0.00000000
vt 0.00000000 0.00000000
vt 0.00000000 0.00000000
vt 0.00000000 0.00000000
vt 0.00000000 0.00000000
vt 0.00000000 0.00000000
vt 0.00000000 0.00000000
vt 0.00000000 0.00000000
vt 0.00000000 0.00000000
vt 0.00000000 0.00000000
vt 0.00000000 0.00000000
vt 0.00000000 0.00000000
vt 0.00000000 0.00000000
vt 0.00000000 0.00000000
vt 0.00000000 0.00000000
vt 0.00000000 0.00000000
vt 0.00000000 0.00000000
vt 0.00000000 0.00000000
vt 0.00000000 0.00000000
vt 0.00000000 0.00000000
vt 0.00000000 0.00000000
vt 0.00000000 0.00000000
vt 0.00000000 0.00000000
vt 0.00000000 0.00000000
vt 0.00000000 0.00000000
vt 0.00000000 0.00000000
vt 0.00000000 0.00000000
vt 0.00000000 0.00000000
vt 0.00000000 0.00000000
vt 0.00000000 0.00000000
vt 0.00000000 0.00000000
vt 0.00000000 0.00000000
vt 0.00000000 0.00000000
vt 0.00000000 0.00000000
vt 0.00000000 0.00000000
vt 0.00000000 0.00000000
vt 0.00000000 0.00000000
vt 0.00000000 0.00000000
vt 0.00000000 0.00000000
vt 0.00000000 0.00000000
vt 0.00000000 0.00000000
vt 0.00000000 0.00000000
vt 0.00000000 0.00000000
vt 0.00000000 0.00000000
vt 0.00000000 0.00000000
vt 0.00000000 0.00000000
vt 0.00000000 0.00000000
vt 0.00000000 0.00000000
vt 0.00000000 0.00000000
vt 0.00000000 0.00000000
vt 0.00000000 0.00000000
vt 0.00000000 0.00000000
vt 0.00000000 0.00000000
vt 0.00000000 0.00000000
vt 0.00000000 0.00000000
vt 0.00000000 0.00000000
vt 0.00000000 0.00000000
vt 0.00000000 0.00000000
vt 0.00000000 0.00000000
vt 0.00000000 0.00000000
vt 0.00000000 0.00000000
vt 0.00000000 0.00000000
vt 0.00000000 0.00000000
vt 0.00000000 0.00000000
vt 0.00000000 0.00000000
vt 0.00000000 0.00000000
vt 0.00000000 0.00000000
vt 0.00000000 0.00000000
vt 0.00000000 0.00000000
vt 0.00000000 0.00000000
vt 0.00000000 0.00000000
vt 0.00000000 0.00000000
vt 0.00000000 0.00000000
vt 0.00000000 0.00000000
vt 0.00000000 0.00000000
vt 0.00000000 0.00000000
vt 0.00000000 0.00000000
vt 0.00000000 0.00000000
vt 0.00000000 0.00000000
vt 0.00000000 0.00000000
vt 0.00000000 0.00000000
vt 0.00000000 0.00000000
vt 0.00000000 0.00000000
vt 0.00000000 0.00000000
vt 0.00000000 0.00000000
vt 0.00000000 0.00000000
vt 0.00000000 0.00000000
vt 0.00000000 0.00000000
vt 0.00000000 0.00000000
vt 0.00000000 0.00000000
vt 0.00000000 0.00000000
vt 0.00000000 0.00000000
vt 0.00000000 0.00000000
vt 0.00000000 0.00000000
vt 0.00000000 0.00000000
vt 0.00000000 0.00000000
vt 0.00000000 0.00000000
vt 0.00000000 0.00000000
vt 0.00000000 0.00000000
vt 0.00000000 0.00000000
vt 0.00000000 0.00000000
vt 0.00000000 0.00000000
vt 0.00000000 0.00000000
vt 0.00000000 0.00000000
vt 0.00000000 0.00000000
vt 0.00000000 0.00000000
vt 0.00000000 0.00000000
vt 0.00000000 0.00000000
vt 0.00000000 0.00000000
vt 0.00000000 0.00000000
vt 0.00000000 0.00000000
vt 0.00000000 0.00000000
vt 0.00000000 0.00000000
vt 0.00000000 0.00000000
vt 0.00000000 0.00000000
vt 0.00000000 0.00000000
vt 0.00000000 0.00000000
vt 0.00000000 0.00000000
vt 0.00000000 0.00000000
vt 0.00000000 0.00000000
vt 0.00000000 0.00000000
vt 0.00000000 0.00000000
vt 0.00000000 0.00000000
vt 0.00000000 0.00000000
vt 0.00000000 0.00000000
vt 0.00000000 0.00000000
vt 0.00000000 0.00000000
vt 0.00000000 0.00000000
vt 0.00000000 0.00000000
vt 0.00000000 0.00000000
vt 0.00000000 0.00000000
vt 0.00000000 0.00000000
vt 0.00000000 0.00000000
vt 0.00000000 0.00000000
vt 0.00000000 0.00000000
vt 0.00000000 0.00000000
vt 0.00000000 0.00000000
vt 0.00000000 0.00000000
vt 0.00000000 0.00000000
vt 0.00000000 0.00000000
vt 0.00000000 0.00000000
vt 0.00000000 0.00000000
vt 0.00000000 0.00000000
vt 0.00000000 0.00000000
vt 0.00000000 0.00000000
vt 0.00000000 0.00000000
vt 0.00000000 0.00000000
vt 0.00000000 0.00000000
vt 0.00000000 0.00000000
vt 0.00000000 0.00000000
vt 0.00000000 0.00000000
vt 0.00000000 0.00000000
vt 0.00000000 0.00000000
vt 0.00000000 0.00000000
vt 0.00000000 0.00000000
vt 0.00000000 0.00000000
vt 0.00000000 0.00000000
vt 0.00000000 0.00000000
vt 0.00000000 0.00000000
vt 0.00000000 0.00000000
vt 0.00000000 0.00000000
vt 0.00000000 0.00000000
vt 0.00000000 0.00000000
vt 0.00000000 0.00000000
vt 0.00000000 0.00000000
vt 0.00000000 0.00000000
vt 0.00000000 0.00000000
vt 0.00000000 0.00000000
vt 0.00000000 0.00000000
vt 0.00000000 0.00000000
vt 0.00000000 0.00000000
vt 0.00000000 0.00000000
vt 0.00000000 0.00000000
vt 0.00000000 0.00000000
vt 0.00000000 0.00000000
vt 0.00000000 0.00000000
vt 0.00000000 0.00000000
vt 0.00000000 0.00000000
vt 0.00000000 0.00000000
vt 0.00000000 0.00000000
vt 0.00000000 0.00000000
vt 0.00000000 0.00000000
vt 0.00000000 0.00000000
vt 0.00000000 0.00000000
vt 0.00000000 0.00000000
vt 0.00000000 0.00000000
vt 0.00000000 0.00000000
vt 0.00000000 0.00000000
vt 0.00000000 0.00000000
vt 0.00000000 0.00000000
vt 0.00000000 0.00000000
vt 0.00000000 0.00000000
vt 0.00000000 0.00000000
vt 0.00000000 0.00000000
vt 0.00000000 0.00000000
vt 0.00000000 0.00000000
vt 0.00000000 0.00000000
vt 0.00000000 0.00000000
vt 0.00000000 0.00000000
vt 0.00000000 0.00000000
vt 0.00000000 0.00000000
vt 0.00000000 0.00000000
vt 0.00000000 0.00000000
vt 0.00000000 0.00000000
vt 0.00000000 0.00000000
vt 0.00000000 0.00000000
vt 0.00000000 0.00000000
vt 0.00000000 0.00000000
vt 0.00000000 0.00000000
vt 0.00000000 0.00000000
vt 0.00000000 0.00000000
vt 0.00000000 0.00000000
vt 0.00000000 0.00000000
vt 0.00000000 0.00000000
vt 0.00000000 0.00000000
vt 0.00000000 0.00000000
vt 0.00000000 0.00000000
vt 0.00000000 0.00000000
vt 0.00000000 0.00000000
vt 0.00000000 0.00000000
vt 0.00000000 0.00000000
vt 0.00000000 0.00000000
vt 0.00000000 0.00000000
vt 0.00000000 0.00000000
vt 0.00000000 0.00000000
vt 0.00000000 0.00000000
vt 0.00000000 0.00000000
vt 0.00000000 0.00000000
vt 0.00000000 0.00000000
vt 0.00000000 0.00000000
vt 0.00000000 0.00000000
vt 0.00000000 0.00000000
vt 0.00000000 0.00000000
vt 0.00000000 0.00000000
vt 0.00000000 0.00000000
vt 0.00000000 0.00000000
vt 0.00000000 0.00000000
vt 0.00000000 0.00000000
vt 0.00000000 0.00000000
vt 0.00000000 0.00000000
vt 0.00000000 0.00000000
vt 0.00000000 0.00000000
vt 0.00000000 0.00000000
vt 0.00000000 0.00000000
vt 0.00000000 0.00000000
vt 0.00000000 0.00000000
vt 0.00000000 0.00000000
vt 0.00000000 0.00000000
vt 0.00000000 0.00000000
vt 0.00000000 0.00000000
vt 0.00000000 0.00000000
vt 0.00000000 0.00000000
vt 0.00000000 0.00000000
vt 0.00000000 0.00000000
vt 0.00000000 0.00000000
vt 0.00000000 0.00000000
vt 0.00000000 0.00000000
vt 0.00000000 0.00000000
vt 0.00000000 0.00000000
vt 0.00000000 0.00000000
vt 0.00000000 0.00000000
vt 0.00000000 0.00000000
vt 0.00000000 0.00000000
vt 0.00000000 0.00000000
vt 0.00000000 0.00000000
vt 0.00000000 0.00000000
vt 0.00000000 0.00000000
vt 0.00000000 0.00000000
vt 0.00000000 0.00000000
vt 0.00000000 0.00000000
vt 0.00000000 0.00000000
vt 0.00000000 0.00000000
vt 0.00000000 0.00000000
vt 0.00000000 0.00000000
vt 0.00000000 0.00000000
vt 0.00000000 0.00000000
vt 0.00000000 0.00000000
vt 0.00000000 0.00000000
vt 0.00000000 0.00000000
vt 0.00000000 0.00000000
vt 0.00000000 0.00000000
vt 0.00000000 0.00000000
vt 0.00000000 0.00000000
vt 0.00000000 0.00000000
vt 0.00000000 0.00000000
vt 0.00000000 0.00000000
vt 0.00000000 0.00000000
vt 0.00000000 0.00000000
vt 0.00000000 0.00000000
vt 0.00000000 0.00000000
vt 0.00000000 0.00000000
vt 0.00000000 0.00000000
vt 0.00000000 0.00000000
vt 0.00000000 0.00000000
vt 0.00000000 0.00000000
vt 0.00000000 0.00000000
vt 0.00000000 0.00000000
vt 0.00000000 0.00000000
vt 0.00000000 0.00000000
vt 0.00000000 0.00000000
vt 0.00000000 0.00000000
vt 0.00000000 0.00000000
vt 0.00000000 0.00000000
vt 0.00000000 0.00000000
vt 0.00000000 0.00000000
vt 0.00000000 0.00000000
vt 0.00000000 0.00000000
vt 0.00000000 0.00000000
vt 0.00000000 0.00000000
vt 0.00000000 0.00000000
vt 0.00000000 0.00000000
vt 0.00000000 0.00000000
vt 0.00000000 0.00000000
vt 0.00000000 0.00000000
vt 0.00000000 0.00000000
vt 0.00000000 0.00000000
vt 0.00000000 0.00000000
vt 0.00000000 0.00000000
vt 0.00000000 0.00000000
vt 0.00000000 0.00000000
vt 0.00000000 0.00000000
vt 0.00000000 0.00000000
vt 0.00000000 0.00000000
vt 0.00000000 0.00000000
vt 0.00000000 0.00000000
vt 0.00000000 0.00000000
vt 0.00000000 0.00000000
vt 0.00000000 0.00000000
vt 0.00000000 0.00000000
vt 0.00000000 0.00000000
vt 0.00000000 0.00000000
vt 0.00000000 0.00000000
vt 0.00000000 0.00000000
vt 0.00000000 0.00000000
vt 0.00000000 0.00000000
vt 0.00000000 0.00000000
vt 0.00000000 0.00000000
vt 0.00000000 0.00000000
vt 0.00000000 0.00000000
vt 0.00000000 0.00000000
vt 0.00000000 0.00000000
vt 0.00000000 0.00000000
vt 0.00000000 0.00000000
vt 0.00000000 0.00000000
vt 0.00000000 0.00000000
vt 0.00000000 0.00000000
vt 0.00000000 0.00000000
vt 0.00000000 0.00000000
vt 0.00000000 0.00000000
vt 0.00000000 0.00000000
vt 0.00000000 0.00000000
vt 0.00000000 0.00000000
vt 0.00000000 0.00000000
vt 0.00000000 0.00000000
vt 0.00000000 0.00000000
vt 0.00000000 0.00000000
vt 0.00000000 0.00000000
vt 0.00000000 0.00000000
vt 0.00000000 0.00000000
vt 0.00000000 0.00000000
vt 0.00000000 0.00000000
vt 0.00000000 0.00000000
vt 0.00000000 0.00000000
vt 0.00000000 0.00000000
vt 0.00000000 0.00000000
vt 0.00000000 0.00000000
vt 0.00000000 0.00000000
vt 0.00000000 0.00000000
vt 0.00000000 0.00000000
vt 0.00000000 0.00000000
vt 0.00000000 0.00000000
vt 0.00000000 0.00000000
vt 0.00000000 0.00000000
vt 0.00000000 0.00000000
vt 0.00000000 0.00000000
vt 0.00000000 0.00000000
vt 0.00000000 0.00000000
vt 0.00000000 0.00000000
vt 0.00000000 0.00000000
vt 0.00000000 0.00000000
vt 0.00000000 0.00000000
vt 0.00000000 0.00000000
vt 0.00000000 0.00000000
vt 0.00000000 0.00000000
vt 0.00000000 0.00000000
vt 0.00000000 0.00000000
vt 0.00000000 0.00000000
vt 0.00000000 0.00000000
vt 0.00000000 0.00000000
vt 0.00000000 0.00000000
vt 0.00000000 0.00000000
vt 0.00000000 0.00000000
vt 0.00000000 0.00000000
vt 0.00000000 0.00000000
vt 0.00000000 0.00000000
vt 0.00000000 0.00000000
vt 0.00000000 0.00000000
vt 0.00000000 0.00000000
vt 0.00000000 0.00000000
vt 0.00000000 0.00000000
vt 0.00000000 0.00000000
vt 0.00000000 0.00000000
vt 0.00000000 0.00000000
vt 0.00000000 0.00000000
vt 0.00000000 0.00000000
vt 0.00000000 0.00000000
vt 0.00000000 0.00000000
vt 0.00000000 0.00000000
vt 0.00000000 0.00000000
vt 0.00000000 0.00000000
vt 0.00000000 0.00000000
vt 0.00000000 0.00000000
vt 0.00000000 0.00000000
vt 0.00000000 0.00000000
vt 0.00000000 0.00000000
vt 0.00000000 0.00000000
vt 0.00000000 0.00000000
vt 0.00000000 0.00000000
vt 0.00000000 0.00000000
vt 0.00000000 0.00000000
vt 0.00000000 0.00000000
vt 0.00000000 0.00000000
vt 0.00000000 0.00000000
vt 0.00000000 0.00000000
vt 0.00000000 0.00000000
vt 0.00000000 0.00000000
vt 0.00000000 0.00000000
vt 0.00000000 0.00000000
vt 0.00000000 0.00000000
vt 0.00000000 0.00000000
vt 0.00000000 0.00000000
vt 0.00000000 0.00000000
vt 0.00000000 0.00000000
vt 0.00000000 0.00000000
vt 0.00000000 0.00000000
vt 0.00000000 0.00000000
vt 0.00000000 0.00000000
vt 0.00000000 0.00000000
vt 0.00000000 0.00000000
vt 0.00000000 0.00000000
vt 0.00000000 0.00000000
vt 0.00000000 0.00000000
vt 0.00000000 0.00000000
vt 0.00000000 0.00000000
vt 0.00000000 0.00000000
vt 0.00000000 0.00000000
vt 0.00000000 0.00000000
vt 0.00000000 0.00000000
vt 0.00000000 0.00000000
vt 0.00000000 0.00000000
vt 0.00000000 0.00000000
vt 0.00000000 0.00000000
vt 0.00000000 0.00000000
vt 0.00000000 0.00000000
vt 0.00000000 0.00000000
vt 0.00000000 0.00000000
vt 0.00000000 0.00000000
vt 0.00000000 0.00000000
vt 0.00000000 0.00000000
vt 0.00000000 0.00000000
vt 0.00000000 0.00000000
vt 0.00000000 0.00000000
vt 0.00000000 0.00000000
vt 0.00000000 0.00000000
vt 0.00000000 0.00000000
vt 0.00000000 0.00000000
vt 0.00000000 0.00000000
vt 0.00000000 0.00000000
vt 0.00000000 0.00000000
vt 0.00000000 0.00000000
vt 0.00000000 0.00000000
vt 0.00000000 0.00000000
vt 0.00000000 0.00000000
vt 0.00000000 0.00000000
vt 0.00000000 0.00000000
vt 0.00000000 0.00000000
vt 0.00000000 0.00000000
vt 0.00000000 0.00000000
vt 0.00000000 0.00000000
vt 0.00000000 0.00000000
vt 0.00000000 0.00000000
vt 0.00000000 0.00000000
vt 0.00000000 0.00000000
vt 0.00000000 0.00000000
vt 0.00000000 0.00000000
vt 0.00000000 0.00000000
vt 0.00000000 0.00000000
vt 0.00000000 0.00000000
vt 0.00000000 0.00000000
vt 0.00000000 0.00000000
vt 0.00000000 0.00000000
vt 0.00000000 0.00000000
vt 0.00000000 0.00000000
vt 0.00000000 0.00000000
vt 0.00000000 0.00000000
vt 0.00000000 0.00000000
vt 0.00000000 0.00000000
vt 0.00000000 0.00000000
vt 0.00000000 0.00000000
vt 0.00000000 0.00000000
vt 0.00000000 0.00000000
vt 0.00000000 0.00000000
vt 0.00000000 0.00000000
vt 0.00000000 0.00000000
vt 0.00000000 0.00000000
vt 0.00000000 0.00000000
vt 0.00000000 0.00000000
vt 0.00000000 0.00000000
vt 0.00000000 0.00000000
vt 0.00000000 0.00000000
vt 0.00000000 0.00000000
vt 0.00000000 0.00000000
vt 0.00000000 0.00000000
vt 0.00000000 0.00000000
vt 0.00000000 0.00000000
vt 0.00000000 0.00000000
vt 0.00000000 0.00000000
vt 0.00000000 0.00000000
vt 0.00000000 0.00000000
vt 0.00000000 0.00000000
vt 0.00000000 0.00000000
vt 0.00000000 0.00000000
vt 0.00000000 0.00000000
vt 0.00000000 0.00000000
vt 0.00000000 0.00000000
vt 0.00000000 0.00000000
vt 0.00000000 0.00000000
vt 0.00000000 0.00000000
vt 0.00000000 0.00000000
vt 0.00000000 0.00000000
vt 0.00000000 0.00000000
vt 0.00000000 0.00000000
vt 0.00000000 0.00000000
vt 0.00000000 0.00000000
vt 0.00000000 0.00000000
vt 0.00000000 0.00000000
vt 0.00000000 0.00000000
vt 0.00000000 0.00000000
vt 0.00000000 0.00000000
vt 0.00000000 0.00000000
vt 0.00000000 0.00000000
vt 0.00000000 0.00000000
vt 0.00000000 0.00000000
vt 0.00000000 0.00000000
vt 0.00000000 0.00000000
vt 0.00000000 0.00000000
vt 0.00000000 0.00000000
vt 0.00000000 0.00000000
vt 0.00000000 0.00000000
vt 0.00000000 0.00000000
vt 0.00000000 0.00000000
vt 0.00000000 0.00000000
vt 0.00000000 0.00000000
vt 0.00000000 0.00000000
vt 0.00000000 0.00000000
vt 0.00000000 0.00000000
vt 0.00000000 0.00000000
vt 0.00000000 0.00000000
vt 0.00000000 0.00000000
vt 0.00000000 0.00000000
vt 0.00000000 0.00000000
vt 0.00000000 0.00000000
vt 0.00000000 0.00000000
vt 0.00000000 0.00000000
vt 0.00000000 0.00000000
vt 0.00000000 0.00000000
vt 0.00000000 0.00000000
vt 0.00000000 0.00000000
vt 0.00000000 0.00000000
vt 0.00000000 0.00000000
vt 0.00000000 0.00000000
vt 0.00000000 0.00000000
vt 0.00000000 0.00000000
vt 0.00000000 0.00000000
vt 0.00000000 0.00000000
vt 0.00000000 0.00000000
vt 0.00000000 0.00000000
vt 0.00000000 0.00000000
vt 0.00000000 0.00000000
vt 0.00000000 0.00000000
vt 0.00000000 0.00000000
vt 0.00000000 0.00000000
vt 0.00000000 0.00000000
vt 0.00000000 0.00000000
vt 0.00000000 0.00000000
vt 0.00000000 0.00000000
vt 0.00000000 0.00000000
vt 0.00000000 0.00000000
vt 0.00000000 0.00000000
vt 0.00000000 0.00000000
vt 0.00000000 0.00000000
vt 0.00000000 0.00000000
vt 0.00000000 0.00000000
vt 0.00000000 0.00000000
vt 0.00000000 0.00000000
vt 0.00000000 0.00000000
vt 0.00000000 0.00000000
vt 0.00000000 0.00000000
vt 0.00000000 0.00000000
vt 0.00000000 0.00000000
vt 0.00000000 0.00000000
vt 0.00000000 0.00000000
vt 0.00000000 0.00000000
vt 0.00000000 0.00000000
vt 0.00000000 0.00000000
vt 0.00000000 0.00000000
vt 0.00000000 0.00000000
vt 0.00000000 0.00000000
vt 0.00000000 0.00000000
vt 0.00000000 0.00000000
vt 0.00000000 0.00000000
vt 0.00000000 0.00000000
vt 0.00000000 0.00000000
vt 0.00000000 0.00000000
vt 0.00000000 0.00000000
vt 0.00000000 0.00000000
vt 0.00000000 0.00000000
vt 0.00000000 0.00000000
vt 0.00000000 0.00000000
vt 0.00000000 0.00000000
vt 0.00000000 0.00000000
vt 0.00000000 0.00000000
vt 0.00000000 0.00000000
vt 0.00000000 0.00000000
vt 0.00000000 0.00000000
vt 0.00000000 0.00000000
vt 0.00000000 0.00000000
vt 0.00000000 0.00000000
vt 0.00000000 0.00000000
vt 0.00000000 0.00000000
vt 0.00000000 0.00000000
vt 0.00000000 0.00000000
vt 0.00000000 0.00000000
vt 0.00000000 0.00000000
vt 0.00000000 0.00000000
vt 0.00000000 0.00000000
vt 0.00000000 0.00000000
vt 0.00000000 0.00000000
vt 0.00000000 0.00000000
vt 0.00000000 0.00000000
vt 0.00000000 0.00000000
vt 0.00000000 0.00000000
vt 0.00000000 0.00000000
vt 0.00000000 0.00000000
vt 0.00000000 0.00000000
vt 0.00000000 0.00000000
vt 0.00000000 0.00000000
vt 0.00000000 0.00000000
vt 0.00000000 0.00000000
vt 0.00000000 0.00000000
vt 0.00000000 0.00000000
vt 0.00000000 0.00000000
vt 0.00000000 0.00000000
vt 0.00000000 0.00000000
vt 0.00000000 0.00000000
vt 0.00000000 0.00000000
vt 0.00000000 0.00000000
vt 0.00000000 0.00000000
vt 0.00000000 0.00000000
vt 0.00000000 0.00000000
vt 0.00000000 0.00000000
vt 0.00000000 0.00000000
vt 0.00000000 0.00000000
vt 0.00000000 0.00000000
vt 0.00000000 0.00000000
vt 0.00000000 0.00000000
vt 0.00000000 0.00000000
vt 0.00000000 0.00000000
vt 0.00000000 0.00000000
vt 0.00000000 0.00000000
vt 0.00000000 0.00000000
vt 0.00000000 0.00000000
vt 0.00000000 0.00000000
vt 0.00000000 0.00000000
vt 0.00000000 0.00000000
vt 0.00000000 0.00000000
vt 0.00000000 0.00000000
vt 0.00000000 0.00000000
vt 0.00000000 0.00000000
vt 0.00000000 0.00000000
vt 0.00000000 0.00000000
vt 0.00000000 0.00000000
vt 0.00000000 0.00000000
vt 0.00000000 0.00000000
vt 0.00000000 0.00000000
vt 0.00000000 0.00000000
vt 0.00000000 0.00000000
vt 0.00000000 0.00000000
vt 0.00000000 0.00000000
vt 0.00000000 0.00000000
vt 0.00000000 0.00000000
vt 0.00000000 0.00000000
vt 0.00000000 0.00000000
vt 0.00000000 0.00000000
vt 0.00000000 0.00000000
vt 0.00000000 0.00000000
vt 0.00000000 0.00000000
vt 0.00000000 0.00000000
vt 0.00000000 0.00000000
vt 0.00000000 0.00000000
vt 0.00000000 0.00000000
vt 0.00000000 0.00000000
vt 0.00000000 0.00000000
vt 0.00000000 0.00000000
vt 0.00000000 0.00000000
vt 0.00000000 0.00000000
vt 0.00000000 0.00000000
vt 0.00000000 0.00000000
vt 0.00000000 0.00000000
vt 0.00000000 0.00000000
vt 0.00000000 0.00000000
vt 0.00000000 0.00000000
vt 0.00000000 0.00000000
vt 0.00000000 0.00000000
vt 0.00000000 0.00000000
vt 0.00000000 0.00000000
vt 0.00000000 0.00000000
vt 0.00000000 0.00000000
vt 0.00000000 0.00000000
vt 0.00000000 0.00000000
vt 0.00000000 0.00000000
vt 0.00000000 0.00000000
vt 0.00000000 0.00000000
vt 0.00000000 0.00000000
vt 0.00000000 0.00000000
vt 0.00000000 0.00000000
vt 0.00000000 0.00000000
vt 0.00000000 0.00000000
vt 0.00000000 0.00000000
vt 0.00000000 0.00000000
vt 0.00000000 0.00000000
vt 0.00000000 0.00000000
vt 0.00000000 0.00000000
vt 0.00000000 0.00000000
vt 0.00000000 0.00000000
vt 0.00000000 0.00000000
vt 0.00000000 0.00000000
vt 0.00000000 0.00000000
vt 0.00000000 0.00000000
vt 0.00000000 0.00000000
vt 0.00000000 0.00000000
vt 0.00000000 0.00000000
vt 0.00000000 0.00000000
vt 0.00000000 0.00000000
vt 0.00000000 0.00000000
vt 0.00000000 0.00000000
vt 0.00000000 0.00000000
vt 0.00000000 0.00000000
vt 0.00000000 0.00000000
vt 0.00000000 0.00000000
vt 0.00000000 0.00000000
vt 0.00000000 0.00000000
vt 0.00000000 0.00000000
vt 0.00000000 0.00000000
vt 0.00000000 0.00000000
vt 0.00000000 0.00000000
vt 0.00000000 0.00000000
vt 0.00000000 0.00000000
vt 0.00000000 0.00000000
vt 0.00000000 0.00000000
vt 0.00000000 0.00000000
vt 0.00000000 0.00000000
vt 0.00000000 0.00000000
vt 0.00000000 0.00000000
vt 0.00000000 0.00000000
vt 0.00000000 0.00000000
vt 0.00000000 0.00000000
vt 0.00000000 0.00000000
vt 0.00000000 0.00000000
vt 0.00000000 0.00000000
vt 0.00000000 0.00000000
vt 0.00000000 0.00000000
vt 0.00000000 0.00000000
vt 0.00000000 0.00000000
vt 0.00000000 0.00000000
vt 0.00000000 0.00000000
vt 0.00000000 0.00000000
vt 0.00000000 0.00000000
vt 0.00000000 0.00000000
vt 0.00000000 0.00000000
vt 0.00000000 0.00000000
vt 0.00000000 0.00000000
vt 0.00000000 0.00000000
vt 0.00000000 0.00000000
vt 0.00000000 0.00000000
vt 0.00000000 0.00000000
vt 0.00000000 0.00000000
vt 0.00000000 0.00000000
vt 0.00000000 0.00000000
vt 0.00000000 0.00000000
vt 0.00000000 0.00000000
vt 0.00000000 0.00000000
vt 0.00000000 0.00000000
vt 0.00000000 0.00000000
vt 0.00000000 0.00000000
vt 0.00000000 0.00000000
vt 0.00000000 0.00000000
vt 0.00000000 0.00000000
vt 0.00000000 0.00000000
vt 0.00000000 0.00000000
vt 0.00000000 0.00000000
vt 0.00000000 0.00000000
vt 0.00000000 0.00000000
vt 0.00000000 0.00000000
vt 0.00000000 0.00000000
vt 0.00000000 0.00000000
vt 0.00000000 0.00000000
vt 0.00000000 0.00000000
vt 0.00000000 0.00000000
vt 0.00000000 0.00000000
vt 0.00000000 0.00000000
vt 0.00000000 0.00000000
vt 0.00000000 0.00000000
vt 0.00000000 0.00000000
vt 0.00000000 0.00000000
vt 0.00000000 0.00000000
vt 0.00000000 0.00000000
vt 0.00000000 0.00000000
vt 0.00000000 0.00000000
vt 0.00000000 0.00000000
vt 0.00000000 0.00000000
vt 0.00000000 0.00000000
vt 0.00000000 0.00000000
vt 0.00000000 0.00000000
vt 0.00000000 0.00000000
vt 0.00000000 0.00000000
vt 0.00000000 0.00000000
vt 0.00000000 0.00000000
vt 0.00000000 0.00000000
vt 0.00000000 0.00000000
vt 0.00000000 0.00000000
vt 0.00000000 0.00000000
vt 0.00000000 0.00000000
vt 0.00000000 0.00000000
vt 0.00000000 0.00000000
vt 0.00000000 0.00000000
vt 0.00000000 0.00000000
vt 0.00000000 0.00000000
vt 0.00000000 0.00000000
vt 0.00000000 0.00000000
vt 0.00000000 0.00000000
vt 0.00000000 0.00000000
vt 0.00000000 0.00000000
vt 0.00000000 0.00000000
vt 0.00000000 0.00000000
vt 0.00000000 0.00000000
vt 0.00000000 0.00000000
vt 0.00000000 0.00000000
vt 0.00000000 0.00000000
vt 0.00000000 0.00000000
vt 0.00000000 0.00000000
vt 0.00000000 0.00000000
vt 0.00000000 0.00000000
vt 0.00000000 0.00000000
vt 0.00000000 0.00000000
vt 0.00000000 0.00000000
vt 0.00000000 0.00000000
vt 0.00000000 0.00000000
vt 0.00000000 0.00000000
vt 0.00000000 0.00000000
vt 0.00000000 0.00000000
vt 0.00000000 0.00000000
vt 0.00000000 0.00000000
vt 0.00000000 0.00000000
vt 0.00000000 0.00000000
vt 0.00000000 0.00000000
vt 0.00000000 0.00000000
vt 0.00000000 0.00000000
vt 0.00000000 0.00000000
vt 0.00000000 0.00000000
vt 0.00000000 0.00000000
vt 0.00000000 0.00000000
vt 0.00000000 0.00000000
vt 0.00000000 0.00000000
vt 0.00000000 0.00000000
vt 0.00000000 0.00000000
vt 0.00000000 0.00000000
vt 0.00000000 0.00000000
vt 0.00000000 0.00000000
vt 0.00000000 0.00000000
vt 0.00000000 0.00000000
vt 0.00000000 0.00000000
vt 0.00000000 0.00000000
vt 0.00000000 0.00000000
vt 0.00000000 0.00000000
vt 0.00000000 0.00000000
vt 0.00000000 0.00000000
vt 0.00000000 0.00000000
vt 0.00000000 0.00000000
vt 0.00000000 0.00000000
vt 0.00000000 0.00000000
vt 0.00000000 0.00000000
vt 0.00000000 0.00000000
vt 0.00000000 0.00000000
vt 0.00000000 0.00000000
vt 0.00000000 0.00000000
vt 0.00000000 0.00000000
vt 0.00000000 0.00000000
vt 0.00000000 0.00000000
vt 0.00000000 0.00000000
vt 0.00000000 0.00000000
vt 0.00000000 0.00000000
vt 0.00000000 0.00000000
vt 0.00000000 0.00000000
vt 0.00000000 0.00000000
vt 0.00000000 0.00000000
vt 0.00000000 0.00000000
vt 0.00000000 0.00000000
vt 0.00000000 0.00000000
vt 0.00000000 0.00000000
vt 0.00000000 0.00000000
vt 0.00000000 0.00000000
vt 0.00000000 0.00000000
vt 0.00000000 0.00000000
vt 0.00000000 0.00000000
vt 0.00000000 0.00000000
vt 0.00000000 0.00000000
vt 0.00000000 0.00000000
vt 0.00000000 0.00000000
vt 0.00000000 0.00000000
vt 0.00000000 0.00000000
vt 0.00000000 0.00000000
vt 0.00000000 0.00000000
vt 0.00000000 0.00000000
vt 0.00000000 0.00000000
vt 0.00000000 0.00000000
vt 0.00000000 0.00000000
vt 0.00000000 0.00000000
vt 0.00000000 0.00000000
vt 0.00000000 0.00000000
vt 0.00000000 0.00000000
vt 0.00000000 0.00000000
vt 0.00000000 0.00000000
vt 0.00000000 0.00000000
vt 0.00000000 0.00000000
vt 0.00000000 0.00000000
vt 0.00000000 0.00000000
vt 0.00000000 0.00000000
vt 0.00000000 0.00000000
vt 0.00000000 0.00000000
vt 0.00000000 0.00000000
vt 0.00000000 0.00000000
vt 0.00000000 0.00000000
vt 0.00000000 0.00000000
vt 0.00000000 0.00000000
vt 0.00000000 0.00000000
vt 0.00000000 0.00000000
vt 0.00000000 0.00000000
vt 0.00000000 0.00000000
vt 0.00000000 0.00000000
vt 0.00000000 0.00000000
vt 0.00000000 0.00000000
vt 0.00000000 0.00000000
vt 0.00000000 0.00000000
vt 0.00000000 0.00000000
vt 0.00000000 0.00000000
vt 0.00000000 0.00000000
vt 0.00000000 0.00000000
vt 0.00000000 0.00000000
vt 0.00000000 0.00000000
vt 0.00000000 0.00000000
vt 0.00000000 0.00000000
vt 0.00000000 0.00000000
vt 0.00000000 0.00000000
vt 0.00000000 0.00000000
vt 0.00000000 0.00000000
vt 0.00000000 0.00000000
vt 0.00000000 0.00000000
vt 0.00000000 0.00000000
vt 0.00000000 0.00000000
vt 0.00000000 0.00000000
vt 0.00000000 0.00000000
vt 0.00000000 0.00000000
vt 0.00000000 0.00000000
vt 0.00000000 0.00000000
vt 0.00000000 0.00000000
vt 0.00000000 0.00000000
vt 0.00000000 0.00000000
vt 0.00000000 0.00000000
vt 0.00000000 0.00000000
vt 0.00000000 0.00000000
vt 0.00000000 0.00000000
vt 0.00000000 0.00000000
vt 0.00000000 0.00000000
vt 0.00000000 0.00000000
vt 0.00000000 0.00000000
vt 0.00000000 0.00000000
vt 0.00000000 0.00000000
vt 0.00000000 0.00000000
vt 0.00000000 0.00000000
vt 0.00000000 0.00000000
vt 0.00000000 0.00000000
vt 0.00000000 0.00000000
vt 0.00000000 0.00000000
vt 0.00000000 0.00000000
vt 0.00000000 0.00000000
vt 0.00000000 0.00000000
vt 0.00000000 0.00000000
vt 0.00000000 0.00000000
vt 0.00000000 0.00000000
vt 0.00000000 0.00000000
vt 0.00000000 0.00000000
vt 0.00000000 0.00000000
vt 0.00000000 0.00000000
vt 0.00000000 0.00000000
vt 0.00000000 0.00000000
vt 0.00000000 0.00000000
vt 0.00000000 0.00000000
vt 0.00000000 0.00000000
vt 0.00000000 0.00000000
vt 0.00000000 0.00000000
vt 0.00000000 0.00000000
vt 0.00000000 0.00000000
vt 0.00000000 0.00000000
vt 0.00000000 0.00000000
vt 0.00000000 0.00000000
vt 0.00000000 0.00000000
vt 0.00000000 0.00000000
vt 0.00000000 0.00000000
vt 0.00000000 0.00000000
vt 0.00000000 0.00000000
vt 0.00000000 0.00000000
vt 0.00000000 0.00000000
vt 0.00000000 0.00000000
vt 0.00000000 0.00000000
vt 0.00000000 0.00000000
vt 0.00000000 0.00000000
vt 0.00000000 0.00000000
vt 0.00000000 0.00000000
vt 0.00000000 0.00000000
vt 0.00000000 0.00000000
vt 0.00000000 0.00000000
vt 0.00000000 0.00000000
vt 0.00000000 0.00000000
vt 0.00000000 0.00000000
vt 0.00000000 0.00000000
vt 0.00000000 0.00000000
vt 0.00000000 0.00000000
vt 0.00000000 0.00000000
vt 0.00000000 0.00000000
vt 0.00000000 0.00000000
vt 0.00000000 0.00000000
vt 0.00000000 0.00000000
vt 0.00000000 0.00000000
vt 0.00000000 0.00000000
vt 0.00000000 0.00000000
vt 0.00000000 0.00000000
vt 0.00000000 0.00000000
vt 0.00000000 0.00000000
vt 0.00000000 0.00000000
vt 0.00000000 0.00000000
vt 0.00000000 0.00000000
vt 0.00000000 0.00000000
vt 0.00000000 0.00000000
vt 0.00000000 0.00000000
vt 0.00000000 0.00000000
vt 0.00000000 0.00000000
vt 0.00000000 0.00000000
vt 0.00000000 0.00000000
vt 0.00000000 0.00000000
vt 0.00000000 0.00000000
vt 0.00000000 0.00000000
vt 0.00000000 0.00000000
vt 0.00000000 0.00000000
vt 0.00000000 0.00000000
vt 0.00000000 0.00000000
vt 0.00000000 0.00000000
vt 0.00000000 0.00000000
vt 0.00000000 0.00000000
vt 0.00000000 0.00000000
vt 0.00000000 0.00000000
vt 0.00000000 0.00000000
vt 0.00000000 0.00000000
vt 0.00000000 0.00000000
vt 0.00000000 0.00000000
vt 0.00000000 0.00000000
vt 0.00000000 0.00000000
vt 0.00000000 0.00000000
vt 0.00000000 0.00000000
vt 0.00000000 0.00000000
vt 0.00000000 0.00000000
vt 0.00000000 0.00000000
vt 0.00000000 0.00000000
vt 0.00000000 0.00000000
vt 0.00000000 0.00000000
vt 0.00000000 0.00000000
vt 0.00000000 0.00000000
vt 0.00000000 0.00000000
vt 0.00000000 0.00000000
vt 0.00000000 0.00000000
vt 0.00000000 0.00000000
vt 0.00000000 0.00000000
vt 0.00000000 0.00000000
vt 0.00000000 0.00000000
vt 0.00000000 0.00000000
vt 0.00000000 0.00000000
vt 0.00000000 0.00000000
vt 0.00000000 0.00000000
vt 0.00000000 0.00000000
vt 0.00000000 0.00000000
vt 0.00000000 0.00000000
vt 0.00000000 0.00000000
vt 0.00000000 0.00000000
vt 0.00000000 0.00000000
vt 0.00000000 0.00000000
vt 0.00000000 0.00000000
vt 0.00000000 0.00000000
vt 0.00000000 0.00000000
vt 0.00000000 0.00000000
vt 0.00000000 0.00000000
vt 0.00000000 0.00000000
vt 0.00000000 0.00000000
vt 0.00000000 0.00000000
vt 0.00000000 0.00000000
vt 0.00000000 0.00000000
vt 0.00000000 0.00000000
vt 0.00000000 0.00000000
vt 0.00000000 0.00000000
vt 0.00000000 0.00000000
vt 0.00000000 0.00000000
vt 0.00000000 0.00000000
vt 0.00000000 0.00000000
vt 0.00000000 0.00000000
vt 0.00000000 0.00000000
vt 0.00000000 0.00000000
vt 0.00000000 0.00000000
vt 0.00000000 0.00000000
vt 0.00000000 0.00000000
vt 0.00000000 0.00000000
vt 0.00000000 0.00000000
vt 0.00000000 0.00000000
vt 0.00000000 0.00000000
vt 0.00000000 0.00000000
vt 0.00000000 0.00000000
vt 0.00000000 0.00000000
vt 0.00000000 0.00000000
vt 0.00000000 0.00000000
vt 0.00000000 0.00000000
vt 0.00000000 0.00000000
vt 0.00000000 0.00000000
vt 0.00000000 0.00000000
vt 0.00000000 0.00000000
vt 0.00000000 0.00000000
vt 0.00000000 0.00000000
vt 0.00000000 0.00000000
vt 0.00000000 0.00000000
vt 0.00000000 0.00000000
vt 0.00000000 0.00000000
vt 0.00000000 0.00000000
vt 0.00000000 0.00000000
vt 0.00000000 0.00000000
vt 0.00000000 0.00000000
vt 0.00000000 0.00000000
vt 0.00000000 0.00000000
vt 0.00000000 0.00000000
vt 0.00000000 0.00000000
vt 0.00000000 0.00000000
vt 0.00000000 0.00000000
vt 0.00000000 0.00000000
vt 0.00000000 0.00000000
vt 0.00000000 0.00000000
vt 0.00000000 0.00000000
vt 0.00000000 0.00000000
vt 0.00000000 0.00000000
vt 0.00000000 0.00000000
vt 0.00000000 0.00000000
vt 0.00000000 0.00000000
vt 0.00000000 0.00000000
vt 0.00000000 0.00000000
vt 0.00000000 0.00000000
vt 0.00000000 0.00000000
vt 0.00000000 0.00000000
vt 0.00000000 0.00000000
vt 0.00000000 0.00000000
vt 0.00000000 0.00000000
vt 0.00000000 0.00000000
vt 0.00000000 0.00000000
vt 0.00000000 0.00000000
vt 0.00000000 0.00000000
vt 0.00000000 0.00000000
vt 0.00000000 0.00000000
vt 0.00000000 0.00000000
vt 0.00000000 0.00000000
vt 0.00000000 0.00000000
vt 0.00000000 0.00000000
vt 0.00000000 0.00000000
vt 0.00000000 0.00000000
vt 0.00000000 0.00000000
vt 0.00000000 0.00000000
vt 0.00000000 0.00000000
vt 0.00000000 0.00000000
vt 0.00000000 0.00000000
vt 0.00000000 0.00000000
vt 0.00000000 0.00000000
vt 0.00000000 0.00000000
vt 0.00000000 0.00000000
vt 0.00000000 0.00000000
vt 0.00000000 0.00000000
vt 0.00000000 0.00000000
vt 0.00000000 0.00000000
vt 0.00000000 0.00000000
vt 0.00000000 0.00000000
vt 0.00000000 0.00000000
vt 0.00000000 0.00000000
vt 0.00000000 0.00000000
vt 0.00000000 0.00000000
vt 0.00000000 0.00000000
vt 0.00000000 0.00000000
vt 0.00000000 0.00000000
vt 0.00000000 0.00000000
vt 0.00000000 0.00000000
vt 0.00000000 0.00000000
vt 0.00000000 0.00000000
vt 0.00000000 0.00000000
vt 0.00000000 0.00000000
vt 0.00000000 0.00000000
vt 0.00000000 0.00000000
vt 0.00000000 0.00000000
vt 0.00000000 0.00000000
vt 0.00000000 0.00000000
vt 0.00000000 0.00000000
vt 0.00000000 0.00000000
vt 0.00000000 0.00000000
vt 0.00000000 0.00000000
vt 0.00000000 0.00000000
vt 0.00000000 0.00000000
vt 0.00000000 0.00000000
vt 0.00000000 0.00000000
vt 0.00000000 0.00000000
vt 0.00000000 0.00000000
vt 0.00000000 0.00000000
vt 0.00000000 0.00000000
vt 0.00000000 0.00000000
vt 0.00000000 0.00000000
vt 0.00000000 0.00000000
vt 0.00000000 0.00000000
vt 0.00000000 0.00000000
vt 0.00000000 0.00000000
vt 0.00000000 0.00000000
vt 0.00000000 0.00000000
vt 0.00000000 0.00000000
vt 0.00000000 0.00000000
vt 0.00000000 0.00000000
vt 0.00000000 0.00000000
vt 0.00000000 0.00000000
vt 0.00000000 0.00000000
vt 0.00000000 0.00000000
vt 0.00000000 0.00000000
vt 0.00000000 0.00000000
vt 0.00000000 0.00000000
vt 0.00000000 0.00000000
vt 0.00000000 0.00000000
vt 0.00000000 0.00000000
vt 0.00000000 0.00000000
vt 0.00000000 0.00000000
vt 0.00000000 0.00000000
vt 0.00000000 0.00000000
vt 0.00000000 0.00000000
vt 0.00000000 0.00000000
vt 0.00000000 0.00000000
vt 0.00000000 0.00000000
vt 0.00000000 0.00000000
vt 0.00000000 0.00000000
vt 0.00000000 0.00000000
vt 0.00000000 0.00000000
vt 0.00000000 0.00000000
vt 0.00000000 0.00000000
vt 0.00000000 0.00000000
vt 0.00000000 0.00000000
vt 0.00000000 0.00000000
vt 0.00000000 0.00000000
vt 0.00000000 0.00000000
vt 0.00000000 0.00000000
vt 0.00000000 0.00000000
vt 0.00000000 0.00000000
vt 0.00000000 0.00000000
vt 0.00000000 0.00000000
vt 0.00000000 0.00000000
vt 0.00000000 0.00000000
vt 0.00000000 0.00000000
vt 0.00000000 0.00000000
vt 0.00000000 0.00000000
vt 0.00000000 0.00000000
vt 0.00000000 0.00000000
vt 0.00000000 0.00000000
vt 0.00000000 0.00000000
vt 0.00000000 0.00000000
vt 0.00000000 0.00000000
vt 0.00000000 0.00000000
vt 0.00000000 0.00000000
vt 0.00000000 0.00000000
vt 0.00000000 0.00000000
vt 0.00000000 0.00000000
vt 0.00000000 0.00000000
vt 0.00000000 0.00000000
vt 0.00000000 0.00000000
vt 0.00000000 0.00000000
vt 0.00000000 0.00000000
vt 0.00000000 0.00000000
vt 0.00000000 0.00000000
vt 0.00000000 0.00000000
vt 0.00000000 0.00000000
vt 0.00000000 0.00000000
vt 0.00000000 0.00000000
vt 0.00000000 0.00000000
vt 0.00000000 0.00000000
vt 0.00000000 0.00000000
vt 0.00000000 0.00000000
vt 0.00000000 0.00000000
vt 0.00000000 0.00000000
vt 0.00000000 0.00000000
vt 0.00000000 0.00000000
vt 0.00000000 0.00000000
vt 0.00000000 0.00000000
vt 0.00000000 0.00000000
vt 0.00000000 0.00000000
vt 0.00000000 0.00000000
vt 0.00000000 0.00000000
vt 0.00000000 0.00000000
vt 0.00000000 0.00000000
vt 0.00000000 0.00000000
vt 0.00000000 0.00000000
vt 0.00000000 0.00000000
vt 0.00000000 0.00000000
vt 0.00000000 0.00000000
vt 0.00000000 0.00000000
vt 0.00000000 0.00000000
vt 0.00000000 0.00000000
vt 0.00000000 0.00000000
vt 0.00000000 0.00000000
vt 0.00000000 0.00000000
vt 0.00000000 0.00000000
vt 0.00000000 0.00000000
vt 0.00000000 0.00000000
vt 0.00000000 0.00000000
vt 0.00000000 0.00000000
vt 0.00000000 0.00000000
vt 0.00000000 0.00000000
vt 0.00000000 0.00000000
vt 0.00000000 0.00000000
vt 0.00000000 0.00000000
vt 0.00000000 0.00000000
vt 0.00000000 0.00000000
vt 0.00000000 0.00000000
vt 0.00000000 0.00000000
vt 0.00000000 0.00000000
vt 0.00000000 0.00000000
vt 0.00000000 0.00000000
vt 0.00000000 0.00000000
vt 0.00000000 0.00000000
vt 0.00000000 0.00000000
vt 0.00000000 0.00000000
vt 0.00000000 0.00000000
vt 0.00000000 0.00000000
vt 0.00000000 0.00000000
vt 0.00000000 0.00000000
vt 0.00000000 0.00000000
vt 0.00000000 0.00000000
vt 0.00000000 0.00000000
vt 0.00000000 0.00000000
vt 0.00000000 0.00000000
vt 0.00000000 0.00000000
vt 0.00000000 0.00000000
vt 0.00000000 0.00000000
vt 0.00000000 0.00000000
vt 0.00000000 0.00000000
vt 0.00000000 0.00000000
vt 0.00000000 0.00000000
vt 0.00000000 0.00000000
vt 0.00000000 0.00000000
vt 0.00000000 0.00000000
vt 0.00000000 0.00000000
vt 0.00000000 0.00000000
vt 0.00000000 0.00000000
vt 0.00000000 0.00000000
vt 0.00000000 0.00000000
vt 0.00000000 0.00000000
vt 0.00000000 0.00000000
vt 0.00000000 0.00000000
vt 0.00000000 0.00000000
vt 0.00000000 0.00000000
vt 0.00000000 0.00000000
vt 0.00000000 0.00000000
vt 0.00000000 0.00000000
vt 0.00000000 0.00000000
vt 0.00000000 0.00000000
vt 0.00000000 0.00000000
vt 0.00000000 0.00000000
vt 0.00000000 0.00000000
vt 0.00000000 0.00000000
vt 0.00000000 0.00000000
vt 0.00000000 0.00000000
vt 0.00000000 0.00000000
vt 0.00000000 0.00000000
vt 0.00000000 0.00000000
vt 0.00000000 0.00000000
vt 0.00000000 0.00000000
vt 0.00000000 0.00000000
vt 0.00000000 0.00000000
vt 0.00000000 0.00000000
vt 0.00000000 0.00000000
vt 0.00000000 0.00000000
vt 0.00000000 0.00000000
vt 0.00000000 0.00000000
vt 0.00000000 0.00000000
vt 0.00000000 0.00000000
vt 0.00000000 0.00000000
vt 0.00000000 0.00000000
vt 0.00000000 0.00000000
vt 0.00000000 0.00000000
vt 0.00000000 0.00000000
vt 0.00000000 0.00000000
vt 0.00000000 0.00000000
vt 0.00000000 0.00000000
vt 0.00000000 0.00000000
vt 0.00000000 0.00000000
vt 0.00000000 0.00000000
vt 0.00000000 0.00000000
vt 0.00000000 0.00000000
vt 0.00000000 0.00000000
vt 0.00000000 0.00000000
vt 0.00000000 0.00000000
vt 0.00000000 0.00000000
vt 0.00000000 0.00000000
vt 0.00000000 0.00000000
vt 0.00000000 0.00000000
vt 0.00000000 0.00000000
vt 0.00000000 0.00000000
vt 0.00000000 0.00000000
vt 0.00000000 0.00000000
vt 0.00000000 0.00000000
vt 0.00000000 0.00000000
vt 0.00000000 0.00000000
vt 0.00000000 0.00000000
vt 0.00000000 0.00000000
vt 0.00000000 0.00000000
vt 0.00000000 0.00000000
vt 0.00000000 0.00000000
vt 0.00000000 0.00000000
vt 0.00000000 0.00000000
vt 0.00000000 0.00000000
vt 0.00000000 0.00000000
vt 0.00000000 0.00000000
vt 0.00000000 0.00000000
vt 0.00000000 0.00000000
vt 0.00000000 0.00000000
vt 0.00000000 0.00000000
vt 0.00000000 0.00000000
vt 0.00000000 0.00000000
vt 0.00000000 0.00000000
vt 0.00000000 0.00000000
vt 0.00000000 0.00000000
vt 0.00000000 0.00000000
vt 0.00000000 0.00000000
vt 0.00000000 0.00000000
vt 0.00000000 0.00000000
vt 0.00000000 0.00000000
vt 0.00000000 0.00000000
vt 0.00000000 0.00000000
vt 0.00000000 0.00000000
vt 0.00000000 0.00000000
vt 0.00000000 0.00000000
vt 0.00000000 0.00000000
vt 0.00000000 0.00000000
vt 0.00000000 0.00000000
vt 0.00000000 0.00000000
vt 0.00000000 0.00000000
vt 0.00000000 0.00000000
vt 0.00000000 0.00000000
vt 0.00000000 0.00000000
vt 0.00000000 0.00000000
vt 0.00000000 0.00000000
vt 0.00000000 0.00000000
vt 0.00000000 0.00000000
vt 0.00000000 0.00000000
vt 0.00000000 0.00000000
vt 0.00000000 0.00000000
vt 0.00000000 0.00000000
vt 0.00000000 0.00000000
vt 0.00000000 0.00000000
vt 0.00000000 0.00000000
vt 0.00000000 0.00000000
vt 0.00000000 0.00000000
vt 0.00000000 0.00000000
vt 0.00000000 0.00000000
vt 0.00000000 0.00000000
vt 0.00000000 0.00000000
vt 0.00000000 0.00000000
vt 0.00000000 0.00000000
vt 0.00000000 0.00000000
vt 0.00000000 0.00000000
vt 0.00000000 0.00000000
vt 0.00000000 0.00000000
vt 0.00000000 0.00000000
vt 0.00000000 0.00000000
vt 0.00000000 0.00000000
vt 0.00000000 0.00000000
vt 0.00000000 0.00000000
vt 0.00000000 0.00000000
vt 0.00000000 0.00000000
vt 0.00000000 0.00000000
vt 0.00000000 0.00000000
vt 0.00000000 0.00000000
vt 0.00000000 0.00000000
vt 0.00000000 0.00000000
vt 0.00000000 0.00000000
vt 0.00000000 0.00000000
vt 0.00000000 0.00000000
vt 0.00000000 0.00000000
vt 0.00000000 0.00000000
vt 0.00000000 0.00000000
vt 0.00000000 0.00000000
vt 0.00000000 0.00000000
vt 0.00000000 0.00000000
vt 0.00000000 0.00000000
vt 0.00000000 0.00000000
vt 0.00000000 0.00000000
vt 0.00000000 0.00000000
vt 0.00000000 0.00000000
vt 0.00000000 0.00000000
vt 0.00000000 0.00000000
vt 0.00000000 0.00000000
vt 0.00000000 0.00000000
vt 0.00000000 0.00000000
vt 0.00000000 0.00000000
vt 0.00000000 0.00000000
vt 0.00000000 0.00000000
vt 0.00000000 0.00000000
vt 0.00000000 0.00000000
vt 0.00000000 0.00000000
vt 0.00000000 0.00000000
vt 0.00000000 0.00000000
vt 0.00000000 0.00000000
vt 0.00000000 0.00000000
vt 0.00000000 0.00000000
vt 0.00000000 0.00000000
vt 0.00000000 0.00000000
vt 0.00000000 0.00000000
vt 0.00000000 0.00000000
vt 0.00000000 0.00000000
vt 0.00000000 0.00000000
vt 0.00000000 0.00000000
vt 0.00000000 0.00000000
vt 0.00000000 0.00000000
vt 0.00000000 0.00000000
vt 0.00000000 0.00000000
vt 0.00000000 0.00000000
vt 0.00000000 0.00000000
vt 0.00000000 0.00000000
vt 0.00000000 0.00000000
vt 0.00000000 0.00000000
vt 0.00000000 0.00000000
vt 0.00000000 0.00000000
vt 0.00000000 0.00000000
vt 0.00000000 0.00000000
vt 0.00000000 0.00000000
vt 0.00000000 0.00000000
vt 0.00000000 0.00000000
vt 0.00000000 0.00000000
vt 0.00000000 0.00000000
vt 0.00000000 0.00000000
vt 0.00000000 0.00000000
vt 0.00000000 0.00000000
vt 0.00000000 0.00000000
vt 0.00000000 0.00000000
vt 0.00000000 0.00000000
vt 0.00000000 0.00000000
vt 0.00000000 0.00000000
vt 0.00000000 0.00000000
vt 0.00000000 0.00000000
vt 0.00000000 0.00000000
vt 0.00000000 0.00000000
vt 0.00000000 0.00000000
vt 0.00000000 0.00000000
vt 0.00000000 0.00000000
vt 0.00000000 0.00000000
vt 0.00000000 0.00000000
vt 0.00000000 0.00000000
vt 0.00000000 0.00000000
vt 0.00000000 0.00000000
vt 0.00000000 0.00000000
vt 0.00000000 0.00000000
vt 0.00000000 0.00000000
vt 0.00000000 0.00000000
vt 0.00000000 0.00000000
vt 0.00000000 0.00000000
vt 0.00000000 0.00000000
vt 0.00000000 0.00000000
vt 0.00000000 0.00000000
vt 0.00000000 0.00000000
vt 0.00000000 0.00000000
vt 0.00000000 0.00000000
vt 0.00000000 0.00000000
vt 0.00000000 0.00000000
vt 0.00000000 0.00000000
vt 0.00000000 0.00000000
vt 0.00000000 0.00000000
vt 0.00000000 0.00000000
vt 0.00000000 0.00000000
vt 0.00000000 0.00000000
vt 0.00000000 0.00000000
vt 0.00000000 0.00000000
vt 0.00000000 0.00000000
vt 0.00000000 0.00000000
vt 0.00000000 0.00000000
vt 0.00000000 0.00000000
vt 0.00000000 0.00000000
vt 0.00000000 0.00000000
vt 0.00000000 0.00000000
vt 0.00000000 0.00000000
vt 0.00000000 0.00000000
vt 0.00000000 0.00000000
vt 0.00000000 0.00000000
vt 0.00000000 0.00000000
vt 0.00000000 0.00000000
vt 0.00000000 0.00000000
vt 0.00000000 0.00000000
vt 0.00000000 0.00000000
vt 0.00000000 0.00000000
vt 0.00000000 0.00000000
vt 0.00000000 0.00000000
vt 0.00000000 0.00000000
vt 0.00000000 0.00000000
vt 0.00000000 0.00000000
vt 0.00000000 0.00000000
vt 0.00000000 0.00000000
vt 0.00000000 0.00000000
vt 0.00000000 0.00000000
vt 0.00000000 0.00000000
vt 0.00000000 0.00000000
vt 0.00000000 0.00000000
vt 0.00000000 0.00000000
vt 0.00000000 0.00000000
vt 0.00000000 0.00000000
vt 0.00000000 0.00000000
vt 0.00000000 0.00000000
vt 0.00000000 0.00000000
vt 0.00000000 0.00000000
vt 0.00000000 0.00000000
vt 0.00000000 0.00000000
vt 0.00000000 0.00000000
vt 0.00000000 0.00000000
vt 0.00000000 0.00000000
vt 0.00000000 0.00000000
vt 0.00000000 0.00000000
vt 0.00000000 0.00000000
vt 0.00000000 0.00000000
vt 0.00000000 0.00000000
vt 0.00000000 0.00000000
vt 0.00000000 0.00000000
vt 0.00000000 0.00000000
vt 0.00000000 0.00000000
vt 0.00000000 0.00000000
vt 0.00000000 0.00000000
vt 0.00000000 0.00000000
vt 0.00000000 0.00000000
vt 0.00000000 0.00000000
vt 0.00000000 0.00000000
vt 0.00000000 0.00000000
vt 0.00000000 0.00000000
vt 0.00000000 0.00000000
vt 0.00000000 0.00000000
vt 0.00000000 0.00000000
vt 0.00000000 0.00000000
vt 0.00000000 0.00000000
vt 0.00000000 0.00000000
vt 0.00000000 0.00000000
vt 0.00000000 0.00000000
vt 0.00000000 0.00000000
vt 0.00000000 0.00000000
vt 0.00000000 0.00000000
vt 0.00000000 0.00000000
vt 0.00000000 0.00000000
vt 0.00000000 0.00000000
vt 0.00000000 0.00000000
vt 0.00000000 0.00000000
vt 0.00000000 0.00000000
vt 0.00000000 0.00000000
vt 0.00000000 0.00000000
vt 0.00000000 0.00000000
vt 0.00000000 0.00000000
vt 0.00000000 0.00000000
vt 0.00000000 0.00000000
vt 0.00000000 0.00000000
vt 0.00000000 0.00000000
vt 0.00000000 0.00000000
vt 0.00000000 0.00000000
vt 0.00000000 0.00000000
vt 0.00000000 0.00000000
vt 0.00000000 0.00000000
vt 0.00000000 0.00000000
vt 0.00000000 0.00000000
vt 0.00000000 0.00000000
vt 0.00000000 0.00000000
vt 0.00000000 0.00000000
vt 0.00000000 0.00000000
vt 0.00000000 0.00000000
vt 0.00000000 0.00000000
vt 0.00000000 0.00000000
vt 0.00000000 0.00000000
vt 0.00000000 0.00000000
vt 0.00000000 0.00000000
vt 0.00000000 0.00000000
vt 0.00000000 0.00000000
vt 0.00000000 0.00000000
vt 0.00000000 0.00000000
vt 0.00000000 0.00000000
vt 0.00000000 0.00000000
vt 0.00000000 0.00000000
vt 0.00000000 0.00000000
vt 0.00000000 0.00000000
vt 0.00000000 0.00000000
vt 0.00000000 0.00000000
vt 0.00000000 0.00000000
f 1/1 2/2 3/3
f 2/2 4/4 3/3
f 4/4 2/2 5/5
f 2/2 6/6 5/5
f 5/5 6/6 7/7
f 8/8 9/9 10/10
f 9/9 11/11 10/10
f 11/11 9/9 12/12
f 9/9 13/13 12/12
f 12/12 13/13 14/14
f 15/15 16/16 17/17
f 16/16 18/18 17/17
f 17/17 18/18 19/19
f 18/18 20/20 19/19
f 19/19 20/20 21/21
f 22/22 23/23 24/24
f 25/25 26/26 27/27
f 28/28 29/29 30/30
f 31/31 32/32 33/33
f 34/34 35/35 36/36
f 35/35 37/37 36/36
f 38/38 37/37 35/35
f 39/39 40/40 41/41
f 40/40 37/37 41/41
f 42/42 43/43 44/44
f 43/43 37/37 44/44
f 45/45 37/37 43/43
f 46/46 47/47 48/48
f 49/49 50/50 51/51
f 52/52 53/53 54/54
f 54/54 53/53 55/55
f 56/56 57/57 58/58
f 59/59 60/60 61/61
f 62/62 63/63 64/64
f 65/65 66/66 67/67
f 68/68 69/69 70/70
f 71/71 72/72 73/73
f 74/74 75/75 76/76
f 77/77 78/78 79/79
f 78/78 80/80 79/79
f 76/76 75/75 81/81
f 82/82 83/83 84/84
f 83/83 85/85 84/84
f 84/84 85/85 86/86
f 85/85 87/87 86/86
f 88/88 89/89 90/90
f 89/89 91/91 90/90
f 90/90 91/91 92/92
f 93/93 94/94 90/90
f 94/94 95/95 90/90
f 90/90 95/95 96/96
f 96/96 97/97 90/90
f 97/97 98/98 90/90
f 90/90 98/98 88/88
f 99/99 100/100 101/101
f 100/100 102/102 101/101
f 101/101 102/102 103/103
f 102/102 104/104 103/103
f 105/105 106/106 107/107
f 108/108 109/109 110/110
f 109/109 111/111 110/110
f 112/112 113/113 111/111
f 113/113 114/114 111/111
f 111/111 114/114 110/110
f 115/115 116/116 117/117
f 115/115 117/117 118/118
f 119/119 120/120 121/121
f 121/121 122/122 119/119
f 122/122 123/123 119/119
f 119/119 123/123 115/115
f 123/123 124/124 115/115
f 115/115 124/124 116/116
f 125/125 126/126 127/127
f 126/126 128/128 127/127
f 127/127 128/128 120/120
f 128/128 129/129 120/120
f 120/120 129/129 121/121
f 23/23 130/130 24/24
f 130/130 131/131 24/24
f 24/24 131/131 132/132
f 133/133 134/134 135/135
f 134/134 136/136 135/135
f 137/137 138/138 139/139
f 138/138 137/137 140/140
f 137/137 141/141 140/140
f 140/140 141/141 142/142
f 143/143 144/144 141/141
f 144/144 145/145 141/141
f 141/141 145/145 142/142
f 146/146 147/147 143/143
f 147/147 148/148 143/143
f 143/143 148/148 144/144
f 149/149 150/150 151/151
f 150/150 152/152 151/151
f 152/152 150/150 153/153
f 150/150 154/154 153/153
f 153/153 154/154 155/155
f 156/156 157/157 158/158
f 156/156 158/158 154/154
f 158/158 159/159 154/154
f 154/154 159/159 155/155
f 157/157 156/156 160/160
f 156/156 161/161 160/160
f 160/160 161/161 162/162
f 163/163 164/164 165/165
f 164/164 166/166 165/165
f 167/167 168/168 169/169
f 170/170 171/171 168/168
f 171/171 172/172 168/168
f 168/168 172/172 169/169
f 173/173 174/174 168/168
f 174/174 175/175 168/168
f 175/175 176/176 168/168
f 176/176 177/177 168/168
f 168/168 177/177 178/178
f 178/178 179/179 168/168
f 179/179 180/180 168/168
f 168/168 180/180 170/170
f 181/181 182/182 183/183
f 182/182 181/181 184/184
f 181/181 185/185 184/184
f 184/184 185/185 186/186
f 187/187 188/188 189/189
f 188/188 190/190 189/189
f 191/191 192/192 193/193
f 191/191 193/193 194/194
f 195/195 196/196 197/197
f 195/195 197/197 198/198
f 197/197 199/199 198/198
f 199/199 200/200 198/198
f 198/198 200/200 191/191
f 200/200 201/201 191/191
f 191/191 201/201 192/192
f 202/202 203/203 195/195
f 203/203 204/204 195/195
f 195/195 204/204 196/196
f 205/205 206/206 207/207
f 206/206 208/208 207/207
f 207/207 208/208 202/202
f 208/208 209/209 202/202
f 202/202 209/209 203/203
f 210/210 211/211 212/212
f 211/211 27/27 212/212
f 212/212 27/27 213/213
f 27/27 26/26 213/213
f 213/213 26/26 214/214
f 26/26 215/215 214/214
f 216/216 217/217 218/218
f 217/217 219/219 218/218
f 218/218 219/219 220/220
f 220/220 219/219 221/221
f 219/219 222/222 221/221
f 221/221 222/222 223/223
f 224/224 225/225 222/222
f 225/225 226/226 222/222
f 222/222 226/226 223/223
f 227/227 228/228 229/229
f 228/228 230/230 229/229
f 229/229 230/230 231/231
f 230/230 232/232 231/231
f 231/231 232/232 233/233
f 227/227 229/229 234/234
f 229/229 235/235 234/234
f 234/234 235/235 236/236
f 237/237 238/238 239/239
f 237/237 239/239 235/235
f 239/239 240/240 235/235
f 235/235 240/240 236/236
f 238/238 237/237 241/241
f 237/237 242/242 241/241
f 241/241 242/242 243/243
f 244/244 245/245 246/246
f 245/245 247/247 246/246
f 67/67 66/66 248/248
f 249/249 250/250 67/67
f 250/250 251/251 67/67
f 67/67 251/251 65/65
f 252/252 253/253 254/254
f 254/254 255/255 252/252
f 255/255 256/256 252/252
f 252/252 256/256 257/257
f 252/252 258/258 259/259
f 259/259 260/260 252/252
f 260/260 261/261 252/252
f 252/252 261/261 253/253
f 258/258 252/252 262/262
f 252/252 263/263 262/262
f 262/262 263/263 264/264
f 265/265 266/266 267/267
f 266/266 268/268 267/267
f 267/267 268/268 264/264
f 269/269 270/270 271/271
f 272/272 273/273 274/274
f 274/274 275/275 272/272
f 275/275 276/276 272/272
f 272/272 276/276 277/277
f 276/276 278/278 277/277
f 277/277 278/278 279/279
f 280/280 281/281 273/273
f 281/281 282/282 273/273
f 273/273 282/282 274/274
f 283/283 284/284 280/280
f 284/284 285/285 280/280
f 280/280 285/285 281/281
f 286/286 287/287 288/288
f 287/287 289/289 288/288
f 288/288 289/289 290/290
f 287/287 291/291 289/289
f 291/291 292/292 289/289
f 289/289 292/292 293/293
f 292/292 294/294 293/293
f 293/293 294/294 295/295
f 296/296 297/297 298/298
f 297/297 299/299 298/298
f 298/298 299/299 300/300
f 59/59 61/61 301/301
f 302/302 303/303 304/304
f 303/303 305/305 304/304
f 304/304 305/305 306/306
f 305/305 307/307 306/306
f 307/307 305/305 308/308
f 305/305 309/309 308/308
f 308/308 309/309 310/310
f 311/311 312/312 313/313
f 312/312 314/314 313/313
f 315/315 316/316 317/317
f 316/316 318/318 317/317
f 317/317 318/318 319/319
f 318/318 320/320 319/319
f 321/321 322/322 323/323
f 321/321 323/323 324/324
f 322/322 325/325 323/323
f 325/325 326/326 323/323
f 323/323 326/326 327/327
f 328/328 329/329 323/323
f 329/329 330/330 323/323
f 323/323 330/330 331/331
f 331/331 332/332 323/323
f 332/332 333/333 323/323
f 323/323 333/333 324/324
f 334/334 335/335 336/336
f 335/335 337/337 336/336
f 336/336 337/337 338/338
f 339/339 340/340 341/341
f 339/339 341/341 342/342
f 343/343 344/344 345/345
f 346/346 347/347 348/348
f 348/348 349/349 346/346
f 349/349 350/350 346/346
f 346/346 350/350 339/339
f 350/350 351/351 339/339
f 339/339 351/351 340/340
f 352/352 353/353 347/347
f 353/353 354/354 347/347
f 347/347 354/354 348/348
f 355/355 356/356 357/357
f 356/356 358/358 357/357
f 357/357 358/358 359/359
f 360/360 361/361 362/362
f 361/361 363/363 362/362
f 362/362 363/363 358/358
f 363/363 364/364 358/358
f 358/358 364/364 359/359
f 365/365 366/366 367/367
f 366/366 368/368 367/367
f 367/367 368/368 369/369
f 49/49 51/51 370/370
f 371/371 372/372 373/373
f 372/372 374/374 373/373
f 373/373 374/374 375/375
f 376/376 377/377 378/378
f 75/75 379/379 81/81
f 379/379 380/380 81/81
f 81/81 380/380 378/378
f 380/380 381/381 378/378
f 378/378 381/381 376/376
f 45/45 43/43 382/382
f 43/43 42/42 382/382
f 382/382 42/42 383/383
f 384/384 37/37 45/45
f 38/38 35/35 385/385
f 35/35 34/34 385/385
f 385/385 34/34 386/386
f 387/387 37/37 38/38
f 384/384 45/45 388/388
f 45/45 382/382 388/388
f 388/388 382/382 389/389
f 382/382 383/383 389/389
f 389/389 383/383 390/390
f 391/391 37/37 384/384
f 387/387 38/38 392/392
f 38/38 385/385 392/392
f 392/392 385/385 393/393
f 385/385 386/386 393/393
f 393/393 386/386 394/394
f 395/395 37/37 387/387
f 391/391 384/384 396/396
f 384/384 388/388 396/396
f 396/396 388/388 397/397
f 388/388 389/389 397/397
f 397/397 389/389 398/398
f 389/389 390/390 398/398
f 398/398 390/390 399/399
f 400/400 37/37 391/391
f 395/395 387/387 401/401
f 387/387 392/392 401/401
f 401/401 392/392 402/402
f 392/392 393/393 402/402
f 402/402 393/393 403/403
f 393/393 394/394 403/403
f 403/403 394/394 404/404
f 405/405 37/37 395/395
f 400/400 391/391 406/406
f 391/391 396/396 406/406
f 406/406 396/396 407/407
f 396/396 397/397 407/407
f 407/407 397/397 408/408
f 397/397 398/398 408/408
f 408/408 398/398 409/409
f 398/398 399/399 409/409
f 409/409 399/399 410/410
f 411/411 37/37 400/400
f 405/405 395/395 412/412
f 395/395 401/401 412/412
f 412/412 401/401 413/413
f 401/401 402/402 413/413
f 413/413 402/402 414/414
f 402/402 403/403 414/414
f 414/414 403/403 415/415
f 403/403 404/404 415/415
f 415/415 404/404 416/416
f 417/417 37/37 405/405
f 411/411 400/400 418/418
f 400/400 406/406 418/418
f 418/418 406/406 419/419
f 406/406 407/407 419/419
f 419/419 407/407 420/420
f 407/407 408/408 420/420
f 420/420 408/408 421/421
f 408/408 409/409 421/421
f 421/421 409/409 422/422
f 409/409 410/410 422/422
f 422/422 410/410 423/423
f 424/424 37/37 411/411
f 417/417 405/405 425/425
f 405/405 412/412 425/425
f 425/425 412/412 426/426
f 412/412 413/413 426/426
f 426/426 413/413 427/427
f 413/413 414/414 427/427
f 427/427 414/414 428/428
f 414/414 415/415 428/428
f 428/428 415/415 429/429
f 415/415 416/416 429/429
f 429/429 416/416 430/430
f 424/424 411/411 431/431
f 411/411 418/418 431/431
f 431/431 418/418 432/432
f 418/418 419/419 432/432
f 432/432 419/419 433/433
f 419/419 420/420 433/433
f 433/433 420/420 434/434
f 420/420 421/421 434/434
f 434/434 421/421 435/435
f 421/421 422/422 435/435
f 435/435 422/422 436/436
f 422/422 423/423 436/436
f 436/436 423/423 437/437
f 438/438 37/37 424/424
f 438/438 424/424 439/439
f 424/424 431/431 439/439
f 439/439 431/431 440/440
f 431/431 432/432 440/440
f 440/440 432/432 441/441
f 432/432 433/433 441/441
f 441/441 433/433 442/442
f 433/433 434/434 442/442
f 442/442 434/434 443/443
f 434/434 435/435 443/443
f 443/443 435/435 444/444
f 435/435 436/436 444/444
f 444/444 436/436 445/445
f 436/436 437/437 445/445
f 445/445 437/437 446/446
f 447/447 37/37 438/438
f 448/448 449/449 450/450
f 447/447 438/438 451/451
f 438/438 439/439 451/451
f 451/451 439/439 452/452
f 439/439 440/440 452/452
f 452/452 440/440 453/453
f 440/440 441/441 453/453
f 453/453 441/441 454/454
f 441/441 442/442 454/454
f 454/454 442/442 455/455
f 442/442 443/443 455/455
f 455/455 443/443 456/456
f 443/443 444/444 456/456
f 456/456 444/444 457/457
f 444/444 445/445 457/457
f 457/457 445/445 458/458
f 445/445 446/446 458/458
f 458/458 446/446 459/459
f 460/460 37/37 447/447
f 450/450 461/461 462/462
f 460/460 447/447 463/463
f 447/447 451/451 463/463
f 463/463 451/451 464/464
f 451/451 452/452 464/464
f 464/464 452/452 465/465
f 452/452 453/453 465/465
f 465/465 453/453 466/466
f 453/453 454/454 466/466
f 466/466 454/454 467/467
f 454/454 455/455 467/467
f 467/467 455/455 468/468
f 455/455 456/456 468/468
f 468/468 456/456 469/469
f 456/456 457/457 469/469
f 469/469 457/457 470/470
f 457/457 458/458 470/470
f 470/470 458/458 471/471
f 458/458 459/459 471/471
f 471/471 459/459 472/472
f 473/473 37/37 460/460
f 462/462 474/474 475/475
f 473/473 460/460 476/476
f 460/460 463/463 476/476
f 476/476 463/463 477/477
f 463/463 464/464 477/477
f 477/477 464/464 478/478
f 464/464 465/465 478/478
f 478/478 465/465 479/479
f 465/465 466/466 479/479
f 479/479 466/466 480/480
f 466/466 467/467 480/480
f 480/480 467/467 481/481
f 467/467 468/468 481/481
f 481/481 468/468 482/482
f 468/468 469/469 482/482
f 482/482 469/469 483/483
f 469/469 470/470 483/483
f 483/483 470/470 484/484
f 470/470 471/471 484/484
f 484/484 471/471 485/485
f 471/471 472/472 485/485
f 485/485 472/472 486/486
f 487/487 37/37 473/473
f 475/475 488/488 489/489
f 487/487 473/473 490/490
f 473/473 476/476 490/490
f 490/490 476/476 491/491
f 476/476 477/477 491/491
f 491/491 477/477 492/492
f 477/477 478/478 492/492
f 492/492 478/478 493/493
f 478/478 479/479 493/493
f 493/493 479/479 494/494
f 479/479 480/480 494/494
f 494/494 480/480 495/495
f 480/480 481/481 495/495
f 495/495 481/481 496/496
f 481/481 482/482 496/496
f 496/496 482/482 497/497
f 482/482 483/483 497/497
f 497/497 483/483 498/498
f 483/483 484/484 498/498
f 498/498 484/484 499/499
f 484/484 485/485 499/499
f 499/499 485/485 500/500
f 485/485 486/486 500/500
f 500/500 486/486 501/501
f 502/502 37/37 487/487
f 502/502 487/487 503/503
f 487/487 490/490 503/503
f 503/503 490/490 504/504
f 490/490 491/491 504/504
f 504/504 491/491 505/505
f 491/491 492/492 505/505
f 505/505 492/492 506/506
f 492/492 493/493 506/506
f 506/506 493/493 507/507
f 493/493 494/494 507/507
f 507/507 494/494 508/508
f 494/494 495/495 508/508
f 508/508 495/495 509/509
f 495/495 496/496 509/509
f 509/509 496/496 510/510
f 496/496 497/497 510/510
f 510/510 497/497 511/511
f 497/497 498/498 511/511
f 511/511 498/498 512/512
f 498/498 499/499 512/512
f 512/512 499/499 513/513
f 499/499 500/500 513/513
f 513/513 500/500 514/514
f 500/500 501/501 514/514
f 514/514 501/501 515/515
f 516/516 37/37 502/502
f 516/516 502/502 517/517
f 502/502 503/503 517/517
f 517/517 503/503 518/518
f 503/503 504/504 518/518
f 518/518 504/504 519/519
f 504/504 505/505 519/519
f 519/519 505/505 520/520
f 505/505 506/506 520/520
f 520/520 506/506 521/521
f 506/506 507/507 521/521
f 521/521 507/507 522/522
f 507/507 508/508 522/522
f 522/522 508/508 523/523
f 508/508 509/509 523/523
f 523/523 509/509 524/524
f 509/509 510/510 524/524
f 524/524 510/510 525/525
f 510/510 511/511 525/525
f 525/525 511/511 526/526
f 511/511 512/512 526/526
f 526/526 512/512 527/527
f 512/512 513/513 527/527
f 527/527 513/513 528/528
f 513/513 514/514 528/528
f 528/528 514/514 529/529
f 514/514 515/515 529/529
f 529/529 515/515 530/530
f 531/531 37/37 516/516
f 531/531 516/516 532/532
f 516/516 517/517 532/532
f 532/532 517/517 533/533
f 517/517 518/518 533/533
f 533/533 518/518 534/534
f 518/518 519/519 534/534
f 534/534 519/519 535/535
f 519/519 520/520 535/535
f 535/535 520/520 536/536
f 520/520 521/521 536/536
f 536/536 521/521 537/537
f 521/521 522/522 537/537
f 537/537 522/522 538/538
f 522/522 523/523 538/538
f 538/538 523/523 539/539
f 523/523 524/524 539/539
f 539/539 524/524 540/540
f 524/524 525/525 540/540
f 540/540 525/525 541/541
f 525/525 526/526 541/541
f 541/541 526/526 542/542
f 526/526 527/527 542/542
f 542/542 527/527 543/543
f 527/527 528/528 543/543
f 543/543 528/528 544/544
f 528/528 529/529 544/544
f 544/544 529/529 545/545
f 529/529 530/530 545/545
f 545/545 530/530 546/546
f 547/547 37/37 531/531
f 547/547 531/531 548/548
f 531/531 532/532 548/548
f 548/548 532/532 549/549
f 532/532 533/533 549/549
f 549/549 533/533 550/550
f 533/533 534/534 550/550
f 550/550 534/534 551/551
f 534/534 535/535 551/551
f 551/551 535/535 552/552
f 535/535 536/536 552/552
f 552/552 536/536 553/553
f 536/536 537/537 553/553
f 553/553 537/537 554/554
f 537/537 538/538 554/554
f 554/554 538/538 555/555
f 538/538 539/539 555/555
f 555/555 539/539 556/556
f 539/539 540/540 556/556
f 556/556 540/540 557/557
f 540/540 541/541 557/557
f 557/557 541/541 558/558
f 541/541 542/542 558/558
f 558/558 542/542 559/559
f 542/542 543/543 559/559
f 559/559 543/543 560/560
f 543/543 544/544 560/560
f 560/560 544/544 561/561
f 544/544 545/545 561/561
f 561/561 545/545 562/562
f 545/545 546/546 562/562
f 562/562 546/546 563/563
f 564/564 37/37 547/547
f 564/564 547/547 565/565
f 547/547 548/548 565/565
f 565/565 548/548 566/566
f 548/548 549/549 566/566
f 566/566 549/549 567/567
f 549/549 550/550 567/567
f 567/567 550/550 568/568
f 550/550 551/551 568/568
f 568/568 551/551 569/569
f 551/551 552/552 569/569
f 569/569 552/552 570/570
f 552/552 553/553 570/570
f 570/570 553/553 571/571
f 553/553 554/554 571/571
f 571/571 554/554 572/572
f 554/554 555/555 572/572
f 572/572 555/555 573/573
f 555/555 556/556 573/573
f 573/573 556/556 574/574
f 556/556 557/557 574/574
f 574/574 557/557 575/575
f 557/557 558/558 575/575
f 575/575 558/558 576/576
f 558/558 559/559 576/576
f 576/576 559/559 577/577
f 559/559 560/560 577/577
f 577/577 560/560 578/578
f 560/560 561/561 578/578
f 578/578 561/561 579/579
f 561/561 562/562 579/579
f 579/579 562/562 580/580
f 562/562 563/563 580/580
f 580/580 563/563 581/581
f 582/582 37/37 564/564
f 582/582 564/564 583/583
f 564/564 565/565 583/583
f 583/583 565/565 584/584
f 565/565 566/566 584/584
f 584/584 566/566 585/585
f 566/566 567/567 585/585
f 585/585 567/567 586/586
f 567/567 568/568 586/586
f 586/586 568/568 587/587
f 568/568 569/569 587/587
f 587/587 569/569 588/588
f 569/569 570/570 588/588
f 588/588 570/570 589/589
f 570/570 571/571 589/589
f 589/589 571/571 590/590
f 571/571 572/572 590/590
f 590/590 572/572 591/591
f 572/572 573/573 591/591
f 591/591 573/573 592/592
f 573/573 574/574 592/592
f 592/592 574/574 593/593
f 574/574 575/575 593/593
f 593/593 575/575 594/594
f 575/575 576/576 594/594
f 594/594 576/576 595/595
f 576/576 577/577 595/595
f 595/595 577/577 596/596
f 577/577 578/578 596/596
f 596/596 578/578 597/597
f 578/578 579/579 597/597
f 597/597 579/579 598/598
f 579/579 580/580 598/598
f 598/598 580/580 599/599
f 580/580 581/581 599/599
f 599/599 581/581 600/600
f 601/601 37/37 582/582
f 601/601 582/582 602/602
f 582/582 583/583 602/602
f 602/602 583/583 603/603
f 583/583 584/584 603/603
f 603/603 584/584 604/604
f 584/584 585/585 604/604
f 604/604 585/585 605/605
f 585/585 586/586 605/605
f 605/605 586/586 606/606
f 586/586 587/587 606/606
f 606/606 587/587 607/607
f 587/587 588/588 607/607
f 607/607 588/588 608/608
f 588/588 589/589 608/608
f 608/608 589/589 609/609
f 589/589 590/590 609/609
f 609/609 590/590 610/610
f 590/590 591/591 610/610
f 610/610 591/591 611/611
f 591/591 592/592 611/611
f 611/611 592/592 612/612
f 592/592 593/593 612/612
f 612/612 593/593 613/613
f 593/593 594/594 613/613
f 613/613 594/594 614/614
f 594/594 595/595 614/614
f 614/614 595/595 615/615
f 595/595 596/596 615/615
f 615/615 596/596 616/616
f 596/596 597/597 616/616
f 616/616 597/597 617/617
f 597/597 598/598 617/617
f 617/617 598/598 618/618
f 598/598 599/599 618/618
f 618/618 599/599 619/619
f 599/599 600/600 619/619
f 619/619 600/600 620/620
f 621/621 37/37 601/601
f 621/621 601/601 622/622
f 601/601 602/602 622/622
f 622/622 602/602 623/623
f 602/602 603/603 623/623
f 623/623 603/603 624/624
f 603/603 604/604 624/624
f 624/624 604/604 625/625
f 604/604 605/605 625/625
f 625/625 605/605 626/626
f 605/605 606/606 626/626
f 626/626 606/606 627/627
f 606/606 607/607 627/627
f 627/627 607/607 628/628
f 607/607 608/608 628/628
f 628/628 608/608 629/629
f 608/608 609/609 629/629
f 629/629 609/609 630/630
f 609/609 610/610 630/630
f 630/630 610/610 631/631
f 610/610 611/611 631/631
f 631/631 611/611 632/632
f 611/611 612/612 632/632
f 632/632 612/612 633/633
f 612/612 613/613 633/633
f 633/633 613/613 634/634
f 613/613 614/614 634/634
f 634/634 614/614 635/635
f 614/614 615/615 635/635
f 635/635 615/615 636/636
f 615/615 616/616 636/636
f 636/636 616/616 637/637
f 616/616 617/617 637/637
f 637/637 617/617 638/638
f 617/617 618/618 638/638
f 638/638 618/618 639/639
f 618/618 619/619 639/639
f 639/639 619/619 640/640
f 619/619 620/620 640/640
f 640/640 620/620 641/641
f 642/642 37/37 621/621
f 643/643 644/644 645/645
f 642/642 621/621 646/646
f 621/621 622/622 646/646
f 646/646 622/622 647/647
f 622/622 623/623 647/647
f 647/647 623/623 648/648
f 623/623 624/624 648/648
f 648/648 624/624 649/649
f 624/624 625/625 649/649
f 649/649 625/625 650/650
f 625/625 626/626 650/650
f 650/650 626/626 651/651
f 626/626 627/627 651/651
f 651/651 627/627 652/652
f 627/627 628/628 652/652
f 652/652 628/628 653/653
f 628/628 629/629 653/653
f 653/653 629/629 654/654
f 629/629 630/630 654/654
f 654/654 630/630 655/655
f 630/630 631/631 655/655
f 655/655 631/631 656/656
f 631/631 632/632 656/656
f 656/656 632/632 657/657
f 632/632 633/633 657/657
f 657/657 633/633 658/658
f 633/633 634/634 658/658
f 658/658 634/634 659/659
f 634/634 635/635 659/659
f 659/659 635/635 660/660
f 635/635 636/636 660/660
f 660/660 636/636 661/661
f 636/636 637/637 661/661
f 661/661 637/637 662/662
f 637/637 638/638 662/662
f 662/662 638/638 663/663
f 638/638 639/639 663/663
f 663/663 639/639 664/664
f 639/639 640/640 664/664
f 664/664 640/640 665/665
f 640/640 641/641 665/665
f 665/665 641/641 666/666
f 667/667 37/37 642/642
f 645/645 668/668 669/669
f 667/667 642/642 670/670
f 642/642 646/646 670/670
f 670/670 646/646 671/671
f 646/646 647/647 671/671
f 671/671 647/647 672/672
f 647/647 648/648 672/672
f 672/672 648/648 673/673
f 648/648 649/649 673/673
f 673/673 649/649 674/674
f 649/649 650/650 674/674
f 674/674 650/650 675/675
f 650/650 651/651 675/675
f 675/675 651/651 676/676
f 651/651 652/652 676/676
f 676/676 652/652 677/677
f 652/652 653/653 677/677
f 677/677 653/653 678/678
f 653/653 654/654 678/678
f 678/678 654/654 679/679
f 654/654 655/655 679/679
f 679/679 655/655 680/680
f 655/655 656/656 680/680
f 680/680 656/656 681/681
f 656/656 657/657 681/681
f 681/681 657/657 682/682
f 657/657 658/658 682/682
f 682/682 658/658 683/683
f 658/658 659/659 683/683
f 683/683 659/659 684/684
f 659/659 660/660 684/684
f 684/684 660/660 685/685
f 660/660 661/661 685/685
f 685/685 661/661 686/686
f 661/661 662/662 686/686
f 686/686 662/662 687/687
f 662/662 663/663 687/687
f 687/687 663/663 688/688
f 663/663 664/664 688/688
f 688/688 664/664 689/689
f 664/664 665/665 689/689
f 689/689 665/665 690/690
f 665/665 666/666 690/690
f 690/690 666/666 691/691
f 692/692 37/37 667/667
f 669/669 693/693 694/694
f 692/692 667/667 695/695
f 667/667 670/670 695/695
f 695/695 670/670 696/696
f 670/670 671/671 696/696
f 696/696 671/671 697/697
f 671/671 672/672 697/697
f 697/697 672/672 698/698
f 672/672 673/673 698/698
f 698/698 673/673 699/699
f 673/673 674/674 699/699
f 699/699 674/674 700/700
f 674/674 675/675 700/700
f 700/700 675/675 701/701
f 675/675 676/676 701/701
f 701/701 676/676 702/702
f 676/676 677/677 702/702
f 702/702 677/677 703/703
f 677/677 678/678 703/703
f 703/703 678/678 704/704
f 678/678 679/679 704/704
f 704/704 679/679 705/705
f 679/679 680/680 705/705
f 705/705 680/680 706/706
f 680/680 681/681 706/706
f 706/706 681/681 707/707
f 681/681 682/682 707/707
f 707/707 682/682 708/708
f 682/682 683/683 708/708
f 708/708 683/683 709/709
f 683/683 684/684 709/709
f 709/709 684/684 710/710
f 684/684 685/685 710/710
f 710/710 685/685 711/711
f 685/685 686/686 711/711
f 711/711 686/686 712/712
f 686/686 687/687 712/712
f 712/712 687/687 713/713
f 687/687 688/688 713/713
f 713/713 688/688 714/714
f 688/688 689/689 714/714
f 714/714 689/689 715/715
f 689/689 690/690 715/715
f 715/715 690/690 716/716
f 690/690 691/691 716/716
f 716/716 691/691 263/263
f 87/87 77/77 86/86
f 77/77 79/79 86/86
f 86/86 79/79 717/717
f 79/79 718/718 717/717
f 717/717 718/718 719/719
f 718/718 720/720 719/719
f 719/719 720/720 721/721
f 720/720 722/722 721/721
f 721/721 722/722 723/723
f 722/722 724/724 723/723
f 723/723 724/724 725/725
f 724/724 726/726 725/725
f 725/725 726/726 727/727
f 726/726 728/728 727/727
f 727/727 728/728 729/729
f 728/728 730/730 729/729
f 729/729 730/730 731/731
f 730/730 732/732 731/731
f 731/731 732/732 733/733
f 732/732 734/734 733/733
f 733/733 734/734 735/735
f 734/734 736/736 735/735
f 735/735 736/736 737/737
f 736/736 738/738 737/737
f 737/737 738/738 739/739
f 738/738 740/740 739/739
f 739/739 740/740 741/741
f 740/740 742/742 741/741
f 741/741 742/742 743/743
f 742/742 744/744 743/743
f 743/743 744/744 745/745
f 744/744 746/746 745/745
f 745/745 746/746 747/747
f 746/746 748/748 747/747
f 747/747 748/748 749/749
f 748/748 750/750 749/749
f 749/749 750/750 751/751
f 750/750 752/752 751/751
f 751/751 752/752 753/753
f 80/80 74/74 79/79
f 74/74 76/76 79/79
f 79/79 76/76 718/718
f 76/76 754/754 718/718
f 718/718 754/754 720/720
f 754/754 755/755 720/720
f 720/720 755/755 722/722
f 755/755 756/756 722/722
f 722/722 756/756 724/724
f 756/756 757/757 724/724
f 724/724 757/757 726/726
f 757/757 758/758 726/726
f 726/726 758/758 728/728
f 758/758 759/759 728/728
f 728/728 759/759 730/730
f 759/759 760/760 730/730
f 730/730 760/760 732/732
f 760/760 761/761 732/732
f 732/732 761/761 734/734
f 761/761 762/762 734/734
f 734/734 762/762 736/736
f 762/762 763/763 736/736
f 736/736 763/763 738/738
f 763/763 764/764 738/738
f 738/738 764/764 740/740
f 764/764 765/765 740/740
f 740/740 765/765 742/742
f 765/765 766/766 742/742
f 742/742 766/766 744/744
f 766/766 767/767 744/744
f 744/744 767/767 746/746
f 767/767 768/768 746/746
f 746/746 768/768 748/748
f 768/768 769/769 748/748
f 748/748 769/769 750/750
f 769/769 770/770 750/750
f 750/750 770/770 752/752
f 341/341 343/343 342/342
f 343/343 345/345 342/342
f 342/342 345/345 771/771
f 345/345 772/772 771/771
f 771/771 772/772 773/773
f 772/772 774/774 773/773
f 773/773 774/774 775/775
f 774/774 776/776 775/775
f 775/775 776/776 777/777
f 776/776 778/778 777/777
f 777/777 778/778 779/779
f 778/778 780/780 779/779
f 779/779 780/780 781/781
f 780/780 782/782 781/781
f 781/781 782/782 783/783
f 782/782 784/784 783/783
f 783/783 784/784 785/785
f 784/784 786/786 785/785
f 785/785 786/786 787/787
f 786/786 788/788 787/787
f 787/787 788/788 789/789
f 788/788 790/790 789/789
f 789/789 790/790 791/791
f 344/344 334/334 345/345
f 334/334 336/336 345/345
f 345/345 336/336 772/772
f 336/336 792/792 772/772
f 772/772 792/792 774/774
f 792/792 793/793 774/774
f 774/774 793/793 776/776
f 793/793 794/794 776/776
f 776/776 794/794 778/778
f 794/794 795/795 778/778
f 778/778 795/795 780/780
f 795/795 796/796 780/780
f 780/780 796/796 782/782
f 796/796 797/797 782/782
f 782/782 797/797 784/784
f 797/797 798/798 784/784
f 784/784 798/798 786/786
f 798/798 799/799 786/786
f 786/786 799/799 788/788
f 799/799 800/800 788/788
f 788/788 800/800 790/790
f 338/338 329/329 336/336
f 329/329 328/328 336/336
f 336/336 328/328 792/792
f 328/328 801/801 792/792
f 792/792 801/801 793/793
f 801/801 802/802 793/793
f 793/793 802/802 794/794
f 802/802 803/803 794/794
f 794/794 803/803 795/795
f 803/803 804/804 795/795
f 795/795 804/804 796/796
f 804/804 805/805 796/796
f 796/796 805/805 797/797
f 805/805 806/806 797/797
f 797/797 806/806 798/798
f 806/806 807/807 798/798
f 798/798 807/807 799/799
f 807/807 808/808 799/799
f 799/799 808/808 800/800
f 320/320 311/311 319/319
f 311/311 313/313 319/319
f 319/319 313/313 809/809
f 313/313 810/810 809/809
f 809/809 810/810 811/811
f 810/810 812/812 811/811
f 811/811 812/812 813/813
f 812/812 814/814 813/813
f 813/813 814/814 815/815
f 814/814 816/816 815/815
f 815/815 816/816 817/817
f 816/816 818/818 817/817
f 817/817 818/818 819/819
f 818/818 820/820 819/819
f 819/819 820/820 821/821
f 314/314 822/822 313/313
f 822/822 823/823 313/313
f 313/313 823/823 810/810
f 823/823 824/824 810/810
f 810/810 824/824 812/812
f 824/824 825/825 812/812
f 812/812 825/825 814/814
f 825/825 826/826 814/814
f 814/814 826/826 816/816
f 826/826 827/827 816/816
f 816/816 827/827 818/818
f 827/827 828/828 818/818
f 818/818 828/828 820/820
f 822/822 310/310 823/823
f 310/310 309/309 823/823
f 823/823 309/309 824/824
f 309/309 829/829 824/824
f 824/824 829/829 825/825
f 829/829 830/830 825/825
f 825/825 830/830 826/826
f 830/830 644/644 826/826
f 826/826 644/644 827/827
f 644/644 643/643 827/827
f 827/827 643/643 828/828
f 694/694 831/831 832/832
f 37/37 833/833 834/834
f 833/833 835/835 834/834
f 834/834 835/835 836/836
f 835/835 837/837 836/836
f 836/836 837/837 838/838
f 837/837 839/839 838/838
f 838/838 839/839 840/840
f 839/839 841/841 840/840
f 840/840 841/841 842/842
f 841/841 843/843 842/842
f 842/842 843/843 844/844
f 843/843 845/845 844/844
f 844/844 845/845 846/846
f 845/845 847/847 846/846
f 846/846 847/847 848/848
f 847/847 849/849 848/848
f 848/848 849/849 850/850
f 849/849 851/851 850/850
f 850/850 851/851 852/852
f 851/851 853/853 852/852
f 852/852 853/853 854/854
f 853/853 855/855 854/854
f 854/854 855/855 856/856
f 855/855 857/857 856/856
f 856/856 857/857 858/858
f 857/857 859/859 858/858
f 858/858 859/859 860/860
f 859/859 861/861 860/860
f 860/860 861/861 862/862
f 861/861 863/863 862/862
f 862/862 863/863 864/864
f 863/863 865/865 864/864
f 864/864 865/865 866/866
f 865/865 867/867 866/866
f 866/866 867/867 868/868
f 867/867 869/869 868/868
f 868/868 869/869 870/870
f 869/869 871/871 870/870
f 870/870 871/871 872/872
f 871/871 873/873 872/872
f 872/872 873/873 874/874
f 873/873 875/875 874/874
f 874/874 875/875 876/876
f 875/875 877/877 876/876
f 876/876 877/877 878/878
f 877/877 271/271 878/878
f 878/878 271/271 879/879
f 271/271 270/270 879/879
f 879/879 270/270 265/265
f 265/265 267/267 879/879
f 267/267 880/880 879/879
f 879/879 880/880 878/878
f 880/880 881/881 878/878
f 878/878 881/881 876/876
f 881/881 882/882 876/876
f 876/876 882/882 874/874
f 882/882 883/883 874/874
f 874/874 883/883 872/872
f 883/883 884/884 872/872
f 872/872 884/884 870/870
f 884/884 885/885 870/870
f 870/870 885/885 868/868
f 885/885 886/886 868/868
f 868/868 886/886 866/866
f 886/886 887/887 866/866
f 866/866 887/887 864/864
f 887/887 888/888 864/864
f 864/864 888/888 862/862
f 888/888 889/889 862/862
f 862/862 889/889 860/860
f 889/889 890/890 860/860
f 860/860 890/890 858/858
f 890/890 891/891 858/858
f 858/858 891/891 856/856
f 891/891 892/892 856/856
f 856/856 892/892 854/854
f 892/892 893/893 854/854
f 854/854 893/893 852/852
f 893/893 894/894 852/852
f 852/852 894/894 850/850
f 894/894 895/895 850/850
f 850/850 895/895 848/848
f 895/895 896/896 848/848
f 848/848 896/896 846/846
f 896/896 897/897 846/846
f 846/846 897/897 844/844
f 897/897 898/898 844/844
f 844/844 898/898 842/842
f 898/898 899/899 842/842
f 842/842 899/899 840/840
f 899/899 900/900 840/840
f 840/840 900/900 838/838
f 900/900 901/901 838/838
f 838/838 901/901 836/836
f 901/901 902/902 836/836
f 836/836 902/902 834/834
f 902/902 37/37 834/834
f 264/264 263/263 267/267
f 263/263 691/691 267/267
f 267/267 691/691 880/880
f 691/691 666/666 880/880
f 880/880 666/666 881/881
f 666/666 641/641 881/881
f 881/881 641/641 882/882
f 641/641 620/620 882/882
f 882/882 620/620 883/883
f 620/620 600/600 883/883
f 883/883 600/600 884/884
f 600/600 581/581 884/884
f 884/884 581/581 885/885
f 581/581 563/563 885/885
f 885/885 563/563 886/886
f 563/563 546/546 886/886
f 886/886 546/546 887/887
f 546/546 530/530 887/887
f 887/887 530/530 888/888
f 530/530 515/515 888/888
f 888/888 515/515 889/889
f 515/515 501/501 889/889
f 889/889 501/501 890/890
f 501/501 486/486 890/890
f 890/890 486/486 891/891
f 486/486 472/472 891/891
f 891/891 472/472 892/892
f 472/472 459/459 892/892
f 892/892 459/459 893/893
f 459/459 446/446 893/893
f 893/893 446/446 894/894
f 446/446 437/437 894/894
f 894/894 437/437 895/895
f 437/437 423/423 895/895
f 895/895 423/423 896/896
f 423/423 410/410 896/896
f 896/896 410/410 897/897
f 410/410 399/399 897/897
f 897/897 399/399 898/898
f 399/399 390/390 898/898
f 898/898 390/390 899/899
f 390/390 383/383 899/899
f 899/899 383/383 900/900
f 383/383 42/42 900/900
f 900/900 42/42 901/901
f 42/42 44/44 901/901
f 901/901 44/44 902/902
f 44/44 37/37 902/902
f 903/903 904/904 905/905
f 904/904 906/906 905/905
f 905/905 906/906 907/907
f 906/906 908/908 907/907
f 907/907 908/908 909/909
f 908/908 910/910 909/909
f 909/909 910/910 911/911
f 910/910 912/912 911/911
f 911/911 912/912 913/913
f 912/912 914/914 913/913
f 913/913 914/914 915/915
f 914/914 916/916 915/915
f 915/915 916/916 917/917
f 916/916 918/918 917/917
f 917/917 918/918 919/919
f 918/918 920/920 919/919
f 919/919 920/920 921/921
f 920/920 922/922 921/921
f 921/921 922/922 923/923
f 922/922 924/924 923/923
f 923/923 924/924 925/925
f 924/924 926/926 925/925
f 925/925 926/926 927/927
f 926/926 928/928 927/927
f 927/927 928/928 929/929
f 928/928 930/930 929/929
f 929/929 930/930 931/931
f 930/930 932/932 931/931
f 931/931 932/932 933/933
f 932/932 934/934 933/933
f 933/933 934/934 935/935
f 934/934 936/936 935/935
f 935/935 936/936 937/937
f 936/936 938/938 937/937
f 937/937 938/938 939/939
f 938/938 940/940 939/939
f 939/939 940/940 941/941
f 940/940 942/942 941/941
f 941/941 942/942 943/943
f 942/942 944/944 943/943
f 943/943 944/944 945/945
f 944/944 946/946 945/945
f 945/945 946/946 947/947
f 946/946 948/948 947/947
f 947/947 948/948 246/246
f 948/948 248/248 246/246
f 246/246 248/248 244/244
f 248/248 66/66 244/244
f 247/247 68/68 246/246
f 68/68 70/70 246/246
f 246/246 70/70 947/947
f 70/70 949/949 947/947
f 947/947 949/949 945/945
f 949/949 950/950 945/945
f 945/945 950/950 943/943
f 950/950 951/951 943/943
f 943/943 951/951 941/941
f 951/951 952/952 941/941
f 941/941 952/952 939/939
f 952/952 953/953 939/939
f 939/939 953/953 937/937
f 953/953 954/954 937/937
f 937/937 954/954 935/935
f 954/954 955/955 935/935
f 935/935 955/955 933/933
f 955/955 956/956 933/933
f 933/933 956/956 931/931
f 956/956 957/957 931/931
f 931/931 957/957 929/929
f 957/957 958/958 929/929
f 929/929 958/958 927/927
f 958/958 959/959 927/927
f 927/927 959/959 925/925
f 959/959 960/960 925/925
f 925/925 960/960 923/923
f 960/960 961/961 923/923
f 923/923 961/961 921/921
f 961/961 962/962 921/921
f 921/921 962/962 919/919
f 962/962 963/963 919/919
f 919/919 963/963 917/917
f 963/963 964/964 917/917
f 917/917 964/964 915/915
f 964/964 965/965 915/915
f 915/915 965/965 913/913
f 965/965 966/966 913/913
f 913/913 966/966 911/911
f 966/966 967/967 911/911
f 911/911 967/967 909/909
f 967/967 968/968 909/909
f 909/909 968/968 907/907
f 968/968 969/969 907/907
f 907/907 969/969 905/905
f 969/969 970/970 905/905
f 905/905 970/970 903/903
f 69/69 243/243 70/70
f 243/243 242/242 70/70
f 70/70 242/242 949/949
f 242/242 971/971 949/949
f 949/949 971/971 950/950
f 971/971 972/972 950/950
f 950/950 972/972 951/951
f 972/972 973/973 951/951
f 951/951 973/973 952/952
f 973/973 974/974 952/952
f 952/952 974/974 953/953
f 974/974 975/975 953/953
f 953/953 975/975 954/954
f 975/975 976/976 954/954
f 954/954 976/976 955/955
f 976/976 977/977 955/955
f 955/955 977/977 956/956
f 977/977 978/978 956/956
f 956/956 978/978 957/957
f 978/978 979/979 957/957
f 957/957 979/979 958/958
f 979/979 980/980 958/958
f 958/958 980/980 959/959
f 980/980 981/981 959/959
f 959/959 981/981 960/960
f 981/981 982/982 960/960
f 960/960 982/982 961/961
f 982/982 983/983 961/961
f 961/961 983/983 962/962
f 983/983 984/984 962/962
f 962/962 984/984 963/963
f 984/984 985/985 963/963
f 963/963 985/985 964/964
f 985/985 986/986 964/964
f 964/964 986/986 965/965
f 986/986 987/987 965/965
f 965/965 987/987 966/966
f 987/987 988/988 966/966
f 966/966 988/988 967/967
f 988/988 989/989 967/967
f 967/967 989/989 968/968
f 989/989 990/990 968/968
f 968/968 990/990 969/969
f 990/990 991/991 969/969
f 969/969 991/991 970/970
f 992/992 993/993 994/994
f 993/993 995/995 994/994
f 994/994 995/995 996/996
f 995/995 997/997 996/996
f 996/996 997/997 998/998
f 997/997 999/999 998/998
f 998/998 999/999 1000/1000
f 999/999 1001/1001 1000/1000
f 1000/1000 1001/1001 1002/1002
f 1001/1001 1003/1003 1002/1002
f 1002/1002 1003/1003 1004/1004
f 1003/1003 1005/1005 1004/1004
f 1004/1004 1005/1005 1006/1006
f 1005/1005 1007/1007 1006/1006
f 1006/1006 1007/1007 1008/1008
f 1007/1007 1009/1009 1008/1008
f 1008/1008 1009/1009 1010/1010
f 1009/1009 1011/1011 1010/1010
f 1010/1010 1011/1011 1012/1012
f 1011/1011 1013/1013 1012/1012
f 1012/1012 1013/1013 1014/1014
f 1013/1013 1015/1015 1014/1014
f 1014/1014 1015/1015 1016/1016
f 1015/1015 1017/1017 1016/1016
f 1016/1016 1017/1017 1018/1018
f 1017/1017 1019/1019 1018/1018
f 1018/1018 1019/1019 1020/1020
f 1019/1019 1021/1021 1020/1020
f 1020/1020 1021/1021 1022/1022
f 1021/1021 1023/1023 1022/1022
f 1022/1022 1023/1023 1024/1024
f 1023/1023 1025/1025 1024/1024
f 1024/1024 1025/1025 1026/1026
f 1025/1025 1027/1027 1026/1026
f 1026/1026 1027/1027 1028/1028
f 1027/1027 1029/1029 1028/1028
f 1028/1028 1029/1029 1030/1030
f 1029/1029 1031/1031 1030/1030
f 1030/1030 1031/1031 1032/1032
f 1031/1031 1033/1033 1032/1032
f 1032/1032 1033/1033 1034/1034
f 1033/1033 1035/1035 1034/1034
f 1034/1034 1035/1035 1036/1036
f 1035/1035 1037/1037 1036/1036
f 1036/1036 1037/1037 1038/1038
f 1037/1037 194/194 1038/1038
f 1038/1038 194/194 1039/1039
f 194/194 193/193 1039/1039
f 1039/1039 187/187 1038/1038
f 187/187 189/189 1038/1038
f 1038/1038 189/189 1036/1036
f 189/189 1040/1040 1036/1036
f 1036/1036 1040/1040 1034/1034
f 1040/1040 1041/1041 1034/1034
f 1034/1034 1041/1041 1032/1032
f 1041/1041 1042/1042 1032/1032
f 1032/1032 1042/1042 1030/1030
f 1042/1042 1043/1043 1030/1030
f 1030/1030 1043/1043 1028/1028
f 1043/1043 1044/1044 1028/1028
f 1028/1028 1044/1044 1026/1026
f 1044/1044 1045/1045 1026/1026
f 1026/1026 1045/1045 1024/1024
f 1045/1045 1046/1046 1024/1024
f 1024/1024 1046/1046 1022/1022
f 1046/1046 1047/1047 1022/1022
f 1022/1022 1047/1047 1020/1020
f 1047/1047 1048/1048 1020/1020
f 1020/1020 1048/1048 1018/1018
f 1048/1048 1049/1049 1018/1018
f 1018/1018 1049/1049 1016/1016
f 1049/1049 1050/1050 1016/1016
f 1016/1016 1050/1050 1014/1014
f 1050/1050 1051/1051 1014/1014
f 1014/1014 1051/1051 1012/1012
f 1051/1051 1052/1052 1012/1012
f 1012/1012 1052/1052 1010/1010
f 1052/1052 1053/1053 1010/1010
f 1010/1010 1053/1053 1008/1008
f 1053/1053 1054/1054 1008/1008
f 1008/1008 1054/1054 1006/1006
f 1054/1054 1055/1055 1006/1006
f 1006/1006 1055/1055 1004/1004
f 1055/1055 1056/1056 1004/1004
f 1004/1004 1056/1056 1002/1002
f 1056/1056 1057/1057 1002/1002
f 1002/1002 1057/1057 1000/1000
f 1057/1057 1058/1058 1000/1000
f 1000/1000 1058/1058 998/998
f 1058/1058 1059/1059 998/998
f 998/998 1059/1059 996/996
f 1059/1059 1060/1060 996/996
f 996/996 1060/1060 994/994
f 1060/1060 1061/1061 994/994
f 994/994 1061/1061 992/992
f 190/190 186/186 189/189
f 186/186 185/185 189/189
f 189/189 185/185 1040/1040
f 185/185 1062/1062 1040/1040
f 1040/1040 1062/1062 1041/1041
f 1062/1062 1063/1063 1041/1041
f 1041/1041 1063/1063 1042/1042
f 1063/1063 1064/1064 1042/1042
f 1042/1042 1064/1064 1043/1043
f 1064/1064 1065/1065 1043/1043
f 1043/1043 1065/1065 1044/1044
f 1065/1065 1066/1066 1044/1044
f 1044/1044 1066/1066 1045/1045
f 1066/1066 1067/1067 1045/1045
f 1045/1045 1067/1067 1046/1046
f 1067/1067 1068/1068 1046/1046
f 1046/1046 1068/1068 1047/1047
f 1068/1068 1069/1069 1047/1047
f 1047/1047 1069/1069 1048/1048
f 1069/1069 1070/1070 1048/1048
f 1048/1048 1070/1070 1049/1049
f 1070/1070 1071/1071 1049/1049
f 1049/1049 1071/1071 1050/1050
f 1071/1071 1072/1072 1050/1050
f 1050/1050 1072/1072 1051/1051
f 1072/1072 1073/1073 1051/1051
f 1051/1051 1073/1073 1052/1052
f 1073/1073 1074/1074 1052/1052
f 1052/1052 1074/1074 1053/1053
f 1074/1074 1075/1075 1053/1053
f 1053/1053 1075/1075 1054/1054
f 1075/1075 1076/1076 1054/1054
f 1054/1054 1076/1076 1055/1055
f 1076/1076 1077/1077 1055/1055
f 1055/1055 1077/1077 1056/1056
f 1077/1077 1078/1078 1056/1056
f 1056/1056 1078/1078 1057/1057
f 1078/1078 1079/1079 1057/1057
f 1057/1057 1079/1079 1058/1058
f 1079/1079 1080/1080 1058/1058
f 1058/1058 1080/1080 1059/1059
f 1080/1080 1081/1081 1059/1059
f 1059/1059 1081/1081 1060/1060
f 1081/1081 1082/1082 1060/1060
f 1060/1060 1082/1082 1061/1061
f 169/169 163/163 167/167
f 163/163 165/165 167/167
f 167/167 165/165 1083/1083
f 165/165 1084/1084 1083/1083
f 1083/1083 1084/1084 1085/1085
f 1084/1084 1086/1086 1085/1085
f 1085/1085 1086/1086 1087/1087
f 1086/1086 1088/1088 1087/1087
f 1087/1087 1088/1088 1089/1089
f 1088/1088 1090/1090 1089/1089
f 1089/1089 1090/1090 1091/1091
f 1090/1090 1092/1092 1091/1091
f 1091/1091 1092/1092 1093/1093
f 1092/1092 1094/1094 1093/1093
f 1093/1093 1094/1094 1095/1095
f 1094/1094 1096/1096 1095/1095
f 1095/1095 1096/1096 1097/1097
f 1096/1096 1098/1098 1097/1097
f 1097/1097 1098/1098 1099/1099
f 1098/1098 1100/1100 1099/1099
f 1099/1099 1100/1100 1101/1101
f 1100/1100 1102/1102 1101/1101
f 1101/1101 1102/1102 1103/1103
f 1102/1102 1104/1104 1103/1103
f 1103/1103 1104/1104 1105/1105
f 1104/1104 1106/1106 1105/1105
f 1105/1105 1106/1106 1107/1107
f 1106/1106 1108/1108 1107/1107
f 1107/1107 1108/1108 1109/1109
f 1108/1108 1110/1110 1109/1109
f 1109/1109 1110/1110 1111/1111
f 1110/1110 1112/1112 1111/1111
f 1111/1111 1112/1112 1113/1113
f 1112/1112 1114/1114 1113/1113
f 1113/1113 1114/1114 1115/1115
f 1114/1114 1116/1116 1115/1115
f 1115/1115 1116/1116 1117/1117
f 1116/1116 1118/1118 1117/1117
f 1117/1117 1118/1118 1119/1119
f 1118/1118 1120/1120 1119/1119
f 1119/1119 1120/1120 1121/1121
f 166/166 71/71 165/165
f 71/71 73/73 165/165
f 165/165 73/73 1084/1084
f 73/73 1122/1122 1084/1084
f 1084/1084 1122/1122 1086/1086
f 1122/1122 1123/1123 1086/1086
f 1086/1086 1123/1123 1088/1088
f 1123/1123 1124/1124 1088/1088
f 1088/1088 1124/1124 1090/1090
f 1124/1124 1125/1125 1090/1090
f 1090/1090 1125/1125 1092/1092
f 1125/1125 1126/1126 1092/1092
f 1092/1092 1126/1126 1094/1094
f 1126/1126 1127/1127 1094/1094
f 1094/1094 1127/1127 1096/1096
f 1127/1127 1128/1128 1096/1096
f 1096/1096 1128/1128 1098/1098
f 1128/1128 1129/1129 1098/1098
f 1098/1098 1129/1129 1100/1100
f 1129/1129 1130/1130 1100/1100
f 1100/1100 1130/1130 1102/1102
f 1130/1130 1131/1131 1102/1102
f 1102/1102 1131/1131 1104/1104
f 1131/1131 1132/1132 1104/1104
f 1104/1104 1132/1132 1106/1106
f 1132/1132 1133/1133 1106/1106
f 1106/1106 1133/1133 1108/1108
f 1133/1133 1134/1134 1108/1108
f 1108/1108 1134/1134 1110/1110
f 1134/1134 1135/1135 1110/1110
f 1110/1110 1135/1135 1112/1112
f 1135/1135 1136/1136 1112/1112
f 1112/1112 1136/1136 1114/1114
f 1136/1136 1137/1137 1114/1114
f 1114/1114 1137/1137 1116/1116
f 1137/1137 1138/1138 1116/1116
f 1116/1116 1138/1138 1118/1118
f 1138/1138 1139/1139 1118/1118
f 1118/1118 1139/1139 1120/1120
f 72/72 162/162 73/73
f 162/162 161/161 73/73
f 73/73 161/161 1122/1122
f 161/161 1140/1140 1122/1122
f 1122/1122 1140/1140 1123/1123
f 1140/1140 1141/1141 1123/1123
f 1123/1123 1141/1141 1124/1124
f 1141/1141 1142/1142 1124/1124
f 1124/1124 1142/1142 1125/1125
f 1142/1142 1143/1143 1125/1125
f 1125/1125 1143/1143 1126/1126
f 1143/1143 1144/1144 1126/1126
f 1126/1126 1144/1144 1127/1127
f 1144/1144 1145/1145 1127/1127
f 1127/1127 1145/1145 1128/1128
f 1145/1145 1146/1146 1128/1128
f 1128/1128 1146/1146 1129/1129
f 1146/1146 1147/1147 1129/1129
f 1129/1129 1147/1147 1130/1130
f 1147/1147 1148/1148 1130/1130
f 1130/1130 1148/1148 1131/1131
f 1148/1148 1149/1149 1131/1131
f 1131/1131 1149/1149 1132/1132
f 1149/1149 1150/1150 1132/1132
f 1132/1132 1150/1150 1133/1133
f 1150/1150 1151/1151 1133/1133
f 1133/1133 1151/1151 1134/1134
f 1151/1151 1152/1152 1134/1134
f 1134/1134 1152/1152 1135/1135
f 1152/1152 1153/1153 1135/1135
f 1135/1135 1153/1153 1136/1136
f 1153/1153 1154/1154 1136/1136
f 1136/1136 1154/1154 1137/1137
f 1154/1154 1155/1155 1137/1137
f 1137/1137 1155/1155 1138/1138
f 1155/1155 1156/1156 1138/1138
f 1138/1138 1156/1156 1139/1139
f 108/108 1157/1157 109/109
f 1157/1157 105/105 109/109
f 109/109 105/105 1158/1158
f 105/105 107/107 1158/1158
f 1158/1158 107/107 1159/1159
f 107/107 1160/1160 1159/1159
f 1159/1159 1160/1160 1161/1161
f 1160/1160 1162/1162 1161/1161
f 1161/1161 1162/1162 1163/1163
f 1162/1162 1164/1164 1163/1163
f 1163/1163 1164/1164 1165/1165
f 1164/1164 1166/1166 1165/1165
f 1165/1165 1166/1166 1167/1167
f 1166/1166 1168/1168 1167/1167
f 1167/1167 1168/1168 1169/1169
f 1168/1168 1170/1170 1169/1169
f 1169/1169 1170/1170 1171/1171
f 1170/1170 1172/1172 1171/1171
f 1171/1171 1172/1172 1173/1173
f 1172/1172 1174/1174 1173/1173
f 1173/1173 1174/1174 1175/1175
f 1174/1174 1176/1176 1175/1175
f 1175/1175 1176/1176 1177/1177
f 1176/1176 1178/1178 1177/1177
f 1177/1177 1178/1178 1179/1179
f 1178/1178 1180/1180 1179/1179
f 1179/1179 1180/1180 1181/1181
f 1180/1180 1182/1182 1181/1181
f 1181/1181 1182/1182 1183/1183
f 1182/1182 1184/1184 1183/1183
f 1183/1183 1184/1184 1185/1185
f 1184/1184 1186/1186 1185/1185
f 1185/1185 1186/1186 1187/1187
f 1186/1186 1188/1188 1187/1187
f 1187/1187 1188/1188 1189/1189
f 1188/1188 1190/1190 1189/1189
f 1189/1189 1190/1190 1191/1191
f 1190/1190 1192/1192 1191/1191
f 1191/1191 1192/1192 1193/1193
f 1192/1192 1194/1194 1193/1193
f 1193/1193 1194/1194 1195/1195
f 1194/1194 1196/1196 1195/1195
f 1195/1195 1196/1196 1197/1197
f 1196/1196 1198/1198 1197/1197
f 1197/1197 1198/1198 1199/1199
f 1198/1198 1200/1200 1199/1199
f 1199/1199 1200/1200 1201/1201
f 1200/1200 1202/1202 1201/1201
f 1201/1201 1202/1202 1203/1203
f 106/106 104/104 107/107
f 104/104 102/102 107/107
f 107/107 102/102 1160/1160
f 102/102 1204/1204 1160/1160
f 1160/1160 1204/1204 1162/1162
f 1204/1204 1205/1205 1162/1162
f 1162/1162 1205/1205 1164/1164
f 1205/1205 1206/1206 1164/1164
f 1164/1164 1206/1206 1166/1166
f 1206/1206 1207/1207 1166/1166
f 1166/1166 1207/1207 1168/1168
f 1207/1207 1208/1208 1168/1168
f 1168/1168 1208/1208 1170/1170
f 1208/1208 1209/1209 1170/1170
f 1170/1170 1209/1209 1172/1172
f 1209/1209 1210/1210 1172/1172
f 1172/1172 1210/1210 1174/1174
f 1210/1210 1211/1211 1174/1174
f 1174/1174 1211/1211 1176/1176
f 1211/1211 1212/1212 1176/1176
f 1176/1176 1212/1212 1178/1178
f 1212/1212 1213/1213 1178/1178
f 1178/1178 1213/1213 1180/1180
f 1213/1213 1214/1214 1180/1180
f 1180/1180 1214/1214 1182/1182
f 1214/1214 1215/1215 1182/1182
f 1182/1182 1215/1215 1184/1184
f 1215/1215 1216/1216 1184/1184
f 1184/1184 1216/1216 1186/1186
f 1216/1216 1217/1217 1186/1186
f 1186/1186 1217/1217 1188/1188
f 1217/1217 1218/1218 1188/1188
f 1188/1188 1218/1218 1190/1190
f 1218/1218 1219/1219 1190/1190
f 1190/1190 1219/1219 1192/1192
f 1219/1219 1220/1220 1192/1192
f 1192/1192 1220/1220 1194/1194
f 1220/1220 1221/1221 1194/1194
f 1194/1194 1221/1221 1196/1196
f 1221/1221 1222/1222 1196/1196
f 1196/1196 1222/1222 1198/1198
f 1222/1222 1223/1223 1198/1198
f 1198/1198 1223/1223 1200/1200
f 1223/1223 1224/1224 1200/1200
f 1200/1200 1224/1224 1202/1202
f 92/92 82/82 90/90
f 82/82 84/84 90/90
f 90/90 84/84 1225/1225
f 84/84 86/86 1225/1225
f 1225/1225 86/86 1226/1226
f 86/86 717/717 1226/1226
f 1226/1226 717/717 1227/1227
f 717/717 719/719 1227/1227
f 1227/1227 719/719 1228/1228
f 719/719 721/721 1228/1228
f 1228/1228 721/721 1229/1229
f 721/721 723/723 1229/1229
f 1229/1229 723/723 1230/1230
f 723/723 725/725 1230/1230
f 1230/1230 725/725 1231/1231
f 725/725 727/727 1231/1231
f 1231/1231 727/727 1232/1232
f 727/727 729/729 1232/1232
f 1232/1232 729/729 1233/1233
f 729/729 731/731 1233/1233
f 1233/1233 731/731 1234/1234
f 731/731 733/733 1234/1234
f 1234/1234 733/733 1235/1235
f 733/733 735/735 1235/1235
f 1235/1235 735/735 1236/1236
f 735/735 737/737 1236/1236
f 1236/1236 737/737 1237/1237
f 737/737 739/739 1237/1237
f 1237/1237 739/739 1238/1238
f 739/739 741/741 1238/1238
f 1238/1238 741/741 1239/1239
f 741/741 743/743 1239/1239
f 1239/1239 743/743 1240/1240
f 743/743 745/745 1240/1240
f 1240/1240 745/745 1241/1241
f 745/745 747/747 1241/1241
f 1241/1241 747/747 1242/1242
f 747/747 749/749 1242/1242
f 1242/1242 749/749 1243/1243
f 749/749 751/751 1243/1243
f 1243/1243 751/751 1244/1244
f 751/751 753/753 1244/1244
f 1244/1244 753/753 1245/1245
f 327/327 315/315 323/323
f 315/315 317/317 323/323
f 323/323 317/317 328/328
f 317/317 319/319 328/328
f 328/328 319/319 801/801
f 319/319 809/809 801/801
f 801/801 809/809 802/802
f 809/809 811/811 802/802
f 802/802 811/811 803/803
f 811/811 813/813 803/803
f 803/803 813/813 804/804
f 813/813 815/815 804/804
f 804/804 815/815 805/805
f 815/815 817/817 805/805
f 805/805 817/817 806/806
f 817/817 819/819 806/806
f 806/806 819/819 807/807
f 819/819 821/821 807/807
f 807/807 821/821 808/808
f 257/257 249/249 252/252
f 249/249 67/67 252/252
f 252/252 67/67 263/263
f 67/67 248/248 263/263
f 263/263 248/248 716/716
f 248/248 948/948 716/716
f 716/716 948/948 715/715
f 948/948 946/946 715/715
f 715/715 946/946 714/714
f 946/946 944/944 714/714
f 714/714 944/944 713/713
f 944/944 942/942 713/713
f 713/713 942/942 712/712
f 942/942 940/940 712/712
f 712/712 940/940 711/711
f 940/940 938/938 711/711
f 711/711 938/938 710/710
f 938/938 936/936 710/710
f 710/710 936/936 709/709
f 936/936 934/934 709/709
f 709/709 934/934 708/708
f 934/934 932/932 708/708
f 708/708 932/932 707/707
f 932/932 930/930 707/707
f 707/707 930/930 706/706
f 930/930 928/928 706/706
f 706/706 928/928 705/705
f 928/928 926/926 705/705
f 705/705 926/926 704/704
f 926/926 924/924 704/704
f 704/704 924/924 703/703
f 924/924 922/922 703/703
f 703/703 922/922 702/702
f 922/922 920/920 702/702
f 702/702 920/920 701/701
f 920/920 918/918 701/701
f 701/701 918/918 700/700
f 918/918 916/916 700/700
f 700/700 916/916 699/699
f 916/916 914/914 699/699
f 699/699 914/914 698/698
f 914/914 912/912 698/698
f 698/698 912/912 697/697
f 912/912 910/910 697/697
f 697/697 910/910 696/696
f 910/910 908/908 696/696
f 696/696 908/908 695/695
f 908/908 906/906 695/695
f 695/695 906/906 692/692
f 906/906 904/904 692/692
f 692/692 904/904 37/37
f 903/903 37/37 904/904
f 991/991 39/39 970/970
f 39/39 41/41 970/970
f 970/970 41/41 903/903
f 41/41 37/37 903/903
f 183/183 173/173 181/181
f 173/173 168/168 181/181
f 181/181 168/168 185/185
f 168/168 167/167 185/185
f 185/185 167/167 1062/1062
f 167/167 1083/1083 1062/1062
f 1062/1062 1083/1083 1063/1063
f 1083/1083 1085/1085 1063/1063
f 1063/1063 1085/1085 1064/1064
f 1085/1085 1087/1087 1064/1064
f 1064/1064 1087/1087 1065/1065
f 1087/1087 1089/1089 1065/1065
f 1065/1065 1089/1089 1066/1066
f 1089/1089 1091/1091 1066/1066
f 1066/1066 1091/1091 1067/1067
f 1091/1091 1093/1093 1067/1067
f 1067/1067 1093/1093 1068/1068
f 1093/1093 1095/1095 1068/1068
f 1068/1068 1095/1095 1069/1069
f 1095/1095 1097/1097 1069/1069
f 1069/1069 1097/1097 1070/1070
f 1097/1097 1099/1099 1070/1070
f 1070/1070 1099/1099 1071/1071
f 1099/1099 1101/1101 1071/1071
f 1071/1071 1101/1101 1072/1072
f 1101/1101 1103/1103 1072/1072
f 1072/1072 1103/1103 1073/1073
f 1103/1103 1105/1105 1073/1073
f 1073/1073 1105/1105 1074/1074
f 1105/1105 1107/1107 1074/1074
f 1074/1074 1107/1107 1075/1075
f 1107/1107 1109/1109 1075/1075
f 1075/1075 1109/1109 1076/1076
f 1109/1109 1111/1111 1076/1076
f 1076/1076 1111/1111 1077/1077
f 1111/1111 1113/1113 1077/1077
f 1077/1077 1113/1113 1078/1078
f 1113/1113 1115/1115 1078/1078
f 1078/1078 1115/1115 1079/1079
f 1115/1115 1117/1117 1079/1079
f 1079/1079 1117/1117 1080/1080
f 1117/1117 1119/1119 1080/1080
f 1080/1080 1119/1119 1081/1081
f 1119/1119 1121/1121 1081/1081
f 1081/1081 1121/1121 1082/1082
f 99/99 93/93 100/100
f 93/93 90/90 100/100
f 100/100 90/90 102/102
f 90/90 1225/1225 102/102
f 102/102 1225/1225 1204/1204
f 1225/1225 1226/1226 1204/1204
f 1204/1204 1226/1226 1205/1205
f 1226/1226 1227/1227 1205/1205
f 1205/1205 1227/1227 1206/1206
f 1227/1227 1228/1228 1206/1206
f 1206/1206 1228/1228 1207/1207
f 1228/1228 1229/1229 1207/1207
f 1207/1207 1229/1229 1208/1208
f 1229/1229 1230/1230 1208/1208
f 1208/1208 1230/1230 1209/1209
f 1230/1230 1231/1231 1209/1209
f 1209/1209 1231/1231 1210/1210
f 1231/1231 1232/1232 1210/1210
f 1210/1210 1232/1232 1211/1211
f 1232/1232 1233/1233 1211/1211
f 1211/1211 1233/1233 1212/1212
f 1233/1233 1234/1234 1212/1212
f 1212/1212 1234/1234 1213/1213
f 1234/1234 1235/1235 1213/1213
f 1213/1213 1235/1235 1214/1214
f 1235/1235 1236/1236 1214/1214
f 1214/1214 1236/1236 1215/1215
f 1236/1236 1237/1237 1215/1215
f 1215/1215 1237/1237 1216/1216
f 1237/1237 1238/1238 1216/1216
f 1216/1216 1238/1238 1217/1217
f 1238/1238 1239/1239 1217/1217
f 1217/1217 1239/1239 1218/1218
f 1239/1239 1240/1240 1218/1218
f 1218/1218 1240/1240 1219/1219
f 1240/1240 1241/1241 1219/1219
f 1219/1219 1241/1241 1220/1220
f 1241/1241 1242/1242 1220/1220
f 1220/1220 1242/1242 1221/1221
f 1242/1242 1243/1243 1221/1221
f 1221/1221 1243/1243 1222/1222
f 1243/1243 1244/1244 1222/1222
f 1222/1222 1244/1244 1223/1223
f 1244/1244 1245/1245 1223/1223
f 1223/1223 1245/1245 1224/1224
f 377/377 372/372 378/378
f 372/372 371/371 378/378
f 378/378 371/371 81/81
f 371/371 1246/1246 81/81
f 81/81 1246/1246 76/76
f 1246/1246 1247/1247 76/76
f 76/76 1247/1247 754/754
f 1247/1247 1248/1248 754/754
f 754/754 1248/1248 755/755
f 1248/1248 1249/1249 755/755
f 755/755 1249/1249 756/756
f 1249/1249 1250/1250 756/756
f 756/756 1250/1250 757/757
f 1250/1250 1251/1251 757/757
f 757/757 1251/1251 758/758
f 1251/1251 1252/1252 758/758
f 758/758 1252/1252 759/759
f 1252/1252 1253/1253 759/759
f 759/759 1253/1253 760/760
f 1253/1253 1254/1254 760/760
f 760/760 1254/1254 761/761
f 1254/1254 1255/1255 761/761
f 761/761 1255/1255 762/762
f 1255/1255 1256/1256 762/762
f 762/762 1256/1256 763/763
f 1256/1256 1257/1257 763/763
f 763/763 1257/1257 764/764
f 1257/1257 1258/1258 764/764
f 764/764 1258/1258 765/765
f 1258/1258 1259/1259 765/765
f 765/765 1259/1259 766/766
f 1259/1259 1260/1260 766/766
f 766/766 1260/1260 767/767
f 1260/1260 1261/1261 767/767
f 767/767 1261/1261 768/768
f 1261/1261 449/449 768/768
f 768/768 449/449 769/769
f 449/449 448/448 769/769
f 769/769 448/448 770/770
f 645/645 644/644 668/668
f 644/644 830/830 668/668
f 668/668 830/830 1262/1262
f 830/830 829/829 1262/1262
f 1262/1262 829/829 1263/1263
f 829/829 309/309 1263/1263
f 1263/1263 309/309 1264/1264
f 309/309 305/305 1264/1264
f 1264/1264 305/305 1265/1265
f 305/305 303/303 1265/1265
f 1265/1265 303/303 1266/1266
f 1203/1203 1267/1267 1201/1201
f 1267/1267 1268/1268 1201/1201
f 1201/1201 1268/1268 1199/1199
f 1268/1268 1269/1269 1199/1199
f 1199/1199 1269/1269 1197/1197
f 1269/1269 1270/1270 1197/1197
f 1197/1197 1270/1270 1195/1195
f 1270/1270 1271/1271 1195/1195
f 1195/1195 1271/1271 1193/1193
f 1271/1271 1272/1272 1193/1193
f 1193/1193 1272/1272 1191/1191
f 1272/1272 1273/1273 1191/1191
f 1191/1191 1273/1273 1189/1189
f 1273/1273 1274/1274 1189/1189
f 1189/1189 1274/1274 1187/1187
f 1274/1274 1275/1275 1187/1187
f 1187/1187 1275/1275 1185/1185
f 1275/1275 1276/1276 1185/1185
f 1185/1185 1276/1276 1183/1183
f 1276/1276 1277/1277 1183/1183
f 1183/1183 1277/1277 1181/1181
f 1277/1277 1278/1278 1181/1181
f 1181/1181 1278/1278 1179/1179
f 1278/1278 1279/1279 1179/1179
f 1179/1179 1279/1279 1177/1177
f 1279/1279 1280/1280 1177/1177
f 1177/1177 1280/1280 1175/1175
f 1280/1280 1281/1281 1175/1175
f 1175/1175 1281/1281 1173/1173
f 1281/1281 1282/1282 1173/1173
f 1173/1173 1282/1282 1171/1171
f 1282/1282 1283/1283 1171/1171
f 1171/1171 1283/1283 1169/1169
f 1283/1283 1284/1284 1169/1169
f 1169/1169 1284/1284 1167/1167
f 1284/1284 1285/1285 1167/1167
f 1167/1167 1285/1285 1165/1165
f 1285/1285 1286/1286 1165/1165
f 1165/1165 1286/1286 1163/1163
f 1286/1286 1287/1287 1163/1163
f 1163/1163 1287/1287 1161/1161
f 1287/1287 1288/1288 1161/1161
f 1161/1161 1288/1288 1159/1159
f 1288/1288 1289/1289 1159/1159
f 1159/1159 1289/1289 1158/1158
f 1289/1289 1290/1290 1158/1158
f 1158/1158 1290/1290 109/109
f 1290/1290 1291/1291 109/109
f 109/109 1291/1291 111/111
f 1291/1291 118/118 111/111
f 111/111 118/118 112/112
f 118/118 117/117 112/112
f 450/450 449/449 461/461
f 449/449 1261/1261 461/461
f 461/461 1261/1261 1292/1292
f 1261/1261 1260/1260 1292/1292
f 1292/1292 1260/1260 1293/1293
f 1260/1260 1259/1259 1293/1293
f 1293/1293 1259/1259 1294/1294
f 1259/1259 1258/1258 1294/1294
f 1294/1294 1258/1258 1295/1295
f 1258/1258 1257/1257 1295/1295
f 1295/1295 1257/1257 1296/1296
f 1257/1257 1256/1256 1296/1296
f 1296/1296 1256/1256 1297/1297
f 1256/1256 1255/1255 1297/1297
f 1297/1297 1255/1255 1298/1298
f 1255/1255 1254/1254 1298/1298
f 1298/1298 1254/1254 1299/1299
f 1254/1254 1253/1253 1299/1299
f 1299/1299 1253/1253 1300/1300
f 1253/1253 1252/1252 1300/1300
f 1300/1300 1252/1252 1301/1301
f 1252/1252 1251/1251 1301/1301
f 1301/1301 1251/1251 1302/1302
f 1251/1251 1250/1250 1302/1302
f 1302/1302 1250/1250 1303/1303
f 1250/1250 1249/1249 1303/1303
f 1303/1303 1249/1249 1304/1304
f 1249/1249 1248/1248 1304/1304
f 1304/1304 1248/1248 1305/1305
f 1248/1248 1247/1247 1305/1305
f 1305/1305 1247/1247 1306/1306
f 1247/1247 1246/1246 1306/1306
f 1306/1306 1246/1246 1307/1307
f 1246/1246 371/371 1307/1307
f 1307/1307 371/371 1308/1308
f 371/371 373/373 1308/1308
f 1308/1308 373/373 1309/1309
f 355/355 1310/1310 356/356
f 1310/1310 352/352 356/356
f 356/356 352/352 1311/1311
f 352/352 347/347 1311/1311
f 1311/1311 347/347 1312/1312
f 347/347 346/346 1312/1312
f 1312/1312 346/346 1313/1313
f 346/346 339/339 1313/1313
f 1313/1313 339/339 1314/1314
f 339/339 342/342 1314/1314
f 1314/1314 342/342 1315/1315
f 342/342 771/771 1315/1315
f 1315/1315 771/771 1316/1316
f 771/771 773/773 1316/1316
f 1316/1316 773/773 1317/1317
f 773/773 775/775 1317/1317
f 1317/1317 775/775 1318/1318
f 775/775 777/777 1318/1318
f 1318/1318 777/777 1319/1319
f 777/777 779/779 1319/1319
f 1319/1319 779/779 1320/1320
f 779/779 781/781 1320/1320
f 1320/1320 781/781 1321/1321
f 781/781 783/783 1321/1321
f 1321/1321 783/783 1322/1322
f 783/783 785/785 1322/1322
f 1322/1322 785/785 1323/1323
f 785/785 787/787 1323/1323
f 1323/1323 787/787 1324/1324
f 787/787 789/789 1324/1324
f 1324/1324 789/789 1325/1325
f 789/789 791/791 1325/1325
f 1325/1325 791/791 489/489
f 669/669 668/668 693/693
f 668/668 1262/1262 693/693
f 693/693 1262/1262 1326/1326
f 1262/1262 1263/1263 1326/1326
f 1326/1326 1263/1263 1327/1327
f 1263/1263 1264/1264 1327/1327
f 1327/1327 1264/1264 1328/1328
f 1264/1264 1265/1265 1328/1328
f 1328/1328 1265/1265 1329/1329
f 1265/1265 1266/1266 1329/1329
f 1329/1329 1266/1266 1330/1330
f 149/149 147/147 150/150
f 147/147 146/146 150/150
f 150/150 146/146 154/154
f 146/146 1331/1331 154/154
f 154/154 1331/1331 156/156
f 1331/1331 1332/1332 156/156
f 156/156 1332/1332 161/161
f 1332/1332 1333/1333 161/161
f 161/161 1333/1333 1140/1140
f 1333/1333 1334/1334 1140/1140
f 1140/1140 1334/1334 1141/1141
f 1334/1334 1335/1335 1141/1141
f 1141/1141 1335/1335 1142/1142
f 1335/1335 1336/1336 1142/1142
f 1142/1142 1336/1336 1143/1143
f 1336/1336 1337/1337 1143/1143
f 1143/1143 1337/1337 1144/1144
f 1337/1337 1338/1338 1144/1144
f 1144/1144 1338/1338 1145/1145
f 1338/1338 1339/1339 1145/1145
f 1145/1145 1339/1339 1146/1146
f 1339/1339 1340/1340 1146/1146
f 1146/1146 1340/1340 1147/1147
f 1340/1340 1341/1341 1147/1147
f 1147/1147 1341/1341 1148/1148
f 1341/1341 1342/1342 1148/1148
f 1148/1148 1342/1342 1149/1149
f 1342/1342 1343/1343 1149/1149
f 1149/1149 1343/1343 1150/1150
f 1343/1343 1344/1344 1150/1150
f 1150/1150 1344/1344 1151/1151
f 1344/1344 1345/1345 1151/1151
f 1151/1151 1345/1345 1152/1152
f 1345/1345 1346/1346 1152/1152
f 1152/1152 1346/1346 1153/1153
f 1346/1346 1347/1347 1153/1153
f 1153/1153 1347/1347 1154/1154
f 1347/1347 1348/1348 1154/1154
f 1154/1154 1348/1348 1155/1155
f 1348/1348 1349/1349 1155/1155
f 1155/1155 1349/1349 1156/1156
f 462/462 461/461 474/474
f 461/461 1292/1292 474/474
f 474/474 1292/1292 1350/1350
f 1292/1292 1293/1293 1350/1350
f 1350/1350 1293/1293 1351/1351
f 1293/1293 1294/1294 1351/1351
f 1351/1351 1294/1294 1352/1352
f 1294/1294 1295/1295 1352/1352
f 1352/1352 1295/1295 1353/1353
f 1295/1295 1296/1296 1353/1353
f 1353/1353 1296/1296 1354/1354
f 1296/1296 1297/1297 1354/1354
f 1354/1354 1297/1297 1355/1355
f 1297/1297 1298/1298 1355/1355
f 1355/1355 1298/1298 1356/1356
f 1298/1298 1299/1299 1356/1356
f 1356/1356 1299/1299 1357/1357
f 1299/1299 1300/1300 1357/1357
f 1357/1357 1300/1300 1358/1358
f 1300/1300 1301/1301 1358/1358
f 1358/1358 1301/1301 1359/1359
f 1301/1301 1302/1302 1359/1359
f 1359/1359 1302/1302 1360/1360
f 1302/1302 1303/1303 1360/1360
f 1360/1360 1303/1303 1361/1361
f 1303/1303 1304/1304 1361/1361
f 1361/1361 1304/1304 1362/1362
f 1304/1304 1305/1305 1362/1362
f 1362/1362 1305/1305 1363/1363
f 1305/1305 1306/1306 1363/1363
f 1363/1363 1306/1306 1364/1364
f 1306/1306 1307/1307 1364/1364
f 1364/1364 1307/1307 1365/1365
f 1307/1307 1308/1308 1365/1365
f 1365/1365 1308/1308 1366/1366
f 1308/1308 1309/1309 1366/1366
f 1366/1366 1309/1309 1367/1367
f 694/694 693/693 831/831
f 693/693 1326/1326 831/831
f 831/831 1326/1326 1368/1368
f 1326/1326 1327/1327 1368/1368
f 1368/1368 1327/1327 1369/1369
f 1327/1327 1328/1328 1369/1369
f 1369/1369 1328/1328 1370/1370
f 1328/1328 1329/1329 1370/1370
f 1370/1370 1329/1329 1371/1371
f 1329/1329 1330/1330 1371/1371
f 1371/1371 1330/1330 1372/1372
f 295/295 1373/1373 293/293
f 1373/1373 283/283 293/293
f 293/293 283/283 1374/1374
f 283/283 280/280 1374/1374
f 1374/1374 280/280 1375/1375
f 280/280 273/273 1375/1375
f 1375/1375 273/273 1376/1376
f 273/273 272/272 1376/1376
f 1376/1376 272/272 1377/1377
f 272/272 277/277 1377/1377
f 1377/1377 277/277 832/832
f 233/233 225/225 231/231
f 225/225 224/224 231/231
f 231/231 224/224 229/229
f 224/224 1378/1378 229/229
f 229/229 1378/1378 235/235
f 1378/1378 1379/1379 235/235
f 235/235 1379/1379 237/237
f 1379/1379 1380/1380 237/237
f 237/237 1380/1380 242/242
f 1380/1380 1381/1381 242/242
f 242/242 1381/1381 971/971
f 1381/1381 1382/1382 971/971
f 971/971 1382/1382 972/972
f 1382/1382 1383/1383 972/972
f 972/972 1383/1383 973/973
f 1383/1383 1384/1384 973/973
f 973/973 1384/1384 974/974
f 1384/1384 1385/1385 974/974
f 974/974 1385/1385 975/975
f 1385/1385 1386/1386 975/975
f 975/975 1386/1386 976/976
f 1386/1386 1387/1387 976/976
f 976/976 1387/1387 977/977
f 1387/1387 1388/1388 977/977
f 977/977 1388/1388 978/978
f 1388/1388 1389/1389 978/978
f 978/978 1389/1389 979/979
f 1389/1389 1390/1390 979/979
f 979/979 1390/1390 980/980
f 1390/1390 1391/1391 980/980
f 980/980 1391/1391 981/981
f 1391/1391 1392/1392 981/981
f 981/981 1392/1392 982/982
f 1392/1392 1393/1393 982/982
f 982/982 1393/1393 983/983
f 1393/1393 1394/1394 983/983
f 983/983 1394/1394 984/984
f 1394/1394 1395/1395 984/984
f 984/984 1395/1395 985/985
f 1395/1395 1396/1396 985/985
f 985/985 1396/1396 986/986
f 1396/1396 1397/1397 986/986
f 986/986 1397/1397 987/987
f 1397/1397 1398/1398 987/987
f 987/987 1398/1398 988/988
f 1398/1398 1399/1399 988/988
f 988/988 1399/1399 989/989
f 1399/1399 1400/1400 989/989
f 989/989 1400/1400 990/990
f 1400/1400 1401/1401 990/990
f 990/990 1401/1401 991/991
f 1401/1401 1402/1402 991/991
f 991/991 1402/1402 39/39
f 1402/1402 1403/1403 39/39
f 39/39 1403/1403 40/40
f 1403/1403 1404/1404 40/40
f 40/40 1404/1404 37/37
f 475/475 474/474 488/488
f 474/474 1350/1350 488/488
f 488/488 1350/1350 1405/1405
f 1350/1350 1351/1351 1405/1405
f 1405/1405 1351/1351 1406/1406
f 1351/1351 1352/1352 1406/1406
f 1406/1406 1352/1352 1407/1407
f 1352/1352 1353/1353 1407/1407
f 1407/1407 1353/1353 1408/1408
f 1353/1353 1354/1354 1408/1408
f 1408/1408 1354/1354 1409/1409
f 1354/1354 1355/1355 1409/1409
f 1409/1409 1355/1355 1410/1410
f 1355/1355 1356/1356 1410/1410
f 1410/1410 1356/1356 1411/1411
f 1356/1356 1357/1357 1411/1411
f 1411/1411 1357/1357 1412/1412
f 1357/1357 1358/1358 1412/1412
f 1412/1412 1358/1358 1413/1413
f 1358/1358 1359/1359 1413/1413
f 1413/1413 1359/1359 1414/1414
f 1359/1359 1360/1360 1414/1414
f 1414/1414 1360/1360 1415/1415
f 1360/1360 1361/1361 1415/1415
f 1415/1415 1361/1361 1416/1416
f 1361/1361 1362/1362 1416/1416
f 1416/1416 1362/1362 1417/1417
f 1362/1362 1363/1363 1417/1417
f 1417/1417 1363/1363 1418/1418
f 1363/1363 1364/1364 1418/1418
f 1418/1418 1364/1364 1419/1419
f 1364/1364 1365/1365 1419/1419
f 1419/1419 1365/1365 1420/1420
f 1365/1365 1366/1366 1420/1420
f 1420/1420 1366/1366 1421/1421
f 1366/1366 1367/1367 1421/1421
f 1421/1421 1367/1367 33/33
f 60/60 296/296 61/61
f 296/296 298/298 61/61
f 61/61 298/298 1422/1422
f 298/298 300/300 1422/1422
f 1422/1422 300/300 1423/1423
f 832/832 831/831 1377/1377
f 831/831 1368/1368 1377/1377
f 1377/1377 1368/1368 1376/1376
f 1368/1368 1369/1369 1376/1376
f 1376/1376 1369/1369 1375/1375
f 1369/1369 1370/1370 1375/1375
f 1375/1375 1370/1370 1374/1374
f 1370/1370 1371/1371 1374/1374
f 1374/1374 1371/1371 293/293
f 1371/1371 1372/1372 293/293
f 293/293 1372/1372 289/289
f 210/210 205/205 211/211
f 205/205 207/207 211/211
f 211/211 207/207 1424/1424
f 207/207 202/202 1424/1424
f 1424/1424 202/202 1425/1425
f 202/202 195/195 1425/1425
f 1425/1425 195/195 1426/1426
f 195/195 198/198 1426/1426
f 1426/1426 198/198 1427/1427
f 198/198 191/191 1427/1427
f 1427/1427 191/191 1428/1428
f 191/191 194/194 1428/1428
f 1428/1428 194/194 1429/1429
f 194/194 1037/1037 1429/1429
f 1429/1429 1037/1037 1430/1430
f 1037/1037 1035/1035 1430/1430
f 1430/1430 1035/1035 1431/1431
f 1035/1035 1033/1033 1431/1431
f 1431/1431 1033/1033 1432/1432
f 1033/1033 1031/1031 1432/1432
f 1432/1432 1031/1031 1433/1433
f 1031/1031 1029/1029 1433/1433
f 1433/1433 1029/1029 1434/1434
f 1029/1029 1027/1027 1434/1434
f 1434/1434 1027/1027 1435/1435
f 1027/1027 1025/1025 1435/1435
f 1435/1435 1025/1025 1436/1436
f 1025/1025 1023/1023 1436/1436
f 1436/1436 1023/1023 1437/1437
f 1023/1023 1021/1021 1437/1437
f 1437/1437 1021/1021 1438/1438
f 1021/1021 1019/1019 1438/1438
f 1438/1438 1019/1019 1439/1439
f 1019/1019 1017/1017 1439/1439
f 1439/1439 1017/1017 1440/1440
f 1017/1017 1015/1015 1440/1440
f 1440/1440 1015/1015 1441/1441
f 1015/1015 1013/1013 1441/1441
f 1441/1441 1013/1013 1442/1442
f 1013/1013 1011/1011 1442/1442
f 1442/1442 1011/1011 1443/1443
f 1011/1011 1009/1009 1443/1443
f 1443/1443 1009/1009 1444/1444
f 1009/1009 1007/1007 1444/1444
f 1444/1444 1007/1007 1445/1445
f 1007/1007 1005/1005 1445/1445
f 1445/1445 1005/1005 1446/1446
f 1005/1005 1003/1003 1446/1446
f 1446/1446 1003/1003 1447/1447
f 1003/1003 1001/1001 1447/1447
f 1447/1447 1001/1001 1448/1448
f 1001/1001 999/999 1448/1448
f 1448/1448 999/999 1449/1449
f 999/999 997/997 1449/1449
f 1449/1449 997/997 1450/1450
f 997/997 995/995 1450/1450
f 1450/1450 995/995 1451/1451
f 995/995 993/993 1451/1451
f 1451/1451 993/993 37/37
f 992/992 37/37 993/993
f 1349/1349 430/430 1156/1156
f 430/430 416/416 1156/1156
f 1156/1156 416/416 1139/1139
f 416/416 404/404 1139/1139
f 1139/1139 404/404 1120/1120
f 404/404 394/394 1120/1120
f 1120/1120 394/394 1121/1121
f 394/394 386/386 1121/1121
f 1121/1121 386/386 1082/1082
f 386/386 34/34 1082/1082
f 1082/1082 34/34 1061/1061
f 34/34 36/36 1061/1061
f 1061/1061 36/36 992/992
f 36/36 37/37 992/992
f 50/50 52/52 51/51
f 52/52 54/54 51/51
f 51/51 54/54 366/366
f 54/54 55/55 366/366
f 366/366 55/55 368/368
f 489/489 488/488 1325/1325
f 488/488 1405/1405 1325/1325
f 1325/1325 1405/1405 1324/1324
f 1405/1405 1406/1406 1324/1324
f 1324/1324 1406/1406 1323/1323
f 1406/1406 1407/1407 1323/1323
f 1323/1323 1407/1407 1322/1322
f 1407/1407 1408/1408 1322/1322
f 1322/1322 1408/1408 1321/1321
f 1408/1408 1409/1409 1321/1321
f 1321/1321 1409/1409 1320/1320
f 1409/1409 1410/1410 1320/1320
f 1320/1320 1410/1410 1319/1319
f 1410/1410 1411/1411 1319/1319
f 1319/1319 1411/1411 1318/1318
f 1411/1411 1412/1412 1318/1318
f 1318/1318 1412/1412 1317/1317
f 1412/1412 1413/1413 1317/1317
f 1317/1317 1413/1413 1316/1316
f 1413/1413 1414/1414 1316/1316
f 1316/1316 1414/1414 1315/1315
f 1414/1414 1415/1415 1315/1315
f 1315/1315 1415/1415 1314/1314
f 1415/1415 1416/1416 1314/1314
f 1314/1314 1416/1416 1313/1313
f 1416/1416 1417/1417 1313/1313
f 1313/1313 1417/1417 1312/1312
f 1417/1417 1418/1418 1312/1312
f 1312/1312 1418/1418 1311/1311
f 1418/1418 1419/1419 1311/1311
f 1311/1311 1419/1419 356/356
f 1419/1419 1420/1420 356/356
f 356/356 1420/1420 358/358
f 1420/1420 1421/1421 358/358
f 358/358 1421/1421 362/362
f 1421/1421 33/33 362/362
f 362/362 33/33 360/360
f 33/33 32/32 360/360
f 360/360 32/32 1452/1452
f 1453/1453 1422/1422 1454/1454
f 1422/1422 1423/1423 1454/1454
f 1454/1454 1423/1423 1455/1455
f 139/139 135/135 137/137
f 135/135 136/136 137/137
f 137/137 136/136 141/141
f 136/136 1456/1456 141/141
f 141/141 1456/1456 143/143
f 1456/1456 1457/1457 143/143
f 143/143 1457/1457 146/146
f 1457/1457 1458/1458 146/146
f 146/146 1458/1458 1331/1331
f 1458/1458 1459/1459 1331/1331
f 1331/1331 1459/1459 1332/1332
f 1459/1459 1460/1460 1332/1332
f 1332/1332 1460/1460 1333/1333
f 1460/1460 1461/1461 1333/1333
f 1333/1333 1461/1461 1334/1334
f 1461/1461 1462/1462 1334/1334
f 1334/1334 1462/1462 1335/1335
f 1462/1462 1463/1463 1335/1335
f 1335/1335 1463/1463 1336/1336
f 1463/1463 1464/1464 1336/1336
f 1336/1336 1464/1464 1337/1337
f 1464/1464 1465/1465 1337/1337
f 1337/1337 1465/1465 1338/1338
f 1465/1465 1466/1466 1338/1338
f 1338/1338 1466/1466 1339/1339
f 1466/1466 1467/1467 1339/1339
f 1339/1339 1467/1467 1340/1340
f 1467/1467 1468/1468 1340/1340
f 1340/1340 1468/1468 1341/1341
f 1468/1468 1469/1469 1341/1341
f 1341/1341 1469/1469 1342/1342
f 1469/1469 1470/1470 1342/1342
f 1342/1342 1470/1470 1343/1343
f 1470/1470 1471/1471 1343/1343
f 1343/1343 1471/1471 1344/1344
f 1471/1471 1472/1472 1344/1344
f 1344/1344 1472/1472 1345/1345
f 1472/1472 1473/1473 1345/1345
f 1345/1345 1473/1473 1346/1346
f 1473/1473 1474/1474 1346/1346
f 1346/1346 1474/1474 1347/1347
f 1474/1474 1475/1475 1347/1347
f 1347/1347 1475/1475 1348/1348
f 1475/1475 1476/1476 1348/1348
f 1348/1348 1476/1476 1349/1349
f 1476/1476 1477/1477 1349/1349
f 1349/1349 1477/1477 430/430
f 1477/1477 1478/1478 430/430
f 430/430 1478/1478 429/429
f 1478/1478 1479/1479 429/429
f 429/429 1479/1479 428/428
f 1479/1479 1480/1480 428/428
f 428/428 1480/1480 427/427
f 1480/1480 1481/1481 427/427
f 427/427 1481/1481 426/426
f 1481/1481 1482/1482 426/426
f 426/426 1482/1482 425/425
f 1482/1482 1483/1483 425/425
f 425/425 1483/1483 417/417
f 1483/1483 1484/1484 417/417
f 417/417 1484/1484 37/37
f 132/132 125/125 24/24
f 125/125 127/127 24/24
f 24/24 127/127 1485/1485
f 127/127 120/120 1485/1485
f 1485/1485 120/120 1486/1486
f 120/120 119/119 1486/1486
f 1486/1486 119/119 1487/1487
f 119/119 115/115 1487/1487
f 1487/1487 115/115 1488/1488
f 115/115 118/118 1488/1488
f 1488/1488 118/118 1489/1489
f 118/118 1291/1291 1489/1489
f 1489/1489 1291/1291 1490/1490
f 1291/1291 1290/1290 1490/1490
f 1490/1490 1290/1290 1491/1491
f 1290/1290 1289/1289 1491/1491
f 1491/1491 1289/1289 1492/1492
f 1289/1289 1288/1288 1492/1492
f 1492/1492 1288/1288 1493/1493
f 1288/1288 1287/1287 1493/1493
f 1493/1493 1287/1287 1494/1494
f 1287/1287 1286/1286 1494/1494
f 1494/1494 1286/1286 1495/1495
f 1286/1286 1285/1285 1495/1495
f 1495/1495 1285/1285 1496/1496
f 1285/1285 1284/1284 1496/1496
f 1496/1496 1284/1284 1497/1497
f 1284/1284 1283/1283 1497/1497
f 1497/1497 1283/1283 1498/1498
f 1283/1283 1282/1282 1498/1498
f 1498/1498 1282/1282 1499/1499
f 1282/1282 1281/1281 1499/1499
f 1499/1499 1281/1281 1500/1500
f 1281/1281 1280/1280 1500/1500
f 1500/1500 1280/1280 1501/1501
f 1280/1280 1279/1279 1501/1501
f 1501/1501 1279/1279 1502/1502
f 1279/1279 1278/1278 1502/1502
f 1502/1502 1278/1278 1503/1503
f 1278/1278 1277/1277 1503/1503
f 1503/1503 1277/1277 1504/1504
f 1277/1277 1276/1276 1504/1504
f 1504/1504 1276/1276 1505/1505
f 1276/1276 1275/1275 1505/1505
f 1505/1505 1275/1275 1506/1506
f 1275/1275 1274/1274 1506/1506
f 1506/1506 1274/1274 1507/1507
f 1274/1274 1273/1273 1507/1507
f 1507/1507 1273/1273 1508/1508
f 1273/1273 1272/1272 1508/1508
f 1508/1508 1272/1272 1509/1509
f 1272/1272 1271/1271 1509/1509
f 1509/1509 1271/1271 1510/1510
f 1271/1271 1270/1270 1510/1510
f 1510/1510 1270/1270 1511/1511
f 1270/1270 1269/1269 1511/1511
f 1511/1511 1269/1269 1512/1512
f 1269/1269 1268/1268 1512/1512
f 1512/1512 1268/1268 1513/1513
f 1268/1268 1267/1267 1513/1513
f 1513/1513 1267/1267 37/37
f 1203/1203 37/37 1267/1267
f 279/279 269/269 277/277
f 269/269 271/271 277/277
f 277/277 271/271 832/832
f 271/271 877/877 832/832
f 832/832 877/877 694/694
f 877/877 875/875 694/694
f 694/694 875/875 669/669
f 875/875 873/873 669/669
f 669/669 873/873 645/645
f 873/873 871/871 645/645
f 645/645 871/871 643/643
f 871/871 869/869 643/643
f 643/643 869/869 828/828
f 869/869 867/867 828/828
f 828/828 867/867 820/820
f 867/867 865/865 820/820
f 820/820 865/865 821/821
f 865/865 863/863 821/821
f 821/821 863/863 808/808
f 863/863 861/861 808/808
f 808/808 861/861 800/800
f 861/861 859/859 800/800
f 800/800 859/859 790/790
f 859/859 857/857 790/790
f 790/790 857/857 791/791
f 857/857 855/855 791/791
f 791/791 855/855 489/489
f 855/855 853/853 489/489
f 489/489 853/853 475/475
f 853/853 851/851 475/475
f 475/475 851/851 462/462
f 851/851 849/849 462/462
f 462/462 849/849 450/450
f 849/849 847/847 450/450
f 450/450 847/847 448/448
f 847/847 845/845 448/448
f 448/448 845/845 770/770
f 845/845 843/843 770/770
f 770/770 843/843 752/752
f 843/843 841/841 752/752
f 752/752 841/841 753/753
f 841/841 839/839 753/753
f 753/753 839/839 1245/1245
f 839/839 837/837 1245/1245
f 1245/1245 837/837 1224/1224
f 837/837 835/835 1224/1224
f 1224/1224 835/835 1202/1202
f 835/835 833/833 1202/1202
f 1202/1202 833/833 1203/1203
f 833/833 37/37 1203/1203
f 47/47 370/370 48/48
f 370/370 51/51 48/48
f 48/48 51/51 1514/1514
f 51/51 366/366 1514/1514
f 1514/1514 366/366 1515/1515
f 366/366 365/365 1515/1515
f 1515/1515 365/365 1516/1516
f 375/375 46/46 373/373
f 46/46 48/48 373/373
f 373/373 48/48 1309/1309
f 48/48 1514/1514 1309/1309
f 1309/1309 1514/1514 1367/1367
f 1514/1514 1515/1515 1367/1367
f 1367/1367 1515/1515 33/33
f 1515/1515 1516/1516 33/33
f 33/33 1516/1516 31/31
f 1455/1455 62/62 1454/1454
f 62/62 64/64 1454/1454
f 1454/1454 64/64 1453/1453
f 64/64 1517/1517 1453/1453
f 1453/1453 1517/1517 1518/1518
f 57/57 301/301 58/58
f 301/301 61/61 58/58
f 58/58 61/61 1519/1519
f 61/61 1422/1422 1519/1519
f 1519/1519 1422/1422 1520/1520
f 1422/1422 1453/1453 1520/1520
f 1520/1520 1453/1453 1521/1521
f 1453/1453 1518/1518 1521/1521
f 1521/1521 1518/1518 1522/1522
f 302/302 56/56 303/303
f 56/56 58/58 303/303
f 303/303 58/58 1266/1266
f 58/58 1519/1519 1266/1266
f 1266/1266 1519/1519 1330/1330
f 1519/1519 1520/1520 1330/1330
f 1330/1330 1520/1520 1372/1372
f 1520/1520 1521/1521 1372/1372
f 1372/1372 1521/1521 289/289
f 1521/1521 1522/1522 289/289
f 289/289 1522/1522 290/290
f 217/217 1523/1523 219/219
f 1523/1523 1524/1524 219/219
f 219/219 1524/1524 222/222
f 1524/1524 1525/1525 222/222
f 222/222 1525/1525 224/224
f 1525/1525 1526/1526 224/224
f 224/224 1526/1526 1378/1378
f 1526/1526 1527/1527 1378/1378
f 1378/1378 1527/1527 1379/1379
f 1527/1527 1528/1528 1379/1379
f 1379/1379 1528/1528 1380/1380
f 1528/1528 1529/1529 1380/1380
f 1380/1380 1529/1529 1381/1381
f 1529/1529 1530/1530 1381/1381
f 1381/1381 1530/1530 1382/1382
f 1530/1530 1531/1531 1382/1382
f 1382/1382 1531/1531 1383/1383
f 1531/1531 1532/1532 1383/1383
f 1383/1383 1532/1532 1384/1384
f 1532/1532 1533/1533 1384/1384
f 1384/1384 1533/1533 1385/1385
f 1533/1533 1534/1534 1385/1385
f 1385/1385 1534/1534 1386/1386
f 1534/1534 1535/1535 1386/1386
f 1386/1386 1535/1535 1387/1387
f 1535/1535 1536/1536 1387/1387
f 1387/1387 1536/1536 1388/1388
f 1536/1536 1537/1537 1388/1388
f 1388/1388 1537/1537 1389/1389
f 1537/1537 1538/1538 1389/1389
f 1389/1389 1538/1538 1390/1390
f 1538/1538 1539/1539 1390/1390
f 1390/1390 1539/1539 1391/1391
f 1539/1539 1540/1540 1391/1391
f 1391/1391 1540/1540 1392/1392
f 1540/1540 1541/1541 1392/1392
f 1392/1392 1541/1541 1393/1393
f 1541/1541 1542/1542 1393/1393
f 1393/1393 1542/1542 1394/1394
f 1542/1542 1543/1543 1394/1394
f 1394/1394 1543/1543 1395/1395
f 1543/1543 1544/1544 1395/1395
f 1395/1395 1544/1544 1396/1396
f 1544/1544 1545/1545 1396/1396
f 1396/1396 1545/1545 1397/1397
f 1545/1545 1546/1546 1397/1397
f 1397/1397 1546/1546 1398/1398
f 1546/1546 1547/1547 1398/1398
f 1398/1398 1547/1547 1399/1399
f 1547/1547 1548/1548 1399/1399
f 1399/1399 1548/1548 1400/1400
f 1548/1548 1549/1549 1400/1400
f 1400/1400 1549/1549 1401/1401
f 1549/1549 1550/1550 1401/1401
f 1401/1401 1550/1550 1402/1402
f 1550/1550 1551/1551 1402/1402
f 1402/1402 1551/1551 1403/1403
f 1551/1551 1552/1552 1403/1403
f 1403/1403 1552/1552 1404/1404
f 1552/1552 1553/1553 1404/1404
f 1404/1404 1553/1553 37/37
f 1523/1523 28/28 1524/1524
f 28/28 30/30 1524/1524
f 1524/1524 30/30 1525/1525
f 30/30 1554/1554 1525/1525
f 1525/1525 1554/1554 1526/1526
f 1554/1554 1555/1555 1526/1526
f 1526/1526 1555/1555 1527/1527
f 1555/1555 1556/1556 1527/1527
f 1527/1527 1556/1556 1528/1528
f 1556/1556 1557/1557 1528/1528
f 1528/1528 1557/1557 1529/1529
f 1557/1557 1558/1558 1529/1529
f 1529/1529 1558/1558 1530/1530
f 1558/1558 1559/1559 1530/1530
f 1530/1530 1559/1559 1531/1531
f 1559/1559 1560/1560 1531/1531
f 1531/1531 1560/1560 1532/1532
f 1560/1560 1561/1561 1532/1532
f 1532/1532 1561/1561 1533/1533
f 1561/1561 1562/1562 1533/1533
f 1533/1533 1562/1562 1534/1534
f 1562/1562 1563/1563 1534/1534
f 1534/1534 1563/1563 1535/1535
f 1563/1563 1564/1564 1535/1535
f 1535/1535 1564/1564 1536/1536
f 1564/1564 1565/1565 1536/1536
f 1536/1536 1565/1565 1537/1537
f 1565/1565 1566/1566 1537/1537
f 1537/1537 1566/1566 1538/1538
f 1566/1566 1567/1567 1538/1538
f 1538/1538 1567/1567 1539/1539
f 1567/1567 1568/1568 1539/1539
f 1539/1539 1568/1568 1540/1540
f 1568/1568 1569/1569 1540/1540
f 1540/1540 1569/1569 1541/1541
f 1569/1569 1570/1570 1541/1541
f 1541/1541 1570/1570 1542/1542
f 1570/1570 1571/1571 1542/1542
f 1542/1542 1571/1571 1543/1543
f 1571/1571 1572/1572 1543/1543
f 1543/1543 1572/1572 1544/1544
f 1572/1572 1573/1573 1544/1544
f 1544/1544 1573/1573 1545/1545
f 1573/1573 1574/1574 1545/1545
f 1545/1545 1574/1574 1546/1546
f 1574/1574 1575/1575 1546/1546
f 1546/1546 1575/1575 1547/1547
f 1575/1575 1576/1576 1547/1547
f 1547/1547 1576/1576 1548/1548
f 1576/1576 1577/1577 1548/1548
f 1548/1548 1577/1577 1549/1549
f 1577/1577 1578/1578 1549/1549
f 1549/1549 1578/1578 1550/1550
f 1578/1578 1579/1579 1550/1550
f 1550/1550 1579/1579 1551/1551
f 1579/1579 1580/1580 1551/1551
f 1551/1551 1580/1580 1552/1552
f 1580/1580 1581/1581 1552/1552
f 1552/1552 1581/1581 1553/1553
f 1581/1581 1582/1582 1553/1553
f 1553/1553 1582/1582 37/37
f 29/29 25/25 30/30
f 25/25 27/27 30/30
f 30/30 27/27 1554/1554
f 27/27 211/211 1554/1554
f 1554/1554 211/211 1555/1555
f 211/211 1424/1424 1555/1555
f 1555/1555 1424/1424 1556/1556
f 1424/1424 1425/1425 1556/1556
f 1556/1556 1425/1425 1557/1557
f 1425/1425 1426/1426 1557/1557
f 1557/1557 1426/1426 1558/1558
f 1426/1426 1427/1427 1558/1558
f 1558/1558 1427/1427 1559/1559
f 1427/1427 1428/1428 1559/1559
f 1559/1559 1428/1428 1560/1560
f 1428/1428 1429/1429 1560/1560
f 1560/1560 1429/1429 1561/1561
f 1429/1429 1430/1430 1561/1561
f 1561/1561 1430/1430 1562/1562
f 1430/1430 1431/1431 1562/1562
f 1562/1562 1431/1431 1563/1563
f 1431/1431 1432/1432 1563/1563
f 1563/1563 1432/1432 1564/1564
f 1432/1432 1433/1433 1564/1564
f 1564/1564 1433/1433 1565/1565
f 1433/1433 1434/1434 1565/1565
f 1565/1565 1434/1434 1566/1566
f 1434/1434 1435/1435 1566/1566
f 1566/1566 1435/1435 1567/1567
f 1435/1435 1436/1436 1567/1567
f 1567/1567 1436/1436 1568/1568
f 1436/1436 1437/1437 1568/1568
f 1568/1568 1437/1437 1569/1569
f 1437/1437 1438/1438 1569/1569
f 1569/1569 1438/1438 1570/1570
f 1438/1438 1439/1439 1570/1570
f 1570/1570 1439/1439 1571/1571
f 1439/1439 1440/1440 1571/1571
f 1571/1571 1440/1440 1572/1572
f 1440/1440 1441/1441 1572/1572
f 1572/1572 1441/1441 1573/1573
f 1441/1441 1442/1442 1573/1573
f 1573/1573 1442/1442 1574/1574
f 1442/1442 1443/1443 1574/1574
f 1574/1574 1443/1443 1575/1575
f 1443/1443 1444/1444 1575/1575
f 1575/1575 1444/1444 1576/1576
f 1444/1444 1445/1445 1576/1576
f 1576/1576 1445/1445 1577/1577
f 1445/1445 1446/1446 1577/1577
f 1577/1577 1446/1446 1578/1578
f 1446/1446 1447/1447 1578/1578
f 1578/1578 1447/1447 1579/1579
f 1447/1447 1448/1448 1579/1579
f 1579/1579 1448/1448 1580/1580
f 1448/1448 1449/1449 1580/1580
f 1580/1580 1449/1449 1581/1581
f 1449/1449 1450/1450 1581/1581
f 1581/1581 1450/1450 1582/1582
f 1450/1450 1451/1451 1582/1582
f 1582/1582 1451/1451 37/37
f 134/134 1583/1583 136/136
f 1583/1583 1584/1584 136/136
f 136/136 1584/1584 1456/1456
f 1584/1584 1585/1585 1456/1456
f 1456/1456 1585/1585 1457/1457
f 1585/1585 1586/1586 1457/1457
f 1457/1457 1586/1586 1458/1458
f 1586/1586 1587/1587 1458/1458
f 1458/1458 1587/1587 1459/1459
f 1587/1587 1588/1588 1459/1459
f 1459/1459 1588/1588 1460/1460
f 1588/1588 1589/1589 1460/1460
f 1460/1460 1589/1589 1461/1461
f 1589/1589 1590/1590 1461/1461
f 1461/1461 1590/1590 1462/1462
f 1590/1590 1591/1591 1462/1462
f 1462/1462 1591/1591 1463/1463
f 1591/1591 1592/1592 1463/1463
f 1463/1463 1592/1592 1464/1464
f 1592/1592 1593/1593 1464/1464
f 1464/1464 1593/1593 1465/1465
f 1593/1593 1594/1594 1465/1465
f 1465/1465 1594/1594 1466/1466
f 1594/1594 1595/1595 1466/1466
f 1466/1466 1595/1595 1467/1467
f 1595/1595 1596/1596 1467/1467
f 1467/1467 1596/1596 1468/1468
f 1596/1596 1597/1597 1468/1468
f 1468/1468 1597/1597 1469/1469
f 1597/1597 1598/1598 1469/1469
f 1469/1469 1598/1598 1470/1470
f 1598/1598 1599/1599 1470/1470
f 1470/1470 1599/1599 1471/1471
f 1599/1599 1600/1600 1471/1471
f 1471/1471 1600/1600 1472/1472
f 1600/1600 1601/1601 1472/1472
f 1472/1472 1601/1601 1473/1473
f 1601/1601 1602/1602 1473/1473
f 1473/1473 1602/1602 1474/1474
f 1602/1602 1603/1603 1474/1474
f 1474/1474 1603/1603 1475/1475
f 1603/1603 1604/1604 1475/1475
f 1475/1475 1604/1604 1476/1476
f 1604/1604 1605/1605 1476/1476
f 1476/1476 1605/1605 1477/1477
f 1605/1605 1606/1606 1477/1477
f 1477/1477 1606/1606 1478/1478
f 1606/1606 1607/1607 1478/1478
f 1478/1478 1607/1607 1479/1479
f 1607/1607 1608/1608 1479/1479
f 1479/1479 1608/1608 1480/1480
f 1608/1608 1609/1609 1480/1480
f 1480/1480 1609/1609 1481/1481
f 1609/1609 1610/1610 1481/1481
f 1481/1481 1610/1610 1482/1482
f 1610/1610 1611/1611 1482/1482
f 1482/1482 1611/1611 1483/1483
f 1611/1611 1612/1612 1483/1483
f 1483/1483 1612/1612 1484/1484
f 1612/1612 1613/1613 1484/1484
f 1484/1484 1613/1613 37/37
f 1583/1583 22/22 1584/1584
f 22/22 24/24 1584/1584
f 1584/1584 24/24 1585/1585
f 24/24 1485/1485 1585/1585
f 1585/1585 1485/1485 1586/1586
f 1485/1485 1486/1486 1586/1586
f 1586/1586 1486/1486 1587/1587
f 1486/1486 1487/1487 1587/1587
f 1587/1587 1487/1487 1588/1588
f 1487/1487 1488/1488 1588/1588
f 1588/1588 1488/1488 1589/1589
f 1488/1488 1489/1489 1589/1589
f 1589/1589 1489/1489 1590/1590
f 1489/1489 1490/1490 1590/1590
f 1590/1590 1490/1490 1591/1591
f 1490/1490 1491/1491 1591/1591
f 1591/1591 1491/1491 1592/1592
f 1491/1491 1492/1492 1592/1592
f 1592/1592 1492/1492 1593/1593
f 1492/1492 1493/1493 1593/1593
f 1593/1593 1493/1493 1594/1594
f 1493/1493 1494/1494 1594/1594
f 1594/1594 1494/1494 1595/1595
f 1494/1494 1495/1495 1595/1595
f 1595/1595 1495/1495 1596/1596
f 1495/1495 1496/1496 1596/1596
f 1596/1596 1496/1496 1597/1597
f 1496/1496 1497/1497 1597/1597
f 1597/1597 1497/1497 1598/1598
f 1497/1497 1498/1498 1598/1598
f 1598/1598 1498/1498 1599/1599
f 1498/1498 1499/1499 1599/1599
f 1599/1599 1499/1499 1600/1600
f 1499/1499 1500/1500 1600/1600
f 1600/1600 1500/1500 1601/1601
f 1500/1500 1501/1501 1601/1601
f 1601/1601 1501/1501 1602/1602
f 1501/1501 1502/1502 1602/1602
f 1602/1602 1502/1502 1603/1603
f 1502/1502 1503/1503 1603/1603
f 1603/1603 1503/1503 1604/1604
f 1503/1503 1504/1504 1604/1604
f 1604/1604 1504/1504 1605/1605
f 1504/1504 1505/1505 1605/1605
f 1605/1605 1505/1505 1606/1606
f 1505/1505 1506/1506 1606/1606
f 1606/1606 1506/1506 1607/1607
f 1506/1506 1507/1507 1607/1607
f 1607/1607 1507/1507 1608/1608
f 1507/1507 1508/1508 1608/1608
f 1608/1608 1508/1508 1609/1609
f 1508/1508 1509/1509 1609/1609
f 1609/1609 1509/1509 1610/1610
f 1509/1509 1510/1510 1610/1610
f 1610/1610 1510/1510 1611/1611
f 1510/1510 1511/1511 1611/1611
f 1611/1611 1511/1511 1612/1612
f 1511/1511 1512/1512 1612/1612
f 1612/1612 1512/1512 1613/1613
f 1512/1512 1513/1513 1613/1613
f 1613/1613 1513/1513 37/37
f 1614/1614 1615/1615 1616/1616
f 1615/1615 1617/1617 1616/1616
f 1616/1616 1617/1617 1618/1618
f 1617/1617 1619/1619 1618/1618
f 1618/1618 1619/1619 1620/1620
f 1621/1621 1622/1622 1623/1623
f 1624/1624 1625/1625 1623/1623
f 1625/1625 1626/1626 1623/1623
f 1623/1623 1626/1626 1627/1627
f 1628/1628 1629/1629 1630/1630
f 1629/1629 1631/1631 1630/1630
f 1630/1630 1631/1631 1632/1632
f 1631/1631 1633/1633 1632/1632
f 1632/1632 1633/1633 6/6
f 1633/1633 1634/1634 6/6
f 6/6 1634/1634 1635/1635
f 1635/1635 1636/1636 6/6
f 1636/1636 1637/1637 6/6
f 6/6 1637/1637 1623/1623
f 1623/1623 1638/1638 1639/1639
f 1622/1622 1640/1640 1623/1623
f 1640/1640 1641/1641 1623/1623
f 1623/1623 1641/1641 1642/1642
f 1642/1642 1643/1643 1623/1623
f 1643/1643 1644/1644 1623/1623
f 1623/1623 1644/1644 1624/1624
f 1627/1627 1645/1645 1623/1623
f 1645/1645 1646/1646 1623/1623
f 1623/1623 1646/1646 1647/1647
f 1647/1647 1648/1648 1623/1623
f 1648/1648 7/7 1623/1623
f 1623/1623 7/7 6/6
f 1628/1628 1649/1649 1629/1629
f 1649/1649 1650/1650 1629/1629
f 1629/1629 1650/1650 1651/1651
f 1650/1650 1652/1652 1651/1651
f 1639/1639 1653/1653 1623/1623
f 1653/1653 1654/1654 1623/1623
f 1623/1623 1654/1654 1655/1655
f 1655/1655 1656/1656 1623/1623
f 1656/1656 1657/1657 1623/1623
f 1623/1623 1657/1657 1621/1621
f 1658/1658 2/2 1659/1659
f 1660/1660 1661/1661 2/2
f 1661/1661 1662/1662 2/2
f 2/2 1662/1662 1659/1659
f 1659/1659 1663/1663 1658/1658
f 1663/1663 1664/1664 1658/1658
f 1658/1658 1664/1664 1665/1665
f 1664/1664 1666/1666 1665/1665
f 1665/1665 1666/1666 1667/1667
f 1/1 1668/1668 1669/1669
f 1670/1670 1671/1671 2/2
f 1672/1672 1673/1673 1674/1674
f 1673/1673 1675/1675 1674/1674
f 2/2 1676/1676 1677/1677
f 1660/1660 2/2 1678/1678
f 2/2 1671/1671 1678/1678
f 1678/1678 1671/1671 1679/1679
f 1675/1675 1673/1673 1666/1666
f 1673/1673 1680/1680 1666/1666
f 1666/1666 1680/1680 1667/1667
f 1681/1681 1682/1682 2/2
f 1682/1682 1683/1683 2/2
f 2/2 1683/1683 1684/1684
f 1684/1684 1685/1685 2/2
f 1685/1685 1686/1686 2/2
f 2/2 1686/1686 1687/1687
f 1687/1687 1688/1688 2/2
f 1688/1688 1689/1689 2/2
f 2/2 1689/1689 1676/1676
f 1677/1677 1690/1690 2/2
f 1690/1690 1691/1691 2/2
f 2/2 1691/1691 1692/1692
f 1692/1692 1693/1693 2/2
f 1693/1693 1694/1694 2/2
f 2/2 1694/1694 1670/1670
f 1/1 1669/1669 2/2
f 1669/1669 1695/1695 2/2
f 2/2 1695/1695 1681/1681
f 1696/1696 1697/1697 1698/1698
f 1699/1699 1700/1700 1701/1701
f 1700/1700 1702/1702 1701/1701
f 1701/1701 1702/1702 1703/1703
f 1704/1704 1705/1705 1698/1698
f 1705/1705 1706/1706 1698/1698
f 1698/1698 1706/1706 1696/1696
f 1707/1707 1708/1708 1709/1709
f 1710/1710 1711/1711 1712/1712
f 1711/1711 1705/1705 1712/1712
f 1712/1712 1705/1705 1713/1713
f 1704/1704 1714/1714 1705/1705
f 1714/1714 1715/1715 1705/1705
f 1705/1705 1715/1715 1713/1713
f 1715/1715 1716/1716 1713/1713
f 1713/1713 1716/1716 1717/1717
f 1650/1650 1673/1673 1652/1652
f 1673/1673 1672/1672 1652/1652
f 1652/1652 1672/1672 1718/1718
f 1672/1672 1719/1719 1718/1718
f 1718/1718 1719/1719 1720/1720
f 1719/1719 1721/1721 1720/1720
f 1720/1720 1721/1721 1712/1712
f 1721/1721 1722/1722 1712/1712
f 1712/1712 1722/1722 1710/1710
f 1709/1709 1723/1723 1707/1707
f 1723/1723 1724/1724 1707/1707
f 1707/1707 1724/1724 1725/1725
f 1724/1724 1726/1726 1725/1725
f 1725/1725 1726/1726 1702/1702
f 1726/1726 1727/1727 1702/1702
f 1702/1702 1727/1727 1703/1703
f 1708/1708 1707/1707 1717/1717
f 1707/1707 1728/1728 1717/1717
f 1717/1717 1728/1728 1713/1713
f 1632/1632 6/6 1658/1658
f 6/6 2/2 1658/1658
f 1729/1729 1730/1730 1731/1731
f 1732/1732 1733/1733 1734/1734
f 8/8 1734/1734 9/9
f 1734/1734 1735/1735 9/9
f 9/9 1735/1735 1736/1736
f 1737/1737 1738/1738 1739/1739
f 1738/1738 9/9 1739/1739
f 1739/1739 9/9 1740/1740
f 9/9 1736/1736 1740/1740
f 8/8 1741/1741 1734/1734
f 1741/1741 1742/1742 1734/1734
f 1734/1734 1742/1742 1743/1743
f 1744/1744 1745/1745 1731/1731
f 1745/1745 1746/1746 1731/1731
f 1731/1731 1746/1746 1729/1729
f 1737/1737 1747/1747 1738/1738
f 1747/1747 1745/1745 1738/1738
f 1738/1738 1745/1745 1748/1748
f 1745/1745 1744/1744 1748/1748
f 1743/1743 1749/1749 1734/1734
f 1749/1749 1750/1750 1734/1734
f 1734/1734 1750/1750 1732/1732
f 1751/1751 1752/1752 1734/1734
f 1752/1752 1753/1753 1734/1734
f 1734/1734 1753/1753 1754/1754
f 1754/1754 1755/1755 1734/1734
f 1755/1755 1756/1756 1734/1734
f 1734/1734 1756/1756 1757/1757
f 1757/1757 1758/1758 1734/1734
f 1758/1758 1759/1759 1734/1734
f 1734/1734 1759/1759 1760/1760
f 1733/1733 1761/1761 1734/1734
f 1761/1761 1762/1762 1734/1734
f 1734/1734 1762/1762 1763/1763
f 1763/1763 1764/1764 1734/1734
f 1764/1764 1765/1765 1734/1734
f 1734/1734 1765/1765 1751/1751
f 15/15 17/17 1766/1766
f 17/17 1767/1767 1768/1768
f 1768/1768 1767/1767 1769/1769
f 1767/1767 1770/1770 1769/1769
f 1769/1769 1770/1770 1771/1771
f 1768/1768 1772/1772 17/17
f 1772/1772 1773/1773 17/17
f 17/17 1773/1773 1774/1774
f 15/15 1766/1766 1775/1775
f 1770/1770 1776/1776 1771/1771
f 1776/1776 1777/1777 1771/1771
f 1771/1771 1777/1777 1778/1778
f 1777/1777 1779/1779 1778/1778
f 1778/1778 1779/1779 1780/1780
f 1766/1766 1781/1781 1782/1782
f 1774/1774 1783/1783 17/17
f 1783/1783 1784/1784 17/17
f 17/17 1784/1784 1766/1766
f 1782/1782 1785/1785 1766/1766
f 1785/1785 1786/1786 1766/1766
f 1766/1766 1786/1786 1775/1775
f 1766/1766 1787/1787 1781/1781
f 1787/1787 1788/1788 1781/1781
f 1781/1781 1788/1788 1789/1789
f 1789/1789 1790/1790 1781/1781
f 1790/1790 1791/1791 1781/1781
f 1781/1781 1791/1791 1792/1792
f 1792/1792 1793/1793 1781/1781
f 1793/1793 1794/1794 1781/1781
f 1781/1781 1794/1794 1795/1795
f 1796/1796 1781/1781 1797/1797
f 1781/1781 1798/1798 1797/1797
f 1795/1795 1799/1799 1781/1781
f 1799/1799 1800/1800 1781/1781
f 1781/1781 1800/1800 1801/1801
f 1801/1801 1802/1802 1781/1781
f 1802/1802 1803/1803 1781/1781
f 1781/1781 1803/1803 1798/1798
f 1804/1804 1805/1805 1806/1806
f 1805/1805 1807/1807 1806/1806
f 1808/1808 19/19 1809/1809
f 19/19 1810/1810 1809/1809
f 21/21 1811/1811 1812/1812
f 1813/1813 1814/1814 1815/1815
f 1814/1814 19/19 1815/1815
f 1815/1815 19/19 1816/1816
f 19/19 1808/1808 1816/1816
f 1817/1817 1818/1818 19/19
f 1818/1818 1819/1819 19/19
f 19/19 1819/1819 1820/1820
f 1813/1813 1821/1821 1814/1814
f 1821/1821 1822/1822 1814/1814
f 1814/1814 1822/1822 1823/1823
f 1822/1822 1824/1824 1823/1823
f 1825/1825 1826/1826 19/19
f 1826/1826 1827/1827 19/19
f 19/19 1827/1827 1828/1828
f 1828/1828 1829/1829 19/19
f 1829/1829 1830/1830 19/19
f 19/19 1830/1830 1831/1831
f 1831/1831 1832/1832 19/19
f 1832/1832 1833/1833 19/19
f 19/19 1833/1833 1817/1817
f 1820/1820 1834/1834 19/19
f 1834/1834 1835/1835 19/19
f 19/19 1835/1835 1836/1836
f 1837/1837 1810/1810 1838/1838
f 1810/1810 19/19 1838/1838
f 1838/1838 19/19 1839/1839
f 19/19 1836/1836 1839/1839
f 1807/1807 1805/1805 1822/1822
f 1805/1805 1840/1840 1822/1822
f 1822/1822 1840/1840 1824/1824
f 21/21 1812/1812 19/19
f 1812/1812 1841/1841 19/19
f 19/19 1841/1841 1825/1825
f 1614/1614 1616/1616 1842/1842
f 1843/1843 1844/1844 1845/1845
f 1843/1843 1845/1845 1846/1846
f 1845/1845 1847/1847 1846/1846
f 1846/1846 1847/1847 1848/1848
f 1847/1847 1849/1849 1848/1848
f 1848/1848 1849/1849 1850/1850
f 1849/1849 1851/1851 1850/1850
f 1850/1850 1851/1851 1616/1616
f 1851/1851 1852/1852 1616/1616
f 1852/1852 1853/1853 1616/1616
f 1616/1616 1853/1853 1854/1854
f 1614/1614 1842/1842 1855/1855
f 1854/1854 1856/1856 1616/1616
f 1856/1856 1857/1857 1616/1616
f 1616/1616 1857/1857 1842/1842
f 1858/1858 1859/1859 1842/1842
f 1859/1859 1860/1860 1842/1842
f 1842/1842 1860/1860 1855/1855
f 1858/1858 1842/1842 1861/1861
f 1842/1842 1862/1862 1861/1861
f 1861/1861 1862/1862 1863/1863
f 1864/1864 1865/1865 1866/1866
f 1863/1863 1867/1867 1861/1861
f 1867/1867 1868/1868 1861/1861
f 1861/1861 1868/1868 1869/1869
f 1868/1868 1870/1870 1869/1869
f 1865/1865 1871/1871 1866/1866
f 1871/1871 1872/1872 1866/1866
f 1866/1866 1872/1872 1873/1873
f 1870/1870 1868/1868 1866/1866
f 1868/1868 1874/1874 1866/1866
f 1866/1866 1874/1874 1864/1864
f 1875/1875 1876/1876 1877/1877
f 1876/1876 1866/1866 1877/1877
f 1877/1877 1866/1866 1878/1878
f 1866/1866 1873/1873 1878/1878
f 1879/1879 1880/1880 1881/1881
f 1882/1882 1618/1618 1883/1883
f 1618/1618 1884/1884 1883/1883
f 1620/1620 1885/1885 1886/1886
f 1887/1887 1888/1888 1889/1889
f 1888/1888 1618/1618 1889/1889
f 1889/1889 1618/1618 1890/1890
f 1618/1618 1882/1882 1890/1890
f 1891/1891 1892/1892 1618/1618
f 1892/1892 1893/1893 1618/1618
f 1618/1618 1893/1893 1894/1894
f 1895/1895 1896/1896 1881/1881
f 1896/1896 1897/1897 1881/1881
f 1881/1881 1897/1897 1879/1879
f 1887/1887 1898/1898 1888/1888
f 1898/1898 1896/1896 1888/1888
f 1888/1888 1896/1896 1899/1899
f 1896/1896 1895/1895 1899/1899
f 1900/1900 1901/1901 1618/1618
f 1901/1901 1902/1902 1618/1618
f 1618/1618 1902/1902 1903/1903
f 1903/1903 1904/1904 1618/1618
f 1904/1904 1905/1905 1618/1618
f 1618/1618 1905/1905 1906/1906
f 1906/1906 1907/1907 1618/1618
f 1907/1907 1908/1908 1618/1618
f 1618/1618 1908/1908 1891/1891
f 1894/1894 1909/1909 1618/1618
f 1909/1909 1910/1910 1618/1618
f 1618/1618 1910/1910 1911/1911
f 1912/1912 1884/1884 1913/1913
f 1884/1884 1618/1618 1913/1913
f 1913/1913 1618/1618 1914/1914
f 1618/1618 1911/1911 1914/1914
f 1620/1620 1886/1886 1618/1618
f 1886/1886 1915/1915 1618/1618
f 1618/1618 1915/1915 1900/1900
f 1916/1916 1917/1917 1918/1918
f 1916/1916 1919/1919 1917/1917
f 1919/1919 14/14 1917/1917
f 1917/1917 14/14 13/13
f 1920/1920 1921/1921 1922/1922
f 1918/1918 1923/1923 1916/1916
f 1923/1923 1924/1924 1916/1916
f 1916/1916 1924/1924 1925/1925
f 1920/1920 1922/1922 1926/1926
f 1922/1922 1927/1927 1926/1926
f 1926/1926 1927/1927 1928/1928
f 1927/1927 1929/1929 1928/1928
f 1928/1928 1929/1929 1930/1930
f 1929/1929 1931/1931 1930/1930
f 1930/1930 1931/1931 13/13
f 1931/1931 1932/1932 13/13
f 13/13 1932/1932 1933/1933
f 1933/1933 1934/1934 13/13
f 1934/1934 1935/1935 13/13
f 13/13 1935/1935 1917/1917
f 1936/1936 1937/1937 1938/1938
f 1925/1925 1939/1939 1916/1916
f 1939/1939 1940/1940 1916/1916
f 1916/1916 1940/1940 1941/1941
f 1941/1941 1942/1942 1916/1916
f 1942/1942 1943/1943 1916/1916
f 1916/1916 1943/1943 1944/1944
f 1943/1943 1945/1945 1944/1944
f 1945/1945 1943/1943 1938/1938
f 1943/1943 1946/1946 1938/1938
f 1938/1938 1946/1946 1936/1936
f 1947/1947 1938/1938 1948/1948
f 1938/1938 1949/1949 1948/1948
f 1937/1937 1950/1950 1938/1938
f 1950/1950 1951/1951 1938/1938
f 1938/1938 1951/1951 1949/1949
f 1952/1952 1953/1953 1954/1954
f 1955/1955 1956/1956 1957/1957
f 1956/1956 1958/1958 1957/1957
f 1957/1957 1958/1958 1959/1959
f 1958/1958 1960/1960 1959/1959
f 1961/1961 1962/1962 1954/1954
f 1962/1962 1963/1963 1954/1954
f 1954/1954 1963/1963 1952/1952
f 1964/1964 1965/1965 1966/1966
f 1965/1965 1967/1967 1966/1966
f 1966/1966 1967/1967 1968/1968
f 1962/1962 1969/1969 1970/1970
f 1969/1969 1971/1971 1970/1970
f 1970/1970 1971/1971 1972/1972
f 1971/1971 1973/1973 1972/1972
f 1972/1972 1973/1973 1974/1974
f 1920/1920 1731/1731 1921/1921
f 1731/1731 1730/1730 1921/1921
f 1921/1921 1730/1730 1975/1975
f 1730/1730 1976/1976 1975/1975
f 1975/1975 1976/1976 1973/1973
f 1976/1976 1977/1977 1973/1973
f 1973/1973 1977/1977 1974/1974
f 1968/1968 1978/1978 1966/1966
f 1978/1978 1979/1979 1966/1966
f 1966/1966 1979/1979 1980/1980
f 1961/1961 1981/1981 1962/1962
f 1981/1981 1982/1982 1962/1962
f 1962/1962 1982/1982 1969/1969
f 1982/1982 1964/1964 1969/1969
f 1969/1969 1964/1964 1983/1983
f 1964/1964 1966/1966 1983/1983
f 1955/1955 1957/1957 1980/1980
f 1957/1957 1984/1984 1980/1980
f 1980/1980 1984/1984 1966/1966
f 1930/1930 13/13 1738/1738
f 13/13 9/9 1738/1738
f 1985/1985 1986/1986 1987/1987
f 1986/1986 1988/1988 1987/1987
f 1987/1987 1988/1988 1989/1989
f 1988/1988 1990/1990 1989/1989
f 1991/1991 1992/1992 1993/1993
f 1992/1992 1994/1994 1993/1993
f 1994/1994 1992/1992 1995/1995
f 1992/1992 1996/1996 1995/1995
f 1995/1995 1996/1996 1997/1997
f 1998/1998 1999/1999 2000/2000
f 1999/1999 2001/2001 2000/2000
f 2002/2002 2003/2003 2004/2004
f 2005/2005 2006/2006 2007/2007
f 2006/2006 2008/2008 2007/2007
f 2007/2007 2008/2008 1804/1804
f 2008/2008 1780/1780 1804/1804
f 1804/1804 1780/1780 1805/1805
f 1780/1780 1779/1779 1805/1805
f 1998/1998 2000/2000 2003/2003
f 2000/2000 2009/2009 2003/2003
f 2003/2003 2009/2009 2004/2004
f 2005/2005 2010/2010 2006/2006
f 2010/2010 2011/2011 2006/2006
f 2006/2006 2011/2011 2012/2012
f 2011/2011 2013/2013 2012/2012
f 2012/2012 2013/2013 2004/2004
f 2013/2013 1995/1995 2004/2004
f 2004/2004 1995/1995 2002/2002
f 1995/1995 1997/1997 2002/2002
f 2001/2001 2014/2014 2000/2000
f 2014/2014 2015/2015 2000/2000
f 2000/2000 2015/2015 2016/2016
f 1985/1985 1987/1987 2016/2016
f 1987/1987 2017/2017 2016/2016
f 2016/2016 2017/2017 2000/2000
f 1767/1767 17/17 1814/1814
f 17/17 19/19 1814/1814
f 2018/2018 2019/2019 2020/2020
f 2021/2021 2022/2022 2023/2023
f 2022/2022 2024/2024 2023/2023
f 2023/2023 2024/2024 2025/2025
f 2026/2026 2027/2027 2028/2028
f 1843/1843 1881/1881 1844/1844
f 1881/1881 1880/1880 1844/1844
f 1844/1844 1880/1880 2029/2029
f 1880/1880 2030/2030 2029/2029
f 2030/2030 2031/2031 2029/2029
f 2031/2031 2032/2032 2029/2029
f 2029/2029 2032/2032 2033/2033
f 2032/2032 2034/2034 2033/2033
f 2033/2033 2034/2034 2027/2027
f 2034/2034 2035/2035 2027/2027
f 2027/2027 2035/2035 2028/2028
f 2036/2036 2028/2028 2020/2020
f 2028/2028 2037/2037 2020/2020
f 2020/2020 2037/2037 2018/2018
f 2038/2038 2039/2039 2024/2024
f 2039/2039 2040/2040 2024/2024
f 2024/2024 2040/2040 2025/2025
f 2036/2036 2041/2041 2028/2028
f 2041/2041 2042/2042 2028/2028
f 2028/2028 2042/2042 2026/2026
f 2042/2042 2043/2043 2026/2026
f 2026/2026 2043/2043 2044/2044
f 2045/2045 2046/2046 2047/2047
f 2046/2046 2048/2048 2047/2047
f 2047/2047 2048/2048 2038/2038
f 2048/2048 2049/2049 2038/2038
f 2038/2038 2049/2049 2039/2039
f 2045/2045 2047/2047 2044/2044
f 2047/2047 2050/2050 2044/2044
f 2044/2044 2050/2050 2026/2026
f 1850/1850 1616/1616 1888/1888
f 1616/1616 1618/1618 1888/1888
f 2051/2051 241/241 243/243
f 2052/2052 2053/2053 2054/2054
f 2055/2055 2056/2056 2057/2057
f 2056/2056 268/268 2057/2057
f 2057/2057 268/268 266/266
f 265/265 270/270 2058/2058
f 2058/2058 2059/2059 265/265
f 2059/2059 2060/2060 265/265
f 265/265 2060/2060 266/266
f 2060/2060 2061/2061 266/266
f 266/266 2061/2061 2057/2057
f 2062/2062 2063/2063 2064/2064
f 2063/2063 2065/2065 2064/2064
f 2065/2065 2063/2063 2066/2066
f 2063/2063 2067/2067 2066/2066
f 2066/2066 2067/2067 2068/2068
f 2069/2069 2070/2070 2071/2071
f 2072/2072 2073/2073 2074/2074
f 2073/2073 2075/2075 2074/2074
f 2051/2051 243/243 2076/2076
f 243/243 69/69 2076/2076
f 2076/2076 69/69 2062/2062
f 69/69 68/68 2062/2062
f 2062/2062 68/68 2063/2063
f 68/68 247/247 2063/2063
f 2063/2063 247/247 2067/2067
f 247/247 245/245 2067/2067
f 2067/2067 245/245 2077/2077
f 245/245 244/244 2077/2077
f 244/244 66/66 2077/2077
f 2077/2077 66/66 2078/2078
f 66/66 65/65 2078/2078
f 2078/2078 65/65 2079/2079
f 65/65 251/251 2079/2079
f 251/251 250/250 2079/2079
f 250/250 249/249 2079/2079
f 2079/2079 249/249 2080/2080
f 249/249 257/257 2080/2080
f 2080/2080 257/257 2081/2081
f 257/257 256/256 2081/2081
f 2081/2081 256/256 2082/2082
f 256/256 255/255 2082/2082
f 2082/2082 255/255 2083/2083
f 255/255 254/254 2083/2083
f 2083/2083 254/254 2084/2084
f 254/254 253/253 2084/2084
f 261/261 2085/2085 253/253
f 2085/2085 2086/2086 253/253
f 253/253 2086/2086 2084/2084
f 1991/1991 2073/2073 1992/1992
f 2073/2073 2072/2072 1992/1992
f 1992/1992 2072/2072 1996/1996
f 2072/2072 2087/2087 1996/1996
f 1996/1996 2087/2087 1997/1997
f 2087/2087 2088/2088 1997/1997
f 1997/1997 2088/2088 2002/2002
f 2088/2088 2089/2089 2002/2002
f 2002/2002 2089/2089 2003/2003
f 2089/2089 2090/2090 2003/2003
f 2003/2003 2090/2090 1998/1998
f 2090/2090 2091/2091 1998/1998
f 1998/1998 2091/2091 1999/1999
f 2091/2091 2092/2092 1999/1999
f 1999/1999 2092/2092 2001/2001
f 2092/2092 2093/2093 2001/2001
f 2001/2001 2093/2093 2014/2014
f 2093/2093 2094/2094 2014/2014
f 2014/2014 2094/2094 2015/2015
f 2094/2094 2095/2095 2015/2015
f 2015/2015 2095/2095 2016/2016
f 2095/2095 2096/2096 2016/2016
f 2016/2016 2096/2096 1985/1985
f 2097/2097 2098/2098 2099/2099
f 2098/2098 2052/2052 2099/2099
f 2099/2099 2052/2052 2100/2100
f 2052/2052 2054/2054 2100/2100
f 2100/2100 2054/2054 2101/2101
f 2054/2054 2096/2096 2101/2101
f 2101/2101 2096/2096 2102/2102
f 2096/2096 2095/2095 2102/2102
f 2102/2102 2095/2095 2103/2103
f 2095/2095 2094/2094 2103/2103
f 2103/2103 2094/2094 2104/2104
f 2094/2094 2093/2093 2104/2104
f 2104/2104 2093/2093 2105/2105
f 2093/2093 2092/2092 2105/2105
f 2105/2105 2092/2092 2106/2106
f 2092/2092 2091/2091 2106/2106
f 2106/2106 2091/2091 2107/2107
f 2091/2091 2090/2090 2107/2107
f 2107/2107 2090/2090 2108/2108
f 2090/2090 2089/2089 2108/2108
f 2108/2108 2089/2089 2109/2109
f 2089/2089 2088/2088 2109/2109
f 2109/2109 2088/2088 2110/2110
f 2088/2088 2087/2087 2110/2110
f 2110/2110 2087/2087 2111/2111
f 2087/2087 2072/2072 2111/2111
f 2111/2111 2072/2072 2071/2071
f 2072/2072 2074/2074 2071/2071
f 2071/2071 2074/2074 2069/2069
f 2074/2074 2075/2075 2069/2069
f 2053/2053 1990/1990 2054/2054
f 1990/1990 1988/1988 2054/2054
f 2054/2054 1988/1988 2096/2096
f 1988/1988 1986/1986 2096/2096
f 2096/2096 1986/1986 1985/1985
f 261/261 260/260 2085/2085
f 260/260 259/259 2085/2085
f 2085/2085 259/259 2112/2112
f 259/259 258/258 2112/2112
f 2112/2112 258/258 2113/2113
f 258/258 262/262 2113/2113
f 2113/2113 262/262 2056/2056
f 262/262 264/264 2056/2056
f 2056/2056 264/264 268/268
f 2055/2055 2097/2097 2056/2056
f 2097/2097 2099/2099 2056/2056
f 2056/2056 2099/2099 2113/2113
f 2099/2099 2100/2100 2113/2113
f 2113/2113 2100/2100 2112/2112
f 2100/2100 2101/2101 2112/2112
f 2112/2112 2101/2101 2085/2085
f 2101/2101 2102/2102 2085/2085
f 2085/2085 2102/2102 2086/2086
f 2102/2102 2103/2103 2086/2086
f 2086/2086 2103/2103 2084/2084
f 2103/2103 2104/2104 2084/2084
f 2084/2084 2104/2104 2083/2083
f 2104/2104 2105/2105 2083/2083
f 2083/2083 2105/2105 2082/2082
f 2105/2105 2106/2106 2082/2082
f 2082/2082 2106/2106 2081/2081
f 2106/2106 2107/2107 2081/2081
f 2081/2081 2107/2107 2080/2080
f 2107/2107 2108/2108 2080/2080
f 2080/2080 2108/2108 2079/2079
f 2108/2108 2109/2109 2079/2079
f 2079/2079 2109/2109 2078/2078
f 2109/2109 2110/2110 2078/2078
f 2078/2078 2110/2110 2077/2077
f 2110/2110 2111/2111 2077/2077
f 2077/2077 2111/2111 2067/2067
f 2111/2111 2071/2071 2067/2067
f 2067/2067 2071/2071 2068/2068
f 2071/2071 2070/2070 2068/2068
f 223/223 2114/2114 2115/2115
f 2116/2116 2117/2117 2118/2118
f 2119/2119 2120/2120 2121/2121
f 2122/2122 216/216 218/218
f 2010/2010 2005/2005 2123/2123
f 2005/2005 2007/2007 2123/2123
f 1995/1995 2013/2013 2124/2124
f 2013/2013 2011/2011 2124/2124
f 1991/1991 1993/1993 2125/2125
f 1993/1993 1994/1994 2125/2125
f 2126/2126 2127/2127 2073/2073
f 2070/2070 2127/2127 2068/2068
f 2127/2127 2066/2066 2068/2068
f 2070/2070 2069/2069 2127/2127
f 2069/2069 2075/2075 2127/2127
f 2127/2127 2075/2075 2073/2073
f 2076/2076 238/238 2051/2051
f 238/238 241/241 2051/2051
f 2065/2065 239/239 2064/2064
f 239/239 238/238 2064/2064
f 2064/2064 238/238 2062/2062
f 238/238 2076/2076 2062/2062
f 2122/2122 218/218 2128/2128
f 2129/2129 2130/2130 2131/2131
f 2130/2130 2132/2132 2131/2131
f 2131/2131 2132/2132 2128/2128
f 2133/2133 2134/2134 2135/2135
f 2134/2134 2121/2121 2135/2135
f 2135/2135 2121/2121 2136/2136
f 2121/2121 2120/2120 2136/2136
f 2137/2137 2138/2138 2139/2139
f 2138/2138 2140/2140 2139/2139
f 2139/2139 2140/2140 2141/2141
f 2117/2117 2142/2142 2118/2118
f 2142/2142 2143/2143 2118/2118
f 2118/2118 2143/2143 2144/2144
f 1810/1810 1837/1837 2116/2116
f 2128/2128 218/218 2131/2131
f 218/218 220/220 2131/2131
f 2131/2131 220/220 2115/2115
f 220/220 221/221 2115/2115
f 2115/2115 221/221 223/223
f 223/223 226/226 2114/2114
f 226/226 225/225 2114/2114
f 2114/2114 225/225 2145/2145
f 225/225 233/233 2145/2145
f 2145/2145 233/233 2146/2146
f 233/233 232/232 2146/2146
f 232/232 230/230 2146/2146
f 230/230 228/228 2146/2146
f 2146/2146 228/228 2147/2147
f 228/228 227/227 2147/2147
f 2147/2147 227/227 2148/2148
f 227/227 234/234 2148/2148
f 234/234 236/236 2148/2148
f 2148/2148 236/236 2126/2126
f 2073/2073 1991/1991 2126/2126
f 1991/1991 2125/2125 2126/2126
f 2126/2126 2125/2125 2148/2148
f 2125/2125 2149/2149 2148/2148
f 2148/2148 2149/2149 2147/2147
f 2149/2149 2150/2150 2147/2147
f 2147/2147 2150/2150 2146/2146
f 2150/2150 2151/2151 2146/2146
f 2146/2146 2151/2151 2145/2145
f 2151/2151 2152/2152 2145/2145
f 2145/2145 2152/2152 2114/2114
f 2152/2152 2153/2153 2114/2114
f 2114/2114 2153/2153 2115/2115
f 2153/2153 2154/2154 2115/2115
f 2115/2115 2154/2154 2131/2131
f 2154/2154 2134/2134 2131/2131
f 2131/2131 2134/2134 2129/2129
f 2134/2134 2133/2133 2129/2129
f 1994/1994 1995/1995 2125/2125
f 1995/1995 2124/2124 2125/2125
f 2125/2125 2124/2124 2149/2149
f 2124/2124 2155/2155 2149/2149
f 2149/2149 2155/2155 2150/2150
f 2155/2155 2156/2156 2150/2150
f 2150/2150 2156/2156 2151/2151
f 2156/2156 2157/2157 2151/2151
f 2151/2151 2157/2157 2152/2152
f 2157/2157 2158/2158 2152/2152
f 2152/2152 2158/2158 2153/2153
f 2158/2158 2159/2159 2153/2153
f 2153/2153 2159/2159 2154/2154
f 2159/2159 2160/2160 2154/2154
f 2154/2154 2160/2160 2134/2134
f 2160/2160 2161/2161 2134/2134
f 2134/2134 2161/2161 2121/2121
f 2161/2161 2139/2139 2121/2121
f 2121/2121 2139/2139 2119/2119
f 2139/2139 2141/2141 2119/2119
f 2011/2011 2010/2010 2124/2124
f 2010/2010 2123/2123 2124/2124
f 2124/2124 2123/2123 2155/2155
f 2123/2123 2162/2162 2155/2155
f 2155/2155 2162/2162 2156/2156
f 2162/2162 2163/2163 2156/2156
f 2156/2156 2163/2163 2157/2157
f 2163/2163 2164/2164 2157/2157
f 2157/2157 2164/2164 2158/2158
f 2164/2164 2165/2165 2158/2158
f 2158/2158 2165/2165 2159/2159
f 2165/2165 2166/2166 2159/2159
f 2159/2159 2166/2166 2160/2160
f 2166/2166 2167/2167 2160/2160
f 2160/2160 2167/2167 2161/2161
f 2167/2167 2168/2168 2161/2161
f 2161/2161 2168/2168 2139/2139
f 2168/2168 2144/2144 2139/2139
f 2139/2139 2144/2144 2137/2137
f 2144/2144 2143/2143 2137/2137
f 2116/2116 2118/2118 1810/1810
f 2118/2118 2144/2144 1810/1810
f 1810/1810 2144/2144 1809/1809
f 2144/2144 2168/2168 1809/1809
f 1809/1809 2168/2168 1808/1808
f 2168/2168 2167/2167 1808/1808
f 1808/1808 2167/2167 1816/1816
f 2167/2167 2166/2166 1816/1816
f 1816/1816 2166/2166 1815/1815
f 2166/2166 2165/2165 1815/1815
f 1815/1815 2165/2165 1813/1813
f 2165/2165 2164/2164 1813/1813
f 1813/1813 2164/2164 1821/1821
f 2164/2164 2163/2163 1821/1821
f 1821/1821 2163/2163 1822/1822
f 2163/2163 2162/2162 1822/1822
f 1822/1822 2162/2162 1807/1807
f 2162/2162 2123/2123 1807/1807
f 1807/1807 2123/2123 1806/1806
f 2123/2123 2007/2007 1806/1806
f 1806/1806 2007/2007 1804/1804
f 236/236 240/240 2126/2126
f 240/240 239/239 2126/2126
f 2126/2126 239/239 2127/2127
f 239/239 2065/2065 2127/2127
f 2127/2127 2065/2065 2066/2066
f 2169/2169 1787/1787 1766/1766
f 2058/2058 270/270 269/269
f 2057/2057 279/279 2055/2055
f 279/279 278/278 2055/2055
f 2057/2057 2061/2061 279/279
f 2061/2061 2060/2060 279/279
f 279/279 2060/2060 269/269
f 2060/2060 2059/2059 269/269
f 269/269 2059/2059 2058/2058
f 1989/1989 1990/1990 2170/2170
f 2098/2098 2097/2097 2170/2170
f 1990/1990 2053/2053 2170/2170
f 2053/2053 2052/2052 2170/2170
f 2170/2170 2052/2052 2098/2098
f 2171/2171 2017/2017 1987/1987
f 2017/2017 2171/2171 2000/2000
f 2171/2171 2172/2172 2000/2000
f 2000/2000 2172/2172 2009/2009
f 2012/2012 2004/2004 2173/2173
f 1780/1780 2008/2008 2174/2174
f 2008/2008 2006/2006 2174/2174
f 2175/2175 2176/2176 2177/2177
f 2176/2176 2178/2178 2177/2177
f 2178/2178 2176/2176 2179/2179
f 2176/2176 2180/2180 2179/2179
f 2179/2179 2180/2180 2181/2181
f 2182/2182 2183/2183 2184/2184
f 2183/2183 2185/2185 2184/2184
f 2184/2184 2185/2185 2186/2186
f 2187/2187 2188/2188 2189/2189
f 2188/2188 2190/2190 2189/2189
f 2189/2189 2190/2190 2191/2191
f 2190/2190 2192/2192 2191/2191
f 2191/2191 2192/2192 2193/2193
f 287/287 286/286 2194/2194
f 2195/2195 2196/2196 2197/2197
f 2196/2196 2198/2198 2197/2197
f 2097/2097 2055/2055 2170/2170
f 2055/2055 278/278 2170/2170
f 2170/2170 278/278 2199/2199
f 278/278 276/276 2199/2199
f 276/276 275/275 2199/2199
f 275/275 274/274 2199/2199
f 2199/2199 274/274 2200/2200
f 274/274 282/282 2200/2200
f 2200/2200 282/282 2201/2201
f 282/282 281/281 2201/2201
f 2201/2201 281/281 2202/2202
f 281/281 285/285 2202/2202
f 285/285 284/284 2202/2202
f 284/284 283/283 2202/2202
f 2202/2202 283/283 2203/2203
f 283/283 1373/1373 2203/2203
f 1373/1373 295/295 2203/2203
f 2203/2203 295/295 2204/2204
f 295/295 294/294 2204/2204
f 294/294 292/292 2204/2204
f 2204/2204 292/292 2205/2205
f 292/292 291/291 2205/2205
f 291/291 287/287 2205/2205
f 2205/2205 287/287 2196/2196
f 287/287 2194/2194 2196/2196
f 2196/2196 2194/2194 2198/2198
f 2195/2195 2187/2187 2196/2196
f 2187/2187 2189/2189 2196/2196
f 2196/2196 2189/2189 2205/2205
f 2189/2189 2206/2206 2205/2205
f 2205/2205 2206/2206 2204/2204
f 2206/2206 2207/2207 2204/2204
f 2204/2204 2207/2207 2203/2203
f 2207/2207 2208/2208 2203/2203
f 2203/2203 2208/2208 2202/2202
f 2208/2208 2209/2209 2202/2202
f 2202/2202 2209/2209 2201/2201
f 2209/2209 2210/2210 2201/2201
f 2201/2201 2210/2210 2200/2200
f 2210/2210 2211/2211 2200/2200
f 2200/2200 2211/2211 2199/2199
f 2211/2211 2172/2172 2199/2199
f 2199/2199 2172/2172 2170/2170
f 2172/2172 2171/2171 2170/2170
f 2170/2170 2171/2171 1989/1989
f 2171/2171 1987/1987 1989/1989
f 2193/2193 2182/2182 2191/2191
f 2182/2182 2184/2184 2191/2191
f 2191/2191 2184/2184 2189/2189
f 2184/2184 2212/2212 2189/2189
f 2189/2189 2212/2212 2206/2206
f 2212/2212 2213/2213 2206/2206
f 2206/2206 2213/2213 2207/2207
f 2213/2213 2214/2214 2207/2207
f 2207/2207 2214/2214 2208/2208
f 2214/2214 2215/2215 2208/2208
f 2208/2208 2215/2215 2209/2209
f 2215/2215 2216/2216 2209/2209
f 2209/2209 2216/2216 2210/2210
f 2216/2216 2217/2217 2210/2210
f 2210/2210 2217/2217 2211/2211
f 2217/2217 2218/2218 2211/2211
f 2211/2211 2218/2218 2172/2172
f 2218/2218 2173/2173 2172/2172
f 2172/2172 2173/2173 2009/2009
f 2173/2173 2004/2004 2009/2009
f 2186/2186 2181/2181 2184/2184
f 2181/2181 2180/2180 2184/2184
f 2184/2184 2180/2180 2212/2212
f 2180/2180 2219/2219 2212/2212
f 2212/2212 2219/2219 2213/2213
f 2219/2219 2220/2220 2213/2213
f 2213/2213 2220/2220 2214/2214
f 2220/2220 2221/2221 2214/2214
f 2214/2214 2221/2221 2215/2215
f 2221/2221 2222/2222 2215/2215
f 2215/2215 2222/2222 2216/2216
f 2222/2222 2223/2223 2216/2216
f 2216/2216 2223/2223 2217/2217
f 2223/2223 2224/2224 2217/2217
f 2217/2217 2224/2224 2218/2218
f 2224/2224 2225/2225 2218/2218
f 2218/2218 2225/2225 2173/2173
f 2225/2225 2174/2174 2173/2173
f 2173/2173 2174/2174 2012/2012
f 2174/2174 2006/2006 2012/2012
f 1780/1780 2174/2174 1778/1778
f 2174/2174 2225/2225 1778/1778
f 1778/1778 2225/2225 1771/1771
f 2225/2225 2224/2224 1771/1771
f 1771/1771 2224/2224 1769/1769
f 2224/2224 2223/2223 1769/1769
f 1769/1769 2223/2223 1768/1768
f 2223/2223 2222/2222 1768/1768
f 1768/1768 2222/2222 1772/1772
f 2222/2222 2221/2221 1772/1772
f 1772/1772 2221/2221 1773/1773
f 2221/2221 2220/2220 1773/1773
f 1773/1773 2220/2220 1774/1774
f 2220/2220 2219/2219 1774/1774
f 1774/1774 2219/2219 1783/1783
f 2219/2219 2180/2180 1783/1783
f 1783/1783 2180/2180 1784/1784
f 2180/2180 2176/2176 1784/1784
f 1784/1784 2176/2176 1766/1766
f 2176/2176 2175/2175 1766/1766
f 1766/1766 2175/2175 2169/2169
f 2226/2226 1862/1862 1842/1842
f 2227/2227 1039/1039 193/193
f 2228/2228 192/192 2229/2229
f 192/192 201/201 2229/2229
f 2228/2228 2230/2230 192/192
f 2230/2230 2231/2231 192/192
f 192/192 2231/2231 193/193
f 2231/2231 2232/2232 193/193
f 193/193 2232/2232 2227/2227
f 2022/2022 2021/2021 2233/2233
f 2021/2021 2234/2234 2233/2233
f 2234/2234 2235/2235 2233/2233
f 2235/2235 2236/2236 2233/2233
f 2233/2233 2236/2236 2237/2237
f 2238/2238 2038/2038 2024/2024
f 2038/2038 2238/2238 2047/2047
f 2238/2238 2239/2239 2047/2047
f 2047/2047 2239/2239 2050/2050
f 2027/2027 2026/2026 2240/2240
f 2027/2027 2240/2240 2033/2033
f 1844/1844 2029/2029 2241/2241
f 2242/2242 2243/2243 2244/2244
f 2243/2243 2245/2245 2244/2244
f 2245/2245 2243/2243 2246/2246
f 2243/2243 2247/2247 2246/2246
f 2246/2246 2247/2247 2248/2248
f 2249/2249 2250/2250 2251/2251
f 2250/2250 2252/2252 2251/2251
f 2253/2253 2254/2254 2255/2255
f 2254/2254 2256/2256 2255/2255
f 2255/2255 2256/2256 2257/2257
f 2256/2256 2258/2258 2257/2257
f 2257/2257 2258/2258 2259/2259
f 214/214 215/215 2260/2260
f 2261/2261 2262/2262 2263/2263
f 2262/2262 2264/2264 2263/2263
f 2263/2263 2264/2264 2265/2265
f 2237/2237 2229/2229 2233/2233
f 2229/2229 201/201 2233/2233
f 2233/2233 201/201 2266/2266
f 201/201 200/200 2266/2266
f 200/200 199/199 2266/2266
f 199/199 197/197 2266/2266
f 2266/2266 197/197 2267/2267
f 197/197 196/196 2267/2267
f 2267/2267 196/196 2268/2268
f 196/196 204/204 2268/2268
f 2268/2268 204/204 2269/2269
f 204/204 203/203 2269/2269
f 205/205 2270/2270 206/206
f 2270/2270 2271/2271 206/206
f 206/206 2271/2271 208/208
f 2271/2271 2269/2269 208/208
f 208/208 2269/2269 209/209
f 2269/2269 203/203 209/209
f 205/205 210/210 2270/2270
f 210/210 212/212 2270/2270
f 2270/2270 212/212 2272/2272
f 212/212 213/213 2272/2272
f 213/213 214/214 2272/2272
f 2272/2272 214/214 2263/2263
f 214/214 2260/2260 2263/2263
f 2263/2263 2260/2260 2261/2261
f 2265/2265 2253/2253 2263/2263
f 2253/2253 2255/2255 2263/2263
f 2263/2263 2255/2255 2272/2272
f 2255/2255 2273/2273 2272/2272
f 2272/2272 2273/2273 2270/2270
f 2273/2273 2274/2274 2270/2270
f 2270/2270 2274/2274 2271/2271
f 2274/2274 2275/2275 2271/2271
f 2271/2271 2275/2275 2269/2269
f 2275/2275 2276/2276 2269/2269
f 2269/2269 2276/2276 2268/2268
f 2276/2276 2277/2277 2268/2268
f 2268/2268 2277/2277 2267/2267
f 2277/2277 2278/2278 2267/2267
f 2267/2267 2278/2278 2266/2266
f 2278/2278 2239/2239 2266/2266
f 2266/2266 2239/2239 2233/2233
f 2239/2239 2238/2238 2233/2233
f 2233/2233 2238/2238 2022/2022
f 2238/2238 2024/2024 2022/2022
f 2259/2259 2249/2249 2257/2257
f 2249/2249 2251/2251 2257/2257
f 2257/2257 2251/2251 2255/2255
f 2251/2251 2279/2279 2255/2255
f 2255/2255 2279/2279 2273/2273
f 2279/2279 2280/2280 2273/2273
f 2273/2273 2280/2280 2274/2274
f 2280/2280 2281/2281 2274/2274
f 2274/2274 2281/2281 2275/2275
f 2281/2281 2282/2282 2275/2275
f 2275/2275 2282/2282 2276/2276
f 2282/2282 2283/2283 2276/2276
f 2276/2276 2283/2283 2277/2277
f 2283/2283 2284/2284 2277/2277
f 2277/2277 2284/2284 2278/2278
f 2284/2284 2285/2285 2278/2278
f 2278/2278 2285/2285 2239/2239
f 2285/2285 2240/2240 2239/2239
f 2239/2239 2240/2240 2050/2050
f 2240/2240 2026/2026 2050/2050
f 2252/2252 2248/2248 2251/2251
f 2248/2248 2247/2247 2251/2251
f 2251/2251 2247/2247 2279/2279
f 2247/2247 2286/2286 2279/2279
f 2279/2279 2286/2286 2280/2280
f 2286/2286 2287/2287 2280/2280
f 2280/2280 2287/2287 2281/2281
f 2287/2287 2288/2288 2281/2281
f 2281/2281 2288/2288 2282/2282
f 2288/2288 2289/2289 2282/2282
f 2282/2282 2289/2289 2283/2283
f 2289/2289 2290/2290 2283/2283
f 2283/2283 2290/2290 2284/2284
f 2290/2290 2291/2291 2284/2284
f 2284/2284 2291/2291 2285/2285
f 2291/2291 2292/2292 2285/2285
f 2285/2285 2292/2292 2240/2240
f 2292/2292 2241/2241 2240/2240
f 2240/2240 2241/2241 2033/2033
f 2241/2241 2029/2029 2033/2033
f 1844/1844 2241/2241 1845/1845
f 2241/2241 2292/2292 1845/1845
f 1845/1845 2292/2292 1847/1847
f 2292/2292 2291/2291 1847/1847
f 1847/1847 2291/2291 1849/1849
f 2291/2291 2290/2290 1849/1849
f 1849/1849 2290/2290 1851/1851
f 2290/2290 2289/2289 1851/1851
f 1851/1851 2289/2289 1852/1852
f 2289/2289 2288/2288 1852/1852
f 1852/1852 2288/2288 1853/1853
f 2288/2288 2287/2287 1853/1853
f 1853/1853 2287/2287 1854/1854
f 2287/2287 2286/2286 1854/1854
f 1854/1854 2286/2286 1856/1856
f 2286/2286 2247/2247 1856/1856
f 1856/1856 2247/2247 1857/1857
f 2247/2247 2243/2243 1857/1857
f 1857/1857 2243/2243 1842/1842
f 2243/2243 2242/2242 1842/1842
f 1842/1842 2242/2242 2226/2226
f 2293/2293 2294/2294 2295/2295
f 2296/2296 2297/2297 2298/2298
f 2299/2299 2300/2300 2301/2301
f 2302/2302 63/63 62/62
f 1974/1974 1977/1977 2303/2303
f 1977/1977 1976/1976 2303/2303
f 1962/1962 1970/1970 2304/2304
f 1970/1970 1972/1972 2304/2304
f 1953/1953 1952/1952 2305/2305
f 1952/1952 1963/1963 2305/2305
f 2306/2306 2307/2307 2308/2308
f 2309/2309 2310/2310 2307/2307
f 2310/2310 2311/2311 2307/2307
f 2311/2311 2312/2312 2307/2307
f 2312/2312 2313/2313 2307/2307
f 2307/2307 2313/2313 2308/2308
f 2314/2314 307/307 2315/2315
f 307/307 308/308 2315/2315
f 2314/2314 2316/2316 307/307
f 2316/2316 2317/2317 307/307
f 307/307 2317/2317 306/306
f 2317/2317 2318/2318 306/306
f 2302/2302 62/62 2319/2319
f 2300/2300 2320/2320 2301/2301
f 2320/2320 2321/2321 2301/2301
f 2301/2301 2321/2321 2319/2319
f 2322/2322 2323/2323 2324/2324
f 2323/2323 2298/2298 2324/2324
f 2324/2324 2298/2298 2325/2325
f 2298/2298 2297/2297 2325/2325
f 2326/2326 2327/2327 2328/2328
f 2327/2327 2329/2329 2328/2328
f 2294/2294 2330/2330 2295/2295
f 2330/2330 2331/2331 2295/2295
f 2295/2295 2331/2331 2332/2332
f 1734/1734 1760/1760 2293/2293
f 2319/2319 62/62 2301/2301
f 62/62 1455/1455 2301/2301
f 2301/2301 1455/1455 2333/2333
f 1455/1455 1423/1423 2333/2333
f 1423/1423 300/300 2333/2333
f 2333/2333 300/300 2334/2334
f 300/300 299/299 2334/2334
f 299/299 297/297 2334/2334
f 2334/2334 297/297 2335/2335
f 297/297 296/296 2335/2335
f 2335/2335 296/296 2336/2336
f 296/296 60/60 2336/2336
f 60/60 59/59 2336/2336
f 59/59 301/301 2336/2336
f 2336/2336 301/301 2337/2337
f 301/301 57/57 2337/2337
f 2337/2337 57/57 2338/2338
f 57/57 56/56 2338/2338
f 56/56 302/302 2338/2338
f 2338/2338 302/302 2306/2306
f 2308/2308 1953/1953 2306/2306
f 1953/1953 2305/2305 2306/2306
f 2306/2306 2305/2305 2338/2338
f 2305/2305 2339/2339 2338/2338
f 2338/2338 2339/2339 2337/2337
f 2339/2339 2340/2340 2337/2337
f 2337/2337 2340/2340 2336/2336
f 2340/2340 2341/2341 2336/2336
f 2336/2336 2341/2341 2335/2335
f 2341/2341 2342/2342 2335/2335
f 2335/2335 2342/2342 2334/2334
f 2342/2342 2343/2343 2334/2334
f 2334/2334 2343/2343 2333/2333
f 2343/2343 2344/2344 2333/2333
f 2333/2333 2344/2344 2301/2301
f 2344/2344 2323/2323 2301/2301
f 2301/2301 2323/2323 2299/2299
f 2323/2323 2322/2322 2299/2299
f 1963/1963 1962/1962 2305/2305
f 1962/1962 2304/2304 2305/2305
f 2305/2305 2304/2304 2339/2339
f 2304/2304 2345/2345 2339/2339
f 2339/2339 2345/2345 2340/2340
f 2345/2345 2346/2346 2340/2340
f 2340/2340 2346/2346 2341/2341
f 2346/2346 2347/2347 2341/2341
f 2341/2341 2347/2347 2342/2342
f 2347/2347 2348/2348 2342/2342
f 2342/2342 2348/2348 2343/2343
f 2348/2348 2349/2349 2343/2343
f 2343/2343 2349/2349 2344/2344
f 2349/2349 2350/2350 2344/2344
f 2344/2344 2350/2350 2323/2323
f 2350/2350 2351/2351 2323/2323
f 2323/2323 2351/2351 2298/2298
f 2351/2351 2328/2328 2298/2298
f 2298/2298 2328/2328 2296/2296
f 2328/2328 2329/2329 2296/2296
f 1972/1972 1974/1974 2304/2304
f 1974/1974 2303/2303 2304/2304
f 2304/2304 2303/2303 2345/2345
f 2303/2303 2352/2352 2345/2345
f 2345/2345 2352/2352 2346/2346
f 2352/2352 2353/2353 2346/2346
f 2346/2346 2353/2353 2347/2347
f 2353/2353 2354/2354 2347/2347
f 2347/2347 2354/2354 2348/2348
f 2354/2354 2355/2355 2348/2348
f 2348/2348 2355/2355 2349/2349
f 2355/2355 2356/2356 2349/2349
f 2349/2349 2356/2356 2350/2350
f 2356/2356 2357/2357 2350/2350
f 2350/2350 2357/2357 2351/2351
f 2357/2357 2358/2358 2351/2351
f 2351/2351 2358/2358 2328/2328
f 2358/2358 2332/2332 2328/2328
f 2328/2328 2332/2332 2326/2326
f 2332/2332 2331/2331 2326/2326
f 2293/2293 2295/2295 1734/1734
f 2295/2295 2332/2332 1734/1734
f 1734/1734 2332/2332 1735/1735
f 2332/2332 2358/2358 1735/1735
f 1735/1735 2358/2358 1736/1736
f 2358/2358 2357/2357 1736/1736
f 1736/1736 2357/2357 1740/1740
f 2357/2357 2356/2356 1740/1740
f 1740/1740 2356/2356 1739/1739
f 2356/2356 2355/2355 1739/1739
f 1739/1739 2355/2355 1737/1737
f 2355/2355 2354/2354 1737/1737
f 1737/1737 2354/2354 1747/1747
f 2354/2354 2353/2353 1747/1747
f 1747/1747 2353/2353 1745/1745
f 2353/2353 2352/2352 1745/1745
f 1745/1745 2352/2352 1746/1746
f 2352/2352 2303/2303 1746/1746
f 1746/1746 2303/2303 1729/1729
f 2303/2303 1976/1976 1729/1729
f 1729/1729 1976/1976 1730/1730
f 302/302 304/304 2306/2306
f 304/304 306/306 2306/2306
f 2306/2306 306/306 2307/2307
f 306/306 2318/2318 2307/2307
f 2307/2307 2318/2318 2309/2309
f 2235/2235 2234/2234 2359/2359
f 2360/2360 2361/2361 2236/2236
f 2228/2228 2229/2229 2361/2361
f 2229/2229 2237/2237 2361/2361
f 2361/2361 2237/2237 2236/2236
f 1039/1039 2227/2227 187/187
f 2227/2227 2232/2232 187/187
f 187/187 2232/2232 188/188
f 2362/2362 2363/2363 162/162
f 2363/2363 2364/2364 162/162
f 162/162 2364/2364 160/160
f 162/162 72/72 2362/2362
f 72/72 2365/2365 2362/2362
f 2362/2362 2365/2365 2366/2366
f 2365/2365 2367/2367 2366/2366
f 2367/2367 2365/2365 2368/2368
f 2365/2365 2369/2369 2368/2368
f 2368/2368 2369/2369 2370/2370
f 2371/2371 2372/2372 2373/2373
f 2374/2374 2375/2375 2376/2376
f 2375/2375 2377/2377 2376/2376
f 72/72 71/71 2365/2365
f 71/71 166/166 2365/2365
f 2365/2365 166/166 2369/2369
f 166/166 164/164 2369/2369
f 2369/2369 164/164 2378/2378
f 164/164 163/163 2378/2378
f 163/163 169/169 2378/2378
f 2378/2378 169/169 2379/2379
f 169/169 172/172 2379/2379
f 172/172 171/171 2379/2379
f 2379/2379 171/171 2380/2380
f 171/171 170/170 2380/2380
f 2380/2380 170/170 2381/2381
f 170/170 180/180 2381/2381
f 2381/2381 180/180 2382/2382
f 180/180 179/179 2382/2382
f 179/179 178/178 2382/2382
f 2382/2382 178/178 2383/2383
f 178/178 177/177 2383/2383
f 2383/2383 177/177 2384/2384
f 177/177 176/176 2384/2384
f 2384/2384 176/176 2385/2385
f 176/176 175/175 2385/2385
f 2385/2385 175/175 2386/2386
f 175/175 174/174 2386/2386
f 173/173 2387/2387 174/174
f 2387/2387 2388/2388 174/174
f 174/174 2388/2388 2386/2386
f 2019/2019 2375/2375 2020/2020
f 2375/2375 2374/2374 2020/2020
f 2020/2020 2374/2374 2036/2036
f 2374/2374 2389/2389 2036/2036
f 2036/2036 2389/2389 2041/2041
f 2389/2389 2390/2390 2041/2041
f 2041/2041 2390/2390 2042/2042
f 2390/2390 2391/2391 2042/2042
f 2042/2042 2391/2391 2043/2043
f 2391/2391 2392/2392 2043/2043
f 2043/2043 2392/2392 2044/2044
f 2392/2392 2393/2393 2044/2044
f 2044/2044 2393/2393 2045/2045
f 2393/2393 2394/2394 2045/2045
f 2045/2045 2394/2394 2046/2046
f 2394/2394 2395/2395 2046/2046
f 2046/2046 2395/2395 2048/2048
f 2395/2395 2396/2396 2048/2048
f 2048/2048 2396/2396 2049/2049
f 2396/2396 2397/2397 2049/2049
f 2049/2049 2397/2397 2039/2039
f 2397/2397 2398/2398 2039/2039
f 2039/2039 2398/2398 2040/2040
f 173/173 183/183 2387/2387
f 183/183 182/182 2387/2387
f 2387/2387 182/182 2399/2399
f 2236/2236 2235/2235 2360/2360
f 2235/2235 2359/2359 2360/2360
f 2360/2360 2359/2359 2400/2400
f 2359/2359 2398/2398 2400/2400
f 2400/2400 2398/2398 2401/2401
f 2398/2398 2397/2397 2401/2401
f 2401/2401 2397/2397 2402/2402
f 2397/2397 2396/2396 2402/2402
f 2402/2402 2396/2396 2403/2403
f 2396/2396 2395/2395 2403/2403
f 2403/2403 2395/2395 2404/2404
f 2395/2395 2394/2394 2404/2404
f 2404/2404 2394/2394 2405/2405
f 2394/2394 2393/2393 2405/2405
f 2405/2405 2393/2393 2406/2406
f 2393/2393 2392/2392 2406/2406
f 2406/2406 2392/2392 2407/2407
f 2392/2392 2391/2391 2407/2407
f 2407/2407 2391/2391 2408/2408
f 2391/2391 2390/2390 2408/2408
f 2408/2408 2390/2390 2409/2409
f 2390/2390 2389/2389 2409/2409
f 2409/2409 2389/2389 2410/2410
f 2389/2389 2374/2374 2410/2410
f 2410/2410 2374/2374 2373/2373
f 2374/2374 2376/2376 2373/2373
f 2373/2373 2376/2376 2371/2371
f 2376/2376 2377/2377 2371/2371
f 2234/2234 2021/2021 2359/2359
f 2021/2021 2023/2023 2359/2359
f 2359/2359 2023/2023 2398/2398
f 2023/2023 2025/2025 2398/2398
f 2398/2398 2025/2025 2040/2040
f 2232/2232 2231/2231 188/188
f 2231/2231 2230/2230 188/188
f 188/188 2230/2230 190/190
f 2230/2230 2411/2411 190/190
f 190/190 2411/2411 186/186
f 2411/2411 2399/2399 186/186
f 186/186 2399/2399 184/184
f 2399/2399 182/182 184/184
f 2230/2230 2228/2228 2411/2411
f 2228/2228 2361/2361 2411/2411
f 2411/2411 2361/2361 2399/2399
f 2361/2361 2360/2360 2399/2399
f 2399/2399 2360/2360 2387/2387
f 2360/2360 2400/2400 2387/2387
f 2387/2387 2400/2400 2388/2388
f 2400/2400 2401/2401 2388/2388
f 2388/2388 2401/2401 2386/2386
f 2401/2401 2402/2402 2386/2386
f 2386/2386 2402/2402 2385/2385
f 2402/2402 2403/2403 2385/2385
f 2385/2385 2403/2403 2384/2384
f 2403/2403 2404/2404 2384/2384
f 2384/2384 2404/2404 2383/2383
f 2404/2404 2405/2405 2383/2383
f 2383/2383 2405/2405 2382/2382
f 2405/2405 2406/2406 2382/2382
f 2382/2382 2406/2406 2381/2381
f 2406/2406 2407/2407 2381/2381
f 2381/2381 2407/2407 2380/2380
f 2407/2407 2408/2408 2380/2380
f 2380/2380 2408/2408 2379/2379
f 2408/2408 2409/2409 2379/2379
f 2379/2379 2409/2409 2378/2378
f 2409/2409 2410/2410 2378/2378
f 2378/2378 2410/2410 2369/2369
f 2410/2410 2373/2373 2369/2369
f 2369/2369 2373/2373 2370/2370
f 2373/2373 2372/2372 2370/2370
f 2315/2315 308/308 310/310
f 2412/2412 2413/2413 2414/2414
f 344/344 2415/2415 334/334
f 2415/2415 2416/2416 334/334
f 334/334 2416/2416 335/335
f 344/344 343/343 2417/2417
f 2417/2417 2418/2418 344/344
f 2418/2418 2419/2419 344/344
f 344/344 2419/2419 2415/2415
f 2315/2315 310/310 2314/2314
f 310/310 822/822 2314/2314
f 2314/2314 822/822 2316/2316
f 822/822 314/314 2316/2316
f 2316/2316 314/314 2317/2317
f 2311/2311 2310/2310 2420/2420
f 2310/2310 2309/2309 2420/2420
f 2420/2420 2309/2309 2421/2421
f 2309/2309 2318/2318 2421/2421
f 2421/2421 2318/2318 2317/2317
f 2422/2422 2308/2308 2423/2423
f 2308/2308 2313/2313 2423/2423
f 2317/2317 314/314 2421/2421
f 314/314 312/312 2421/2421
f 2421/2421 312/312 2420/2420
f 316/316 2424/2424 318/318
f 2424/2424 2425/2425 318/318
f 318/318 2425/2425 320/320
f 2425/2425 2420/2420 320/320
f 320/320 2420/2420 311/311
f 2420/2420 312/312 311/311
f 316/316 315/315 2424/2424
f 315/315 327/327 2424/2424
f 2424/2424 327/327 2426/2426
f 327/327 326/326 2426/2426
f 2426/2426 326/326 2427/2427
f 326/326 325/325 2427/2427
f 2427/2427 325/325 2428/2428
f 325/325 322/322 2428/2428
f 2428/2428 322/322 2429/2429
f 322/322 321/321 2429/2429
f 2429/2429 321/321 2430/2430
f 321/321 324/324 2430/2430
f 333/333 2431/2431 324/324
f 2431/2431 2432/2432 324/324
f 324/324 2432/2432 2430/2430
f 1953/1953 2308/2308 1954/1954
f 2308/2308 2422/2422 1954/1954
f 1954/1954 2422/2422 1961/1961
f 2422/2422 2433/2433 1961/1961
f 1961/1961 2433/2433 1981/1981
f 2433/2433 2434/2434 1981/1981
f 1981/1981 2434/2434 1982/1982
f 2434/2434 2435/2435 1982/1982
f 1982/1982 2435/2435 1964/1964
f 2435/2435 2436/2436 1964/1964
f 1964/1964 2436/2436 1965/1965
f 2436/2436 2437/2437 1965/1965
f 1965/1965 2437/2437 1967/1967
f 2437/2437 2438/2438 1967/1967
f 1967/1967 2438/2438 1968/1968
f 2438/2438 2439/2439 1968/1968
f 1968/1968 2439/2439 1978/1978
f 2439/2439 2440/2440 1978/1978
f 1978/1978 2440/2440 1979/1979
f 2440/2440 2441/2441 1979/1979
f 1979/1979 2441/2441 1980/1980
f 2441/2441 2442/2442 1980/1980
f 1980/1980 2442/2442 1955/1955
f 333/333 332/332 2431/2431
f 332/332 331/331 2431/2431
f 2431/2431 331/331 2443/2443
f 331/331 330/330 2443/2443
f 2443/2443 330/330 2444/2444
f 330/330 329/329 2444/2444
f 2444/2444 329/329 2445/2445
f 329/329 338/338 2445/2445
f 2446/2446 2447/2447 2448/2448
f 2447/2447 2412/2412 2448/2448
f 2448/2448 2412/2412 2449/2449
f 2412/2412 2414/2414 2449/2449
f 2449/2449 2414/2414 2450/2450
f 2414/2414 2442/2442 2450/2450
f 2450/2450 2442/2442 2451/2451
f 2442/2442 2441/2441 2451/2451
f 2451/2451 2441/2441 2452/2452
f 2441/2441 2440/2440 2452/2452
f 2452/2452 2440/2440 2453/2453
f 2440/2440 2439/2439 2453/2453
f 2453/2453 2439/2439 2454/2454
f 2439/2439 2438/2438 2454/2454
f 2454/2454 2438/2438 2455/2455
f 2438/2438 2437/2437 2455/2455
f 2455/2455 2437/2437 2456/2456
f 2437/2437 2436/2436 2456/2456
f 2456/2456 2436/2436 2457/2457
f 2436/2436 2435/2435 2457/2457
f 2457/2457 2435/2435 2458/2458
f 2435/2435 2434/2434 2458/2458
f 2458/2458 2434/2434 2459/2459
f 2434/2434 2433/2433 2459/2459
f 2459/2459 2433/2433 2460/2460
f 2433/2433 2422/2422 2460/2460
f 2460/2460 2422/2422 2461/2461
f 2422/2422 2423/2423 2461/2461
f 2413/2413 1960/1960 2414/2414
f 1960/1960 1958/1958 2414/2414
f 2414/2414 1958/1958 2442/2442
f 1958/1958 1956/1956 2442/2442
f 2442/2442 1956/1956 1955/1955
f 338/338 337/337 2445/2445
f 337/337 335/335 2445/2445
f 2445/2445 335/335 2462/2462
f 335/335 2416/2416 2462/2462
f 2462/2462 2416/2416 2463/2463
f 2463/2463 2446/2446 2462/2462
f 2446/2446 2448/2448 2462/2462
f 2462/2462 2448/2448 2445/2445
f 2448/2448 2449/2449 2445/2445
f 2445/2445 2449/2449 2444/2444
f 2449/2449 2450/2450 2444/2444
f 2444/2444 2450/2450 2443/2443
f 2450/2450 2451/2451 2443/2443
f 2443/2443 2451/2451 2431/2431
f 2451/2451 2452/2452 2431/2431
f 2431/2431 2452/2452 2432/2432
f 2452/2452 2453/2453 2432/2432
f 2432/2432 2453/2453 2430/2430
f 2453/2453 2454/2454 2430/2430
f 2430/2430 2454/2454 2429/2429
f 2454/2454 2455/2455 2429/2429
f 2429/2429 2455/2455 2428/2428
f 2455/2455 2456/2456 2428/2428
f 2428/2428 2456/2456 2427/2427
f 2456/2456 2457/2457 2427/2427
f 2427/2427 2457/2457 2426/2426
f 2457/2457 2458/2458 2426/2426
f 2426/2426 2458/2458 2424/2424
f 2458/2458 2459/2459 2424/2424
f 2424/2424 2459/2459 2425/2425
f 2459/2459 2460/2460 2425/2425
f 2425/2425 2460/2460 2420/2420
f 2460/2460 2461/2461 2420/2420
f 2420/2420 2461/2461 2311/2311
f 2461/2461 2423/2423 2311/2311
f 2311/2311 2423/2423 2312/2312
f 2423/2423 2313/2313 2312/2312
f 2464/2464 2465/2465 2466/2466
f 2467/2467 2468/2468 2469/2469
f 2470/2470 2471/2471 2472/2472
f 2032/2032 2031/2031 2473/2473
f 2031/2031 2030/2030 2473/2473
f 2028/2028 2035/2035 2474/2474
f 2035/2035 2034/2034 2474/2474
f 2019/2019 2018/2018 2475/2475
f 2018/2018 2037/2037 2475/2475
f 2375/2375 2476/2476 2377/2377
f 2476/2476 2477/2477 2377/2377
f 2377/2377 2477/2477 2371/2371
f 2477/2477 2372/2372 2371/2371
f 2363/2363 157/157 2364/2364
f 157/157 160/160 2364/2364
f 2367/2367 2368/2368 2477/2477
f 2368/2368 2370/2370 2477/2477
f 2477/2477 2370/2370 2372/2372
f 2363/2363 2362/2362 157/157
f 2362/2362 2366/2366 157/157
f 157/157 2366/2366 158/158
f 2471/2471 2478/2478 2472/2472
f 2478/2478 2479/2479 2472/2472
f 2472/2472 2479/2479 2480/2480
f 133/133 135/135 2481/2481
f 135/135 139/139 2481/2481
f 2481/2481 139/139 2480/2480
f 2482/2482 2483/2483 2484/2484
f 2483/2483 2469/2469 2484/2484
f 2484/2484 2469/2469 2485/2485
f 2469/2469 2468/2468 2485/2485
f 2486/2486 2487/2487 2488/2488
f 2487/2487 2489/2489 2488/2488
f 2465/2465 2490/2490 2466/2466
f 2490/2490 2491/2491 2466/2466
f 2466/2466 2491/2491 2492/2492
f 1884/1884 1912/1912 2464/2464
f 2480/2480 139/139 2472/2472
f 139/139 138/138 2472/2472
f 2472/2472 138/138 2493/2493
f 138/138 140/140 2493/2493
f 140/140 142/142 2493/2493
f 2493/2493 142/142 2494/2494
f 142/142 145/145 2494/2494
f 2494/2494 145/145 2495/2495
f 145/145 144/144 2495/2495
f 2495/2495 144/144 2496/2496
f 144/144 148/148 2496/2496
f 2496/2496 148/148 147/147
f 147/147 149/149 2496/2496
f 149/149 151/151 2496/2496
f 2496/2496 151/151 2497/2497
f 151/151 152/152 2497/2497
f 2497/2497 152/152 2498/2498
f 152/152 153/153 2498/2498
f 153/153 155/155 2498/2498
f 2498/2498 155/155 2476/2476
f 2375/2375 2019/2019 2476/2476
f 2019/2019 2475/2475 2476/2476
f 2476/2476 2475/2475 2498/2498
f 2475/2475 2499/2499 2498/2498
f 2498/2498 2499/2499 2497/2497
f 2499/2499 2500/2500 2497/2497
f 2497/2497 2500/2500 2496/2496
f 2500/2500 2501/2501 2496/2496
f 2496/2496 2501/2501 2495/2495
f 2501/2501 2502/2502 2495/2495
f 2495/2495 2502/2502 2494/2494
f 2502/2502 2503/2503 2494/2494
f 2494/2494 2503/2503 2493/2493
f 2503/2503 2504/2504 2493/2493
f 2493/2493 2504/2504 2472/2472
f 2504/2504 2483/2483 2472/2472
f 2472/2472 2483/2483 2470/2470
f 2483/2483 2482/2482 2470/2470
f 2037/2037 2028/2028 2475/2475
f 2028/2028 2474/2474 2475/2475
f 2475/2475 2474/2474 2499/2499
f 2474/2474 2505/2505 2499/2499
f 2499/2499 2505/2505 2500/2500
f 2505/2505 2506/2506 2500/2500
f 2500/2500 2506/2506 2501/2501
f 2506/2506 2507/2507 2501/2501
f 2501/2501 2507/2507 2502/2502
f 2507/2507 2508/2508 2502/2502
f 2502/2502 2508/2508 2503/2503
f 2508/2508 2509/2509 2503/2503
f 2503/2503 2509/2509 2504/2504
f 2509/2509 2510/2510 2504/2504
f 2504/2504 2510/2510 2483/2483
f 2510/2510 2511/2511 2483/2483
f 2483/2483 2511/2511 2469/2469
f 2511/2511 2488/2488 2469/2469
f 2469/2469 2488/2488 2467/2467
f 2488/2488 2489/2489 2467/2467
f 2034/2034 2032/2032 2474/2474
f 2032/2032 2473/2473 2474/2474
f 2474/2474 2473/2473 2505/2505
f 2473/2473 2512/2512 2505/2505
f 2505/2505 2512/2512 2506/2506
f 2512/2512 2513/2513 2506/2506
f 2506/2506 2513/2513 2507/2507
f 2513/2513 2514/2514 2507/2507
f 2507/2507 2514/2514 2508/2508
f 2514/2514 2515/2515 2508/2508
f 2508/2508 2515/2515 2509/2509
f 2515/2515 2516/2516 2509/2509
f 2509/2509 2516/2516 2510/2510
f 2516/2516 2517/2517 2510/2510
f 2510/2510 2517/2517 2511/2511
f 2517/2517 2518/2518 2511/2511
f 2511/2511 2518/2518 2488/2488
f 2518/2518 2492/2492 2488/2488
f 2488/2488 2492/2492 2486/2486
f 2492/2492 2491/2491 2486/2486
f 2464/2464 2466/2466 1884/1884
f 2466/2466 2492/2492 1884/1884
f 1884/1884 2492/2492 1883/1883
f 2492/2492 2518/2518 1883/1883
f 1883/1883 2518/2518 1882/1882
f 2518/2518 2517/2517 1882/1882
f 1882/1882 2517/2517 1890/1890
f 2517/2517 2516/2516 1890/1890
f 1890/1890 2516/2516 1889/1889
f 2516/2516 2515/2515 1889/1889
f 1889/1889 2515/2515 1887/1887
f 2515/2515 2514/2514 1887/1887
f 1887/1887 2514/2514 1898/1898
f 2514/2514 2513/2513 1898/1898
f 1898/1898 2513/2513 1896/1896
f 2513/2513 2512/2512 1896/1896
f 1896/1896 2512/2512 1897/1897
f 2512/2512 2473/2473 1897/1897
f 1897/1897 2473/2473 1879/1879
f 2473/2473 2030/2030 1879/1879
f 1879/1879 2030/2030 1880/1880
f 155/155 159/159 2476/2476
f 159/159 158/158 2476/2476
f 2476/2476 158/158 2477/2477
f 158/158 2366/2366 2477/2477
f 2477/2477 2366/2366 2367/2367
f 2519/2519 1918/1918 1917/1917
f 2417/2417 343/343 341/341
f 2416/2416 340/340 2463/2463
f 340/340 351/351 2463/2463
f 2416/2416 2415/2415 340/340
f 2415/2415 2419/2419 340/340
f 340/340 2419/2419 341/341
f 2419/2419 2418/2418 341/341
f 341/341 2418/2418 2417/2417
f 1959/1959 1960/1960 2520/2520
f 1960/1960 2413/2413 2520/2520
f 2413/2413 2412/2412 2520/2520
f 2412/2412 2447/2447 2520/2520
f 2520/2520 2447/2447 2446/2446
f 2521/2521 1984/1984 1957/1957
f 1984/1984 2521/2521 1966/1966
f 2521/2521 2522/2522 1966/1966
f 1966/1966 2522/2522 1983/1983
f 1971/1971 1969/1969 2523/2523
f 1921/1921 1975/1975 2524/2524
f 1975/1975 1973/1973 2524/2524
f 2525/2525 2526/2526 2527/2527
f 2526/2526 2528/2528 2527/2527
f 2528/2528 2526/2526 2529/2529
f 2526/2526 2530/2530 2529/2529
f 2529/2529 2530/2530 2531/2531
f 2532/2532 2533/2533 2534/2534
f 2533/2533 2535/2535 2534/2534
f 2536/2536 2537/2537 2538/2538
f 2537/2537 2539/2539 2538/2538
f 2539/2539 2537/2537 2540/2540
f 2537/2537 2541/2541 2540/2540
f 2540/2540 2541/2541 2542/2542
f 1452/1452 2543/2543 360/360
f 2543/2543 361/361 360/360
f 2544/2544 2545/2545 2546/2546
f 2544/2544 2546/2546 2547/2547
f 361/361 2543/2543 2546/2546
f 2543/2543 2548/2548 2546/2546
f 2546/2546 2548/2548 2547/2547
f 2446/2446 2463/2463 2520/2520
f 2463/2463 351/351 2520/2520
f 2520/2520 351/351 2549/2549
f 351/351 350/350 2549/2549
f 350/350 349/349 2549/2549
f 349/349 348/348 2549/2549
f 2549/2549 348/348 2550/2550
f 348/348 354/354 2550/2550
f 2550/2550 354/354 2551/2551
f 354/354 353/353 2551/2551
f 353/353 352/352 2551/2551
f 2551/2551 352/352 2552/2552
f 352/352 1310/1310 2552/2552
f 1310/1310 355/355 2552/2552
f 355/355 357/357 2552/2552
f 2552/2552 357/357 2553/2553
f 357/357 359/359 2553/2553
f 2553/2553 359/359 2554/2554
f 359/359 364/364 2554/2554
f 2554/2554 364/364 2546/2546
f 364/364 363/363 2546/2546
f 2546/2546 363/363 361/361
f 2545/2545 2542/2542 2546/2546
f 2542/2542 2541/2541 2546/2546
f 2546/2546 2541/2541 2554/2554
f 2541/2541 2555/2555 2554/2554
f 2554/2554 2555/2555 2553/2553
f 2555/2555 2556/2556 2553/2553
f 2553/2553 2556/2556 2552/2552
f 2556/2556 2557/2557 2552/2552
f 2552/2552 2557/2557 2551/2551
f 2557/2557 2558/2558 2551/2551
f 2551/2551 2558/2558 2550/2550
f 2558/2558 2559/2559 2550/2550
f 2550/2550 2559/2559 2549/2549
f 2559/2559 2522/2522 2549/2549
f 2549/2549 2522/2522 2520/2520
f 2522/2522 2521/2521 2520/2520
f 2520/2520 2521/2521 1959/1959
f 2521/2521 1957/1957 1959/1959
f 2536/2536 2532/2532 2537/2537
f 2532/2532 2534/2534 2537/2537
f 2537/2537 2534/2534 2541/2541
f 2534/2534 2560/2560 2541/2541
f 2541/2541 2560/2560 2555/2555
f 2560/2560 2561/2561 2555/2555
f 2555/2555 2561/2561 2556/2556
f 2561/2561 2562/2562 2556/2556
f 2556/2556 2562/2562 2557/2557
f 2562/2562 2563/2563 2557/2557
f 2557/2557 2563/2563 2558/2558
f 2563/2563 2564/2564 2558/2558
f 2558/2558 2564/2564 2559/2559
f 2564/2564 2565/2565 2559/2559
f 2559/2559 2565/2565 2522/2522
f 2565/2565 2523/2523 2522/2522
f 2522/2522 2523/2523 1983/1983
f 2523/2523 1969/1969 1983/1983
f 2535/2535 2531/2531 2534/2534
f 2531/2531 2530/2530 2534/2534
f 2534/2534 2530/2530 2560/2560
f 2530/2530 2566/2566 2560/2560
f 2560/2560 2566/2566 2561/2561
f 2566/2566 2567/2567 2561/2561
f 2561/2561 2567/2567 2562/2562
f 2567/2567 2568/2568 2562/2562
f 2562/2562 2568/2568 2563/2563
f 2568/2568 2569/2569 2563/2563
f 2563/2563 2569/2569 2564/2564
f 2569/2569 2570/2570 2564/2564
f 2564/2564 2570/2570 2565/2565
f 2570/2570 2571/2571 2565/2565
f 2565/2565 2571/2571 2523/2523
f 2571/2571 2524/2524 2523/2523
f 2523/2523 2524/2524 1971/1971
f 2524/2524 1973/1973 1971/1971
f 1921/1921 2524/2524 1922/1922
f 2524/2524 2571/2571 1922/1922
f 1922/1922 2571/2571 1927/1927
f 2571/2571 2570/2570 1927/1927
f 1927/1927 2570/2570 1929/1929
f 2570/2570 2569/2569 1929/1929
f 1929/1929 2569/2569 1931/1931
f 2569/2569 2568/2568 1931/1931
f 1931/1931 2568/2568 1932/1932
f 2568/2568 2567/2567 1932/1932
f 1932/1932 2567/2567 1933/1933
f 2567/2567 2566/2566 1933/1933
f 1933/1933 2566/2566 1934/1934
f 2566/2566 2530/2530 1934/1934
f 1934/1934 2530/2530 1935/1935
f 2530/2530 2526/2526 1935/1935
f 1935/1935 2526/2526 1917/1917
f 2526/2526 2525/2525 1917/1917
f 1917/1917 2525/2525 2519/2519
f 125/125 132/132 2572/2572
f 2573/2573 1638/1638 1623/1623
f 2574/2574 105/105 1157/1157
f 2575/2575 108/108 2576/2576
f 108/108 110/110 2576/2576
f 2575/2575 2577/2577 108/108
f 2577/2577 2578/2578 108/108
f 108/108 2578/2578 1157/1157
f 2578/2578 2579/2579 1157/1157
f 1157/1157 2579/2579 2574/2574
f 1700/1700 1699/1699 2580/2580
f 1699/1699 2581/2581 2580/2580
f 2581/2581 2582/2582 2580/2580
f 2582/2582 2583/2583 2580/2580
f 2580/2580 2583/2583 2584/2584
f 2585/2585 1725/1725 1702/1702
f 1725/1725 2585/2585 1707/1707
f 2585/2585 2586/2586 1707/1707
f 1707/1707 2586/2586 1728/1728
f 1712/1712 1713/1713 2587/2587
f 1712/1712 2587/2587 1720/1720
f 1652/1652 1718/1718 2588/2588
f 2589/2589 2590/2590 2591/2591
f 2590/2590 2592/2592 2591/2591
f 2592/2592 2590/2590 2593/2593
f 2590/2590 2594/2594 2593/2593
f 2593/2593 2594/2594 2595/2595
f 2596/2596 2597/2597 2598/2598
f 2597/2597 2599/2599 2598/2598
f 2598/2598 2599/2599 2600/2600
f 2601/2601 2602/2602 2603/2603
f 2602/2602 2604/2604 2603/2603
f 2604/2604 2602/2602 2605/2605
f 2602/2602 2606/2606 2605/2605
f 2605/2605 2606/2606 2607/2607
f 132/132 131/131 2608/2608
f 2609/2609 2610/2610 2572/2572
f 132/132 2608/2608 2572/2572
f 2608/2608 2611/2611 2572/2572
f 2572/2572 2611/2611 2609/2609
f 2584/2584 2576/2576 2580/2580
f 2576/2576 110/110 2580/2580
f 2580/2580 110/110 2612/2612
f 110/110 114/114 2612/2612
f 114/114 113/113 2612/2612
f 113/113 112/112 2612/2612
f 2612/2612 112/112 2613/2613
f 112/112 117/117 2613/2613
f 117/117 116/116 2613/2613
f 2613/2613 116/116 2614/2614
f 116/116 124/124 2614/2614
f 2614/2614 124/124 2615/2615
f 124/124 123/123 2615/2615
f 123/123 122/122 2615/2615
f 122/122 121/121 2615/2615
f 2615/2615 121/121 2616/2616
f 121/121 129/129 2616/2616
f 2616/2616 129/129 2617/2617
f 129/129 128/128 2617/2617
f 2617/2617 128/128 2572/2572
f 128/128 126/126 2572/2572
f 2572/2572 126/126 125/125
f 2610/2610 2607/2607 2572/2572
f 2607/2607 2606/2606 2572/2572
f 2572/2572 2606/2606 2617/2617
f 2606/2606 2618/2618 2617/2617
f 2617/2617 2618/2618 2616/2616
f 2618/2618 2619/2619 2616/2616
f 2616/2616 2619/2619 2615/2615
f 2619/2619 2620/2620 2615/2615
f 2615/2615 2620/2620 2614/2614
f 2620/2620 2621/2621 2614/2614
f 2614/2614 2621/2621 2613/2613
f 2621/2621 2622/2622 2613/2613
f 2613/2613 2622/2622 2612/2612
f 2622/2622 2586/2586 2612/2612
f 2612/2612 2586/2586 2580/2580
f 2586/2586 2585/2585 2580/2580
f 2580/2580 2585/2585 1700/1700
f 2585/2585 1702/1702 1700/1700
f 2601/2601 2596/2596 2602/2602
f 2596/2596 2598/2598 2602/2602
f 2602/2602 2598/2598 2606/2606
f 2598/2598 2623/2623 2606/2606
f 2606/2606 2623/2623 2618/2618
f 2623/2623 2624/2624 2618/2618
f 2618/2618 2624/2624 2619/2619
f 2624/2624 2625/2625 2619/2619
f 2619/2619 2625/2625 2620/2620
f 2625/2625 2626/2626 2620/2620
f 2620/2620 2626/2626 2621/2621
f 2626/2626 2627/2627 2621/2621
f 2621/2621 2627/2627 2622/2622
f 2627/2627 2628/2628 2622/2622
f 2622/2622 2628/2628 2586/2586
f 2628/2628 2587/2587 2586/2586
f 2586/2586 2587/2587 1728/1728
f 2587/2587 1713/1713 1728/1728
f 2600/2600 2595/2595 2598/2598
f 2595/2595 2594/2594 2598/2598
f 2598/2598 2594/2594 2623/2623
f 2594/2594 2629/2629 2623/2623
f 2623/2623 2629/2629 2624/2624
f 2629/2629 2630/2630 2624/2624
f 2624/2624 2630/2630 2625/2625
f 2630/2630 2631/2631 2625/2625
f 2625/2625 2631/2631 2626/2626
f 2631/2631 2632/2632 2626/2626
f 2626/2626 2632/2632 2627/2627
f 2632/2632 2633/2633 2627/2627
f 2627/2627 2633/2633 2628/2628
f 2633/2633 2634/2634 2628/2628
f 2628/2628 2634/2634 2587/2587
f 2634/2634 2588/2588 2587/2587
f 2587/2587 2588/2588 1720/1720
f 2588/2588 1718/1718 1720/1720
f 1652/1652 2588/2588 1651/1651
f 2588/2588 2634/2634 1651/1651
f 1651/1651 2634/2634 1629/1629
f 2634/2634 2633/2633 1629/1629
f 1629/1629 2633/2633 1631/1631
f 2633/2633 2632/2632 1631/1631
f 1631/1631 2632/2632 1633/1633
f 2632/2632 2631/2631 1633/1633
f 1633/1633 2631/2631 1634/1634
f 2631/2631 2630/2630 1634/1634
f 1634/1634 2630/2630 1635/1635
f 2630/2630 2629/2629 1635/1635
f 1635/1635 2629/2629 1636/1636
f 2629/2629 2594/2594 1636/1636
f 1636/1636 2594/2594 1637/1637
f 2594/2594 2590/2590 1637/1637
f 1637/1637 2590/2590 1623/1623
f 2590/2590 2589/2589 1623/1623
f 1623/1623 2589/2589 2573/2573
f 2635/2635 2636/2636 2637/2637
f 2638/2638 2639/2639 2640/2640
f 2641/2641 2642/2642 2643/2643
f 1722/1722 1721/1721 2644/2644
f 1721/1721 1719/1719 2644/2644
f 1705/1705 1711/1711 2645/2645
f 1711/1711 1710/1710 2645/2645
f 1697/1697 1696/1696 2646/2646
f 1696/1696 1706/1706 2646/2646
f 2647/2647 2648/2648 2649/2649
f 2650/2650 2651/2651 2648/2648
f 2651/2651 2652/2652 2648/2648
f 2648/2648 2652/2652 2653/2653
f 2653/2653 2654/2654 2648/2648
f 2654/2654 2655/2655 2648/2648
f 2648/2648 2655/2655 2649/2649
f 2656/2656 379/379 2657/2657
f 379/379 75/75 2657/2657
f 2656/2656 2658/2658 379/379
f 2658/2658 2659/2659 379/379
f 379/379 2659/2659 380/380
f 2642/2642 2660/2660 2643/2643
f 2660/2660 2661/2661 2643/2643
f 2643/2643 2661/2661 368/368
f 2661/2661 2662/2662 368/368
f 368/368 2662/2662 369/369
f 2663/2663 2664/2664 2665/2665
f 2664/2664 2640/2640 2665/2665
f 2665/2665 2640/2640 2666/2666
f 2640/2640 2639/2639 2666/2666
f 2667/2667 2668/2668 2669/2669
f 2668/2668 2670/2670 2669/2669
f 2669/2669 2670/2670 2671/2671
f 2636/2636 2672/2672 2637/2637
f 2672/2672 2673/2673 2637/2637
f 2637/2637 2673/2673 2674/2674
f 1678/1678 1679/1679 2635/2635
f 368/368 55/55 2643/2643
f 55/55 53/53 2643/2643
f 2643/2643 53/53 2675/2675
f 53/53 52/52 2675/2675
f 52/52 50/50 2675/2675
f 2675/2675 50/50 2676/2676
f 50/50 49/49 2676/2676
f 49/49 370/370 2676/2676
f 2676/2676 370/370 2677/2677
f 370/370 47/47 2677/2677
f 2677/2677 47/47 2678/2678
f 47/47 46/46 2678/2678
f 46/46 375/375 2678/2678
f 2678/2678 375/375 2679/2679
f 375/375 374/374 2679/2679
f 2679/2679 374/374 2680/2680
f 374/374 372/372 2680/2680
f 2649/2649 1697/1697 2647/2647
f 1697/1697 2646/2646 2647/2647
f 2647/2647 2646/2646 2680/2680
f 2646/2646 2681/2681 2680/2680
f 2680/2680 2681/2681 2679/2679
f 2681/2681 2682/2682 2679/2679
f 2679/2679 2682/2682 2678/2678
f 2682/2682 2683/2683 2678/2678
f 2678/2678 2683/2683 2677/2677
f 2683/2683 2684/2684 2677/2677
f 2677/2677 2684/2684 2676/2676
f 2684/2684 2685/2685 2676/2676
f 2676/2676 2685/2685 2675/2675
f 2685/2685 2686/2686 2675/2675
f 2675/2675 2686/2686 2643/2643
f 2686/2686 2664/2664 2643/2643
f 2643/2643 2664/2664 2641/2641
f 2664/2664 2663/2663 2641/2641
f 1706/1706 1705/1705 2646/2646
f 1705/1705 2645/2645 2646/2646
f 2646/2646 2645/2645 2681/2681
f 2645/2645 2687/2687 2681/2681
f 2681/2681 2687/2687 2682/2682
f 2687/2687 2688/2688 2682/2682
f 2682/2682 2688/2688 2683/2683
f 2688/2688 2689/2689 2683/2683
f 2683/2683 2689/2689 2684/2684
f 2689/2689 2690/2690 2684/2684
f 2684/2684 2690/2690 2685/2685
f 2690/2690 2691/2691 2685/2685
f 2685/2685 2691/2691 2686/2686
f 2691/2691 2692/2692 2686/2686
f 2686/2686 2692/2692 2664/2664
f 2692/2692 2693/2693 2664/2664
f 2664/2664 2693/2693 2640/2640
f 2693/2693 2669/2669 2640/2640
f 2640/2640 2669/2669 2638/2638
f 2669/2669 2671/2671 2638/2638
f 1710/1710 1722/1722 2645/2645
f 1722/1722 2644/2644 2645/2645
f 2645/2645 2644/2644 2687/2687
f 2644/2644 2694/2694 2687/2687
f 2687/2687 2694/2694 2688/2688
f 2694/2694 2695/2695 2688/2688
f 2688/2688 2695/2695 2689/2689
f 2695/2695 2696/2696 2689/2689
f 2689/2689 2696/2696 2690/2690
f 2696/2696 2697/2697 2690/2690
f 2690/2690 2697/2697 2691/2691
f 2697/2697 2698/2698 2691/2691
f 2691/2691 2698/2698 2692/2692
f 2698/2698 2699/2699 2692/2692
f 2692/2692 2699/2699 2693/2693
f 2699/2699 2700/2700 2693/2693
f 2693/2693 2700/2700 2669/2669
f 2700/2700 2674/2674 2669/2669
f 2669/2669 2674/2674 2667/2667
f 2674/2674 2673/2673 2667/2667
f 2635/2635 2637/2637 1678/1678
f 2637/2637 2674/2674 1678/1678
f 1678/1678 2674/2674 1660/1660
f 2674/2674 2700/2700 1660/1660
f 1660/1660 2700/2700 1661/1661
f 2700/2700 2699/2699 1661/1661
f 1661/1661 2699/2699 1662/1662
f 2699/2699 2698/2698 1662/1662
f 1662/1662 2698/2698 1659/1659
f 2698/2698 2697/2697 1659/1659
f 1659/1659 2697/2697 1663/1663
f 2697/2697 2696/2696 1663/1663
f 1663/1663 2696/2696 1664/1664
f 2696/2696 2695/2695 1664/1664
f 1664/1664 2695/2695 1666/1666
f 2695/2695 2694/2694 1666/1666
f 1666/1666 2694/2694 1675/1675
f 2694/2694 2644/2644 1675/1675
f 1675/1675 2644/2644 1674/1674
f 2644/2644 1719/1719 1674/1674
f 1674/1674 1719/1719 1672/1672
f 2659/2659 2650/2650 380/380
f 2650/2650 2648/2648 380/380
f 380/380 2648/2648 381/381
f 2648/2648 2647/2647 381/381
f 381/381 2647/2647 376/376
f 2647/2647 2680/2680 376/376
f 376/376 2680/2680 377/377
f 2680/2680 372/372 377/377
f 87/87 2701/2701 2702/2702
f 2582/2582 2581/2581 2703/2703
f 2704/2704 2705/2705 2583/2583
f 2575/2575 2576/2576 2705/2705
f 2576/2576 2584/2584 2705/2705
f 2705/2705 2584/2584 2583/2583
f 105/105 2574/2574 106/106
f 2574/2574 2579/2579 106/106
f 75/75 74/74 2657/2657
f 74/74 2656/2656 2657/2657
f 2656/2656 74/74 2658/2658
f 74/74 80/80 2658/2658
f 2658/2658 80/80 2659/2659
f 2653/2653 2652/2652 2702/2702
f 2652/2652 2651/2651 2702/2702
f 2702/2702 2651/2651 2706/2706
f 2651/2651 2650/2650 2706/2706
f 2706/2706 2650/2650 2659/2659
f 2655/2655 2707/2707 2649/2649
f 2707/2707 2708/2708 2649/2649
f 2649/2649 2708/2708 1697/1697
f 2708/2708 1698/1698 1697/1697
f 2659/2659 80/80 2706/2706
f 80/80 78/78 2706/2706
f 2706/2706 78/78 2702/2702
f 78/78 77/77 2702/2702
f 2702/2702 77/77 87/87
f 87/87 85/85 2701/2701
f 85/85 83/83 2701/2701
f 2701/2701 83/83 2709/2709
f 83/83 82/82 2709/2709
f 82/82 92/92 2709/2709
f 2709/2709 92/92 2710/2710
f 92/92 91/91 2710/2710
f 2710/2710 91/91 2711/2711
f 91/91 89/89 2711/2711
f 2711/2711 89/89 2712/2712
f 89/89 88/88 2712/2712
f 2712/2712 88/88 2713/2713
f 88/88 98/98 2713/2713
f 2713/2713 98/98 2714/2714
f 98/98 97/97 2714/2714
f 2714/2714 97/97 2715/2715
f 97/97 96/96 2715/2715
f 2715/2715 96/96 2716/2716
f 96/96 95/95 2716/2716
f 2716/2716 95/95 2717/2717
f 95/95 94/94 2717/2717
f 2717/2717 94/94 2718/2718
f 1698/1698 2708/2708 1704/1704
f 2708/2708 2719/2719 1704/1704
f 1704/1704 2719/2719 1714/1714
f 2719/2719 2720/2720 1714/1714
f 1714/1714 2720/2720 1715/1715
f 2720/2720 2721/2721 1715/1715
f 1715/1715 2721/2721 1716/1716
f 2721/2721 2722/2722 1716/1716
f 1716/1716 2722/2722 1717/1717
f 2722/2722 2723/2723 1717/1717
f 1717/1717 2723/2723 1708/1708
f 2723/2723 2724/2724 1708/1708
f 1708/1708 2724/2724 1709/1709
f 2724/2724 2725/2725 1709/1709
f 1709/1709 2725/2725 1723/1723
f 2725/2725 2726/2726 1723/1723
f 1723/1723 2726/2726 1724/1724
f 2726/2726 2727/2727 1724/1724
f 1724/1724 2727/2727 1726/1726
f 2727/2727 2728/2728 1726/1726
f 1726/1726 2728/2728 1727/1727
f 94/94 93/93 2718/2718
f 93/93 99/99 2718/2718
f 2718/2718 99/99 2729/2729
f 2583/2583 2582/2582 2704/2704
f 2582/2582 2703/2703 2704/2704
f 2704/2704 2703/2703 2730/2730
f 2703/2703 2728/2728 2730/2730
f 2730/2730 2728/2728 2731/2731
f 2728/2728 2727/2727 2731/2731
f 2731/2731 2727/2727 2732/2732
f 2727/2727 2726/2726 2732/2732
f 2732/2732 2726/2726 2733/2733
f 2726/2726 2725/2725 2733/2733
f 2733/2733 2725/2725 2734/2734
f 2725/2725 2724/2724 2734/2734
f 2734/2734 2724/2724 2735/2735
f 2724/2724 2723/2723 2735/2735
f 2735/2735 2723/2723 2736/2736
f 2723/2723 2722/2722 2736/2736
f 2736/2736 2722/2722 2737/2737
f 2722/2722 2721/2721 2737/2737
f 2737/2737 2721/2721 2738/2738
f 2721/2721 2720/2720 2738/2738
f 2738/2738 2720/2720 2739/2739
f 2720/2720 2719/2719 2739/2739
f 2739/2739 2719/2719 2740/2740
f 2719/2719 2708/2708 2740/2740
f 2740/2740 2708/2708 2741/2741
f 2708/2708 2707/2707 2741/2741
f 2581/2581 1699/1699 2703/2703
f 1699/1699 1701/1701 2703/2703
f 2703/2703 1701/1701 2728/2728
f 1701/1701 1703/1703 2728/2728
f 2728/2728 1703/1703 1727/1727
f 99/99 101/101 2729/2729
f 101/101 103/103 2729/2729
f 2729/2729 103/103 2742/2742
f 103/103 104/104 2742/2742
f 2742/2742 104/104 2577/2577
f 104/104 106/106 2577/2577
f 2577/2577 106/106 2578/2578
f 106/106 2579/2579 2578/2578
f 2577/2577 2575/2575 2742/2742
f 2575/2575 2705/2705 2742/2742
f 2742/2742 2705/2705 2729/2729
f 2705/2705 2704/2704 2729/2729
f 2729/2729 2704/2704 2718/2718
f 2704/2704 2730/2730 2718/2718
f 2718/2718 2730/2730 2717/2717
f 2730/2730 2731/2731 2717/2717
f 2717/2717 2731/2731 2716/2716
f 2731/2731 2732/2732 2716/2716
f 2716/2716 2732/2732 2715/2715
f 2732/2732 2733/2733 2715/2715
f 2715/2715 2733/2733 2714/2714
f 2733/2733 2734/2734 2714/2714
f 2714/2714 2734/2734 2713/2713
f 2734/2734 2735/2735 2713/2713
f 2713/2713 2735/2735 2712/2712
f 2735/2735 2736/2736 2712/2712
f 2712/2712 2736/2736 2711/2711
f 2736/2736 2737/2737 2711/2711
f 2711/2711 2737/2737 2710/2710
f 2737/2737 2738/2738 2710/2710
f 2710/2710 2738/2738 2709/2709
f 2738/2738 2739/2739 2709/2709
f 2709/2709 2739/2739 2701/2701
f 2739/2739 2740/2740 2701/2701
f 2701/2701 2740/2740 2702/2702
f 2740/2740 2741/2741 2702/2702
f 2702/2702 2741/2741 2653/2653
f 2741/2741 2707/2707 2653/2653
f 2653/2653 2707/2707 2654/2654
f 2707/2707 2655/2655 2654/2654
f 1632/1632 1658/1658 1665/1665
f 1632/1632 1665/1665 1630/1630
f 1665/1665 1667/1667 1630/1630
f 1630/1630 1667/1667 1628/1628
f 1667/1667 1680/1680 1628/1628
f 1628/1628 1680/1680 1649/1649
f 1680/1680 1673/1673 1649/1649
f 1649/1649 1673/1673 1650/1650
f 1930/1930 1738/1738 1748/1748
f 1930/1930 1748/1748 1928/1928
f 1748/1748 1744/1744 1928/1928
f 1928/1928 1744/1744 1926/1926
f 1744/1744 1731/1731 1926/1926
f 1926/1926 1731/1731 1920/1920
f 1767/1767 1814/1814 1823/1823
f 1767/1767 1823/1823 1770/1770
f 1823/1823 1824/1824 1770/1770
f 1770/1770 1824/1824 1776/1776
f 1824/1824 1840/1840 1776/1776
f 1776/1776 1840/1840 1777/1777
f 1840/1840 1805/1805 1777/1777
f 1777/1777 1805/1805 1779/1779
f 1850/1850 1888/1888 1899/1899
f 1850/1850 1899/1899 1848/1848
f 1899/1899 1895/1895 1848/1848
f 1848/1848 1895/1895 1846/1846
f 1895/1895 1881/1881 1846/1846
f 1846/1846 1881/1881 1843/1843
f 1912/1912 1913/1913 2743/2743
f 2744/2744 2670/2670 2668/2668
f 2668/2668 2667/2667 2744/2744
f 2667/2667 2673/2673 2744/2744
f 2744/2744 2673/2673 2672/2672
f 2636/2636 2635/2635 2745/2745
f 2635/2635 1679/1679 2745/2745
f 2745/2745 1679/1679 2746/2746
f 1679/1679 1671/1671 2746/2746
f 2747/2747 2748/2748 367/367
f 367/367 369/369 2747/2747
f 369/369 2662/2662 2747/2747
f 2747/2747 2662/2662 2661/2661
f 2661/2661 2660/2660 2747/2747
f 2660/2660 2642/2642 2747/2747
f 2747/2747 2642/2642 2641/2641
f 2641/2641 2663/2663 2747/2747
f 2663/2663 2665/2665 2747/2747
f 2747/2747 2665/2665 2666/2666
f 2666/2666 2639/2639 2747/2747
f 2639/2639 2638/2638 2747/2747
f 2747/2747 2638/2638 2744/2744
f 2638/2638 2671/2671 2744/2744
f 2744/2744 2671/2671 2670/2670
f 2749/2749 1516/1516 2748/2748
f 1516/1516 365/365 2748/2748
f 2748/2748 365/365 367/367
f 2547/2547 2548/2548 2750/2750
f 2548/2548 2543/2543 2750/2750
f 2543/2543 1452/1452 2750/2750
f 1452/1452 32/32 2750/2750
f 2750/2750 32/32 2749/2749
f 32/32 31/31 2749/2749
f 2749/2749 31/31 1516/1516
f 2751/2751 1923/1923 1918/1918
f 2519/2519 2525/2525 2752/2752
f 2525/2525 2527/2527 2752/2752
f 2752/2752 2527/2527 2528/2528
f 2528/2528 2529/2529 2752/2752
f 2529/2529 2531/2531 2752/2752
f 2752/2752 2531/2531 2535/2535
f 2535/2535 2533/2533 2752/2752
f 2533/2533 2532/2532 2752/2752
f 2752/2752 2532/2532 2536/2536
f 2536/2536 2538/2538 2752/2752
f 2538/2538 2539/2539 2752/2752
f 2752/2752 2539/2539 2540/2540
f 2540/2540 2542/2542 2752/2752
f 2542/2542 2545/2545 2752/2752
f 2752/2752 2545/2545 2750/2750
f 2545/2545 2544/2544 2750/2750
f 2750/2750 2544/2544 2547/2547
f 2300/2300 2299/2299 2753/2753
f 2299/2299 2322/2322 2753/2753
f 2322/2322 2324/2324 2753/2753
f 2324/2324 2325/2325 2753/2753
f 2753/2753 2325/2325 2297/2297
f 2297/2297 2296/2296 2753/2753
f 2296/2296 2329/2329 2753/2753
f 2753/2753 2329/2329 2327/2327
f 2327/2327 2326/2326 2753/2753
f 2326/2326 2331/2331 2753/2753
f 2753/2753 2331/2331 2330/2330
f 2330/2330 2294/2294 2753/2753
f 2294/2294 2293/2293 2753/2753
f 2753/2753 2293/2293 1760/1760
f 63/63 2302/2302 2754/2754
f 63/63 2754/2754 64/64
f 2754/2754 2755/2755 64/64
f 64/64 2755/2755 1517/1517
f 2302/2302 2319/2319 2754/2754
f 2319/2319 2321/2321 2754/2754
f 2754/2754 2321/2321 2753/2753
f 2321/2321 2320/2320 2753/2753
f 2753/2753 2320/2320 2300/2300
f 1517/1517 2755/2755 1518/1518
f 2755/2755 2756/2756 1518/1518
f 1518/1518 2756/2756 1522/1522
f 2182/2182 2193/2193 2757/2757
f 2193/2193 2192/2192 2757/2757
f 2757/2757 2192/2192 2190/2190
f 2190/2190 2188/2188 2757/2757
f 2188/2188 2187/2187 2757/2757
f 2757/2757 2187/2187 2195/2195
f 2195/2195 2197/2197 2757/2757
f 2197/2197 2198/2198 2757/2757
f 2757/2757 2198/2198 2194/2194
f 2194/2194 286/286 2757/2757
f 286/286 288/288 2757/2757
f 2757/2757 288/288 2756/2756
f 288/288 290/290 2756/2756
f 2756/2756 290/290 1522/1522
f 2758/2758 1788/1788 1787/1787
f 2758/2758 1787/1787 2759/2759
f 1787/1787 2169/2169 2759/2759
f 2759/2759 2169/2169 2175/2175
f 2177/2177 2178/2178 2760/2760
f 2178/2178 2179/2179 2760/2760
f 2760/2760 2179/2179 2181/2181
f 2181/2181 2186/2186 2760/2760
f 2186/2186 2185/2185 2760/2760
f 2760/2760 2185/2185 2757/2757
f 2185/2185 2183/2183 2757/2757
f 2757/2757 2183/2183 2182/2182
f 2761/2761 2140/2140 2138/2138
f 2138/2138 2137/2137 2761/2761
f 2137/2137 2143/2143 2761/2761
f 2761/2761 2143/2143 2142/2142
f 2117/2117 2116/2116 2762/2762
f 2116/2116 1837/1837 2762/2762
f 2762/2762 1837/1837 2763/2763
f 1837/1837 1838/1838 2763/2763
f 2764/2764 1523/1523 217/217
f 2764/2764 217/217 2765/2765
f 217/217 216/216 2765/2765
f 216/216 2122/2122 2765/2765
f 2765/2765 2122/2122 2128/2128
f 2128/2128 2132/2132 2765/2765
f 2132/2132 2130/2130 2765/2765
f 2765/2765 2130/2130 2129/2129
f 2129/2129 2133/2133 2765/2765
f 2133/2133 2135/2135 2765/2765
f 2765/2765 2135/2135 2136/2136
f 2136/2136 2120/2120 2765/2765
f 2120/2120 2119/2119 2765/2765
f 2765/2765 2119/2119 2761/2761
f 2119/2119 2141/2141 2761/2761
f 2761/2761 2141/2141 2140/2140
f 1523/1523 2764/2764 28/28
f 2764/2764 2766/2766 28/28
f 28/28 2766/2766 29/29
f 2262/2262 2261/2261 2767/2767
f 2261/2261 2260/2260 2767/2767
f 2260/2260 215/215 2767/2767
f 215/215 26/26 2767/2767
f 2767/2767 26/26 2766/2766
f 26/26 25/25 2766/2766
f 2766/2766 25/25 29/29
f 2768/2768 1863/1863 1862/1862
f 2226/2226 2242/2242 2769/2769
f 2242/2242 2244/2244 2769/2769
f 2769/2769 2244/2244 2245/2245
f 2245/2245 2246/2246 2769/2769
f 2246/2246 2248/2248 2769/2769
f 2769/2769 2248/2248 2252/2252
f 2252/2252 2250/2250 2769/2769
f 2250/2250 2249/2249 2769/2769
f 2769/2769 2249/2249 2259/2259
f 2259/2259 2258/2258 2769/2769
f 2258/2258 2256/2256 2769/2769
f 2769/2769 2256/2256 2254/2254
f 2254/2254 2253/2253 2769/2769
f 2253/2253 2265/2265 2769/2769
f 2769/2769 2265/2265 2767/2767
f 2265/2265 2264/2264 2767/2767
f 2767/2767 2264/2264 2262/2262
f 2471/2471 2470/2470 2770/2770
f 2470/2470 2482/2482 2770/2770
f 2482/2482 2484/2484 2770/2770
f 2484/2484 2485/2485 2770/2770
f 2770/2770 2485/2485 2468/2468
f 2468/2468 2467/2467 2770/2770
f 2467/2467 2489/2489 2770/2770
f 2770/2770 2489/2489 2487/2487
f 2487/2487 2486/2486 2770/2770
f 2486/2486 2491/2491 2770/2770
f 2770/2770 2491/2491 2490/2490
f 2490/2490 2465/2465 2770/2770
f 2465/2465 2464/2464 2770/2770
f 2770/2770 2464/2464 1912/1912
f 133/133 2481/2481 2771/2771
f 133/133 2771/2771 134/134
f 2771/2771 2772/2772 134/134
f 134/134 2772/2772 1583/1583
f 2481/2481 2480/2480 2771/2771
f 2480/2480 2479/2479 2771/2771
f 2771/2771 2479/2479 2770/2770
f 2479/2479 2478/2478 2770/2770
f 2770/2770 2478/2478 2471/2471
f 1583/1583 2772/2772 22/22
f 2772/2772 2773/2773 22/22
f 22/22 2773/2773 23/23
f 2596/2596 2601/2601 2774/2774
f 2601/2601 2603/2603 2774/2774
f 2603/2603 2604/2604 2774/2774
f 2604/2604 2605/2605 2774/2774
f 2774/2774 2605/2605 2607/2607
f 2607/2607 2610/2610 2774/2774
f 2610/2610 2609/2609 2774/2774
f 2774/2774 2609/2609 2611/2611
f 2611/2611 2608/2608 2774/2774
f 2608/2608 131/131 2774/2774
f 2774/2774 131/131 2773/2773
f 131/131 130/130 2773/2773
f 2773/2773 130/130 23/23
f 2775/2775 1639/1639 1638/1638
f 2775/2775 1638/1638 2776/2776
f 1638/1638 2573/2573 2776/2776
f 2776/2776 2573/2573 2589/2589
f 2591/2591 2592/2592 2777/2777
f 2592/2592 2593/2593 2777/2777
f 2777/2777 2593/2593 2595/2595
f 2595/2595 2600/2600 2777/2777
f 2600/2600 2599/2599 2777/2777
f 2777/2777 2599/2599 2774/2774
f 2599/2599 2597/2597 2774/2774
f 2774/2774 2597/2597 2596/2596
f 1918/1918 2519/2519 2751/2751
f 2519/2519 2752/2752 2751/2751
f 2751/2751 2752/2752 2778/2778
f 2752/2752 2779/2779 2778/2778
f 2778/2778 2779/2779 2780/2780
f 2589/2589 2591/2591 2776/2776
f 2591/2591 2777/2777 2776/2776
f 2776/2776 2777/2777 2781/2781
f 2777/2777 2744/2744 2781/2781
f 2781/2781 2744/2744 2745/2745
f 2744/2744 2672/2672 2745/2745
f 2745/2745 2672/2672 2636/2636
f 1912/1912 2743/2743 2770/2770
f 2743/2743 2782/2782 2770/2770
f 2770/2770 2782/2782 2783/2783
f 1862/1862 2226/2226 2768/2768
f 2226/2226 2769/2769 2768/2768
f 2768/2768 2769/2769 2784/2784
f 2769/2769 2783/2783 2784/2784
f 2784/2784 2783/2783 2785/2785
f 2783/2783 2782/2782 2785/2785
f 2175/2175 2177/2177 2759/2759
f 2177/2177 2760/2760 2759/2759
f 2759/2759 2760/2760 2786/2786
f 2760/2760 2761/2761 2786/2786
f 2786/2786 2761/2761 2762/2762
f 2761/2761 2142/2142 2762/2762
f 2762/2762 2142/2142 2117/2117
f 2780/2780 2779/2779 2787/2787
f 2779/2779 2753/2753 2787/2787
f 2787/2787 2753/2753 2788/2788
f 2753/2753 1760/1760 2788/2788
f 2788/2788 1760/1760 1759/1759
f 2779/2779 2752/2752 2789/2789
f 2779/2779 2789/2789 2753/2753
f 2756/2756 2755/2755 2789/2789
f 2755/2755 2754/2754 2789/2789
f 2789/2789 2754/2754 2753/2753
f 2761/2761 2760/2760 2789/2789
f 2760/2760 2757/2757 2789/2789
f 2789/2789 2757/2757 2756/2756
f 2766/2766 2764/2764 2789/2789
f 2764/2764 2765/2765 2789/2789
f 2789/2789 2765/2765 2761/2761
f 2783/2783 2769/2769 2789/2789
f 2769/2769 2767/2767 2789/2789
f 2789/2789 2767/2767 2766/2766
f 2772/2772 2771/2771 2789/2789
f 2771/2771 2770/2770 2789/2789
f 2789/2789 2770/2770 2783/2783
f 2777/2777 2774/2774 2789/2789
f 2774/2774 2773/2773 2789/2789
f 2789/2789 2773/2773 2772/2772
f 2748/2748 2747/2747 2789/2789
f 2747/2747 2744/2744 2789/2789
f 2789/2789 2744/2744 2777/2777
f 2752/2752 2750/2750 2789/2789
f 2750/2750 2749/2749 2789/2789
f 2789/2789 2749/2749 2748/2748
f 2776/2776 2781/2781 2790/2790
f 2745/2745 2746/2746 2791/2791
f 1639/1639 2775/2775 1653/1653
f 2775/2775 2792/2792 1653/1653
f 1653/1653 2792/2792 1654/1654
f 2793/2793 1656/1656 2792/2792
f 1656/1656 1655/1655 2792/2792
f 2792/2792 1655/1655 1654/1654
f 1640/1640 1622/1622 2794/2794
f 1622/1622 1621/1621 2794/2794
f 2794/2794 1621/1621 2793/2793
f 1621/1621 1657/1657 2793/2793
f 2793/2793 1657/1657 1656/1656
f 1624/1624 1644/1644 2795/2795
f 1644/1644 1643/1643 2795/2795
f 2795/2795 1643/1643 2796/2796
f 1643/1643 1642/1642 2796/2796
f 2796/2796 1642/1642 2794/2794
f 1642/1642 1641/1641 2794/2794
f 2794/2794 1641/1641 1640/1640
f 1645/1645 1627/1627 2797/2797
f 1627/1627 1626/1626 2797/2797
f 2797/2797 1626/1626 2795/2795
f 1626/1626 1625/1625 2795/2795
f 2795/2795 1625/1625 1624/1624
f 1645/1645 2797/2797 1646/1646
f 2797/2797 2798/2798 1646/1646
f 1646/1646 2798/2798 1647/1647
f 5/5 7/7 2798/2798
f 7/7 1648/1648 2798/2798
f 2798/2798 1648/1648 1647/1647
f 1/1 3/3 1668/1668
f 3/3 2799/2799 1668/1668
f 1682/1682 1681/1681 2800/2800
f 1681/1681 1695/1695 2800/2800
f 2800/2800 1695/1695 2799/2799
f 1695/1695 1669/1669 2799/2799
f 2799/2799 1669/1669 1668/1668
f 1682/1682 2800/2800 1683/1683
f 2800/2800 2801/2801 1683/1683
f 1683/1683 2801/2801 1684/1684
f 1684/1684 2801/2801 1685/1685
f 2801/2801 2802/2802 1685/1685
f 1685/1685 2802/2802 1686/1686
f 1676/1676 1689/1689 2803/2803
f 1689/1689 1688/1688 2803/2803
f 2803/2803 1688/1688 2802/2802
f 1688/1688 1687/1687 2802/2802
f 2802/2802 1687/1687 1686/1686
f 2804/2804 1690/1690 2803/2803
f 1690/1690 1677/1677 2803/2803
f 2803/2803 1677/1677 1676/1676
f 1694/1694 1693/1693 2791/2791
f 1693/1693 1692/1692 2791/2791
f 2791/2791 1692/1692 2804/2804
f 1692/1692 1691/1691 2804/2804
f 2804/2804 1691/1691 1690/1690
f 1694/1694 2791/2791 1670/1670
f 2791/2791 2746/2746 1670/1670
f 1670/1670 2746/2746 1671/1671
f 2781/2781 2745/2745 2790/2790
f 2745/2745 2791/2791 2790/2790
f 2790/2790 2791/2791 2805/2805
f 2791/2791 2804/2804 2805/2805
f 2805/2805 2804/2804 2806/2806
f 2804/2804 2803/2803 2806/2806
f 2806/2806 2803/2803 2807/2807
f 2803/2803 2802/2802 2807/2807
f 2807/2807 2802/2802 2808/2808
f 2802/2802 2801/2801 2808/2808
f 2808/2808 2801/2801 2809/2809
f 2801/2801 2800/2800 2809/2809
f 2809/2809 2800/2800 2810/2810
f 2800/2800 2799/2799 2810/2810
f 2810/2810 2799/2799 4/4
f 2799/2799 3/3 4/4
f 2775/2775 2776/2776 2792/2792
f 2776/2776 2790/2790 2792/2792
f 2792/2792 2790/2790 2793/2793
f 2790/2790 2805/2805 2793/2793
f 2793/2793 2805/2805 2794/2794
f 2805/2805 2806/2806 2794/2794
f 2794/2794 2806/2806 2796/2796
f 2806/2806 2807/2807 2796/2796
f 2796/2796 2807/2807 2795/2795
f 2807/2807 2808/2808 2795/2795
f 2795/2795 2808/2808 2797/2797
f 2808/2808 2809/2809 2797/2797
f 2797/2797 2809/2809 2798/2798
f 2809/2809 2810/2810 2798/2798
f 2798/2798 2810/2810 5/5
f 2810/2810 4/4 5/5
f 1867/1867 1863/1863 2768/2768
f 2784/2784 2811/2811 2768/2768
f 2811/2811 1868/1868 2768/2768
f 2768/2768 1868/1868 1867/1867
f 2812/2812 1864/1864 2811/2811
f 1864/1864 1874/1874 2811/2811
f 2811/2811 1874/1874 1868/1868
f 1873/1873 1872/1872 2813/2813
f 1872/1872 1871/1871 2813/2813
f 2813/2813 1871/1871 2812/2812
f 1871/1871 1865/1865 2812/2812
f 2812/2812 1865/1865 1864/1864
f 1866/1866 1876/1876 2814/2814
f 1876/1876 1875/1875 2814/2814
f 2814/2814 1875/1875 2815/2815
f 1875/1875 1877/1877 2815/2815
f 2815/2815 1877/1877 2813/2813
f 1877/1877 1878/1878 2813/2813
f 2813/2813 1878/1878 1873/1873
f 1858/1858 1861/1861 2816/2816
f 1861/1861 1869/1869 2816/2816
f 2816/2816 1869/1869 2814/2814
f 1869/1869 1870/1870 2814/2814
f 2814/2814 1870/1870 1866/1866
f 1858/1858 2816/2816 1859/1859
f 2816/2816 2817/2817 1859/1859
f 1859/1859 2817/2817 1860/1860
f 1615/1615 1614/1614 2817/2817
f 1614/1614 1855/1855 2817/2817
f 2817/2817 1855/1855 1860/1860
f 1620/1620 1619/1619 1885/1885
f 1619/1619 2818/2818 1885/1885
f 1901/1901 1900/1900 2819/2819
f 1900/1900 1915/1915 2819/2819
f 2819/2819 1915/1915 2818/2818
f 1915/1915 1886/1886 2818/2818
f 2818/2818 1886/1886 1885/1885
f 1901/1901 2819/2819 1902/1902
f 2819/2819 2820/2820 1902/1902
f 1902/1902 2820/2820 1903/1903
f 1903/1903 2820/2820 1904/1904
f 2820/2820 2821/2821 1904/1904
f 1904/1904 2821/2821 1905/1905
f 1891/1891 1908/1908 2822/2822
f 1908/1908 1907/1907 2822/2822
f 2822/2822 1907/1907 2821/2821
f 1907/1907 1906/1906 2821/2821
f 2821/2821 1906/1906 1905/1905
f 2823/2823 1893/1893 2822/2822
f 1893/1893 1892/1892 2822/2822
f 2822/2822 1892/1892 1891/1891
f 1911/1911 1910/1910 2824/2824
f 1910/1910 1909/1909 2824/2824
f 2824/2824 1909/1909 2823/2823
f 1909/1909 1894/1894 2823/2823
f 2823/2823 1894/1894 1893/1893
f 2824/2824 2782/2782 1911/1911
f 2782/2782 2743/2743 1911/1911
f 1911/1911 2743/2743 1914/1914
f 2743/2743 1913/1913 1914/1914
f 1619/1619 1617/1617 2818/2818
f 1617/1617 2825/2825 2818/2818
f 2818/2818 2825/2825 2819/2819
f 2825/2825 2826/2826 2819/2819
f 2819/2819 2826/2826 2820/2820
f 2826/2826 2827/2827 2820/2820
f 2820/2820 2827/2827 2821/2821
f 2827/2827 2828/2828 2821/2821
f 2821/2821 2828/2828 2822/2822
f 2828/2828 2829/2829 2822/2822
f 2822/2822 2829/2829 2823/2823
f 2829/2829 2830/2830 2823/2823
f 2823/2823 2830/2830 2824/2824
f 2830/2830 2831/2831 2824/2824
f 2824/2824 2831/2831 2782/2782
f 2831/2831 2785/2785 2782/2782
f 1617/1617 1615/1615 2825/2825
f 1615/1615 2817/2817 2825/2825
f 2825/2825 2817/2817 2826/2826
f 2817/2817 2816/2816 2826/2826
f 2826/2826 2816/2816 2827/2827
f 2816/2816 2814/2814 2827/2827
f 2827/2827 2814/2814 2828/2828
f 2814/2814 2815/2815 2828/2828
f 2828/2828 2815/2815 2829/2829
f 2815/2815 2813/2813 2829/2829
f 2829/2829 2813/2813 2830/2830
f 2813/2813 2812/2812 2830/2830
f 2830/2830 2812/2812 2831/2831
f 2812/2812 2811/2811 2831/2831
f 2831/2831 2811/2811 2785/2785
f 2811/2811 2784/2784 2785/2785
f 1924/1924 1923/1923 2751/2751
f 2778/2778 2832/2832 2751/2751
f 2832/2832 1925/1925 2751/2751
f 2751/2751 1925/1925 1924/1924
f 2833/2833 1940/1940 2832/2832
f 1940/1940 1939/1939 2832/2832
f 2832/2832 1939/1939 1925/1925
f 1946/1946 1943/1943 2834/2834
f 1943/1943 1942/1942 2834/2834
f 2834/2834 1942/1942 2833/2833
f 1942/1942 1941/1941 2833/2833
f 2833/2833 1941/1941 1940/1940
f 1949/1949 1951/1951 2835/2835
f 1951/1951 1950/1950 2835/2835
f 2835/2835 1950/1950 2836/2836
f 1950/1950 1937/1937 2836/2836
f 2836/2836 1937/1937 2834/2834
f 1937/1937 1936/1936 2834/2834
f 2834/2834 1936/1936 1946/1946
f 1945/1945 1938/1938 2837/2837
f 1938/1938 1947/1947 2837/2837
f 2837/2837 1947/1947 2835/2835
f 1947/1947 1948/1948 2835/2835
f 2835/2835 1948/1948 1949/1949
f 1945/1945 2837/2837 1944/1944
f 2837/2837 2838/2838 1944/1944
f 1944/1944 2838/2838 1916/1916
f 12/12 14/14 2838/2838
f 14/14 1919/1919 2838/2838
f 2838/2838 1919/1919 1916/1916
f 8/8 10/10 1741/1741
f 10/10 2839/2839 1741/1741
f 1750/1750 1749/1749 2840/2840
f 1749/1749 1743/1743 2840/2840
f 2840/2840 1743/1743 2839/2839
f 1743/1743 1742/1742 2839/2839
f 2839/2839 1742/1742 1741/1741
f 1750/1750 2840/2840 1732/1732
f 2840/2840 2841/2841 1732/1732
f 1732/1732 2841/2841 1733/1733
f 1733/1733 2841/2841 1761/1761
f 2841/2841 2842/2842 1761/1761
f 1761/1761 2842/2842 1762/1762
f 1751/1751 1765/1765 2843/2843
f 1765/1765 1764/1764 2843/2843
f 2843/2843 1764/1764 2842/2842
f 1764/1764 1763/1763 2842/2842
f 2842/2842 1763/1763 1762/1762
f 2844/2844 1753/1753 2843/2843
f 1753/1753 1752/1752 2843/2843
f 2843/2843 1752/1752 1751/1751
f 1757/1757 1756/1756 2845/2845
f 1756/1756 1755/1755 2845/2845
f 2845/2845 1755/1755 2844/2844
f 1755/1755 1754/1754 2844/2844
f 2844/2844 1754/1754 1753/1753
f 2845/2845 2787/2787 1757/1757
f 2787/2787 2788/2788 1757/1757
f 1757/1757 2788/2788 1758/1758
f 2788/2788 1759/1759 1758/1758
f 10/10 11/11 2839/2839
f 11/11 2846/2846 2839/2839
f 2839/2839 2846/2846 2840/2840
f 2846/2846 2847/2847 2840/2840
f 2840/2840 2847/2847 2841/2841
f 2847/2847 2848/2848 2841/2841
f 2841/2841 2848/2848 2842/2842
f 2848/2848 2849/2849 2842/2842
f 2842/2842 2849/2849 2843/2843
f 2849/2849 2850/2850 2843/2843
f 2843/2843 2850/2850 2844/2844
f 2850/2850 2851/2851 2844/2844
f 2844/2844 2851/2851 2845/2845
f 2851/2851 2852/2852 2845/2845
f 2845/2845 2852/2852 2787/2787
f 2852/2852 2780/2780 2787/2787
f 11/11 12/12 2846/2846
f 12/12 2838/2838 2846/2846
f 2846/2846 2838/2838 2847/2847
f 2838/2838 2837/2837 2847/2847
f 2847/2847 2837/2837 2848/2848
f 2837/2837 2835/2835 2848/2848
f 2848/2848 2835/2835 2849/2849
f 2835/2835 2836/2836 2849/2849
f 2849/2849 2836/2836 2850/2850
f 2836/2836 2834/2834 2850/2850
f 2850/2850 2834/2834 2851/2851
f 2834/2834 2833/2833 2851/2851
f 2851/2851 2833/2833 2852/2852
f 2833/2833 2832/2832 2852/2852
f 2852/2852 2832/2832 2780/2780
f 2832/2832 2778/2778 2780/2780
f 2759/2759 2786/2786 2853/2853
f 2762/2762 2763/2763 2854/2854
f 1788/1788 2758/2758 1789/1789
f 2758/2758 2855/2855 1789/1789
f 1789/1789 2855/2855 1790/1790
f 2856/2856 1792/1792 2855/2855
f 1792/1792 1791/1791 2855/2855
f 2855/2855 1791/1791 1790/1790
f 1799/1799 1795/1795 2857/2857
f 1795/1795 1794/1794 2857/2857
f 2857/2857 1794/1794 2856/2856
f 1794/1794 1793/1793 2856/2856
f 2856/2856 1793/1793 1792/1792
f 1798/1798 1803/1803 2858/2858
f 1803/1803 1802/1802 2858/2858
f 2858/2858 1802/1802 2859/2859
f 1802/1802 1801/1801 2859/2859
f 2859/2859 1801/1801 2857/2857
f 1801/1801 1800/1800 2857/2857
f 2857/2857 1800/1800 1799/1799
f 1782/1782 1781/1781 2860/2860
f 1781/1781 1796/1796 2860/2860
f 2860/2860 1796/1796 2858/2858
f 1796/1796 1797/1797 2858/2858
f 2858/2858 1797/1797 1798/1798
f 1782/1782 2860/2860 1785/1785
f 2860/2860 2861/2861 1785/1785
f 1785/1785 2861/2861 1786/1786
f 16/16 15/15 2861/2861
f 15/15 1775/1775 2861/2861
f 2861/2861 1775/1775 1786/1786
f 21/21 20/20 1811/1811
f 20/20 2862/2862 1811/1811
f 1826/1826 1825/1825 2863/2863
f 1825/1825 1841/1841 2863/2863
f 2863/2863 1841/1841 2862/2862
f 1841/1841 1812/1812 2862/2862
f 2862/2862 1812/1812 1811/1811
f 1826/1826 2863/2863 1827/1827
f 2863/2863 2864/2864 1827/1827
f 1827/1827 2864/2864 1828/1828
f 1828/1828 2864/2864 1829/1829
f 2864/2864 2865/2865 1829/1829
f 1829/1829 2865/2865 1830/1830
f 1817/1817 1833/1833 2866/2866
f 1833/1833 1832/1832 2866/2866
f 2866/2866 1832/1832 2865/2865
f 1832/1832 1831/1831 2865/2865
f 2865/2865 1831/1831 1830/1830
f 2867/2867 1819/1819 2866/2866
f 1819/1819 1818/1818 2866/2866
f 2866/2866 1818/1818 1817/1817
f 1836/1836 1835/1835 2854/2854
f 1835/1835 1834/1834 2854/2854
f 2854/2854 1834/1834 2867/2867
f 1834/1834 1820/1820 2867/2867
f 2867/2867 1820/1820 1819/1819
f 1836/1836 2854/2854 1839/1839
f 2854/2854 2763/2763 1839/1839
f 1839/1839 2763/2763 1838/1838
f 2786/2786 2762/2762 2853/2853
f 2762/2762 2854/2854 2853/2853
f 2853/2853 2854/2854 2868/2868
f 2854/2854 2867/2867 2868/2868
f 2868/2868 2867/2867 2869/2869
f 2867/2867 2866/2866 2869/2869
f 2869/2869 2866/2866 2870/2870
f 2866/2866 2865/2865 2870/2870
f 2870/2870 2865/2865 2871/2871
f 2865/2865 2864/2864 2871/2871
f 2871/2871 2864/2864 2872/2872
f 2864/2864 2863/2863 2872/2872
f 2872/2872 2863/2863 2873/2873
f 2863/2863 2862/2862 2873/2873
f 2873/2873 2862/2862 18/18
f 2862/2862 20/20 18/18
f 2758/2758 2759/2759 2855/2855
f 2759/2759 2853/2853 2855/2855
f 2855/2855 2853/2853 2856/2856
f 2853/2853 2868/2868 2856/2856
f 2856/2856 2868/2868 2857/2857
f 2868/2868 2869/2869 2857/2857
f 2857/2857 2869/2869 2859/2859
f 2869/2869 2870/2870 2859/2859
f 2859/2859 2870/2870 2858/2858
f 2870/2870 2871/2871 2858/2858
f 2858/2858 2871/2871 2860/2860
f 2871/2871 2872/2872 2860/2860
f 2860/2860 2872/2872 2861/2861
f 2872/2872 2873/2873 2861/2861
f 2861/2861 2873/2873 16/16
f 2873/2873 18/18 16/16
f 2874/2874 2875/2875 2876/2876
f 2874/2874 2877/2877 2878/2878
f 2879/2879 2877/2877 2874/2874
f 2876/2876 2879/2879 2874/2874
f 2874/2874 2880/2880 2881/2881
f 2882/2882 2880/2880 2874/2874
f 2878/2878 2882/2882 2874/2874
f 2874/2874 2883/2883 2884/2884
f 2885/2885 2883/2883 2874/2874
f 2881/2881 2885/2885 2874/2874
f 2874/2874 2886/2886 2887/2887
f 2888/2888 2886/2886 2874/2874
f 2884/2884 2888/2888 2874/2874
f 2874/2874 2889/2889 2890/2890
f 2891/2891 2889/2889 2874/2874
f 2887/2887 2891/2891 2874/2874
f 2874/2874 2892/2892 2893/2893
f 2894/2894 2892/2892 2874/2874
f 2890/2890 2894/2894 2874/2874
f 2874/2874 2895/2895 2896/2896
f 2897/2897 2895/2895 2874/2874
f 2893/2893 2897/2897 2874/2874
f 2874/2874 2898/2898 2899/2899
f 2900/2900 2898/2898 2874/2874
f 2896/2896 2900/2900 2874/2874
f 2899/2899 2875/2875 2874/2874
f 2901/2901 2887/2887 2886/2886
f 2901/2901 2884/2884 2883/2883
f 2888/2888 2884/2884 2901/2901
f 2886/2886 2888/2888 2901/2901
f 2901/2901 2881/2881 2880/2880
f 2885/2885 2881/2881 2901/2901
f 2883/2883 2885/2885 2901/2901
f 2901/2901 2878/2878 2877/2877
f 2882/2882 2878/2878 2901/2901
f 2880/2880 2882/2882 2901/2901
f 2901/2901 2876/2876 2875/2875
f 2879/2879 2876/2876 2901/2901
f 2877/2877 2879/2879 2901/2901
f 2901/2901 2898/2898 2900/2900
f 2899/2899 2898/2898 2901/2901
f 2875/2875 2899/2899 2901/2901
f 2901/2901 2895/2895 2897/2897
f 2896/2896 2895/2895 2901/2901
f 2900/2900 2896/2896 2901/2901
f 2901/2901 2892/2892 2894/2894
f 2893/2893 2892/2892 2901/2901
f 2897/2897 2893/2893 2901/2901
f 2901/2901 2889/2889 2891/2891
f 2890/2890 2889/2889 2901/2901
f 2894/2894 2890/2890 2901/2901
f 2891/2891 2887/2887 2901/2901

