# https://github.com/mikedh/trimesh
v -0.03483603 0.00225773 0.00466771
v -0.03485770 0.00172188 0.00475537
v -0.04516711 0.00178194 0.00532985
v 0.00865379 0.00151643 0.00232300
v 0.00865185 0.00146836 0.00233086
v -0.00929183 0.00157291 0.00333075
v 0.02202910 0.00392805 0.00117610
v 0.03414037 0.00385748 0.00050121
v 0.03274170 0.00259682 0.00078382
v 0.03470553 0.00258537 0.00067439
v -0.02155556 0.01930970 0.00116459
v -0.02352605 0.00667068 0.00331501
v -0.02242031 0.01958998 0.00116838
v -0.02443368 0.00667597 0.00336558
v -0.01664471 0.00161576 0.00374048
v -0.01654213 0.00415279 0.00332543
v -0.01215426 0.00412722 0.00308091
v -0.00900411 0.00658607 0.00250579
v -0.00771959 0.01482517 0.00110398
v -0.00791497 0.00657972 0.00244510
v -0.00668190 0.01448883 0.00109944
v 0.04693677 0.00124529 0.00019749
v 0.05048081 0.00122464 0.00000000
v 0.04699179 0.00088912 0.00025182
v 0.05057889 0.00058966 0.00009687
v 0.04695214 0.00063482 0.00029509
v 0.03293785 0.00132686 0.00097756
v 0.02686483 0.00136224 0.00131597
v 0.02691613 0.00263076 0.00110844
v 0.02428195 0.00264611 0.00125523
v 0.02423570 0.00150224 0.00144236
v -0.00630406 0.00409314 0.00275492
v 0.01006518 0.00384099 0.00186806
v 0.01649254 0.00269149 0.00168928
v 0.01043324 0.00145798 0.00223160
v 0.01644125 0.00142298 0.00189681
v -0.03337345 0.00425086 0.00426333
v -0.03009487 0.00423176 0.00408063
v -0.03298116 0.00171094 0.00465081
v -0.02681630 0.00421265 0.00389794
v -0.02701700 0.00294501 0.00411379
v -0.02481953 0.00420102 0.00378667
v -0.02449442 0.00293031 0.00397322
v -0.01917631 0.00416814 0.00347221
v -0.02440596 0.00235753 0.00406060
v -0.01925413 0.00224354 0.00378707
v -0.02443412 0.00166114 0.00417453
v -0.01915943 0.00163041 0.00388061
v -0.02751959 0.00669395 0.00353754
v -0.02536046 0.02054294 0.00118126
v -0.02643044 0.00668761 0.00347685
v -0.02432276 0.02020660 0.00117671
v -0.02203445 0.02206493 0.00074729
v -0.00439359 0.01634716 0.00067001
v -0.04064900 0.03076175 0.00039920
v 0.02425497 0.00137745 0.00146140
v 0.01907543 0.00140763 0.00175002
v 0.01908387 0.00161623 0.00171589
v 0.01891998 0.00267735 0.00155402
v -0.02706830 0.00167649 0.00432132
v -0.00882405 0.00234334 0.00317997
v -0.00591820 0.00656809 0.00233383
v -0.01047655 0.00157982 0.00339677
v -0.01067270 0.00284977 0.00320303
v -0.00880402 0.00283889 0.00309890
v -0.00830083 0.00410477 0.00286619
v -0.00391470 0.01359192 0.00108732
v -0.00501058 0.00656280 0.00228326
v 0.03449318 0.00131779 0.00089089
v 0.03466577 0.00160204 0.00083526
v -0.02393690 0.02268156 0.00075562
v -0.03967532 0.02778271 0.00082457
v -0.04006117 0.02530776 0.00124566
v -0.03919642 0.02502747 0.00124187
v -0.04204153 0.00677857 0.00434676
v -0.04294915 0.00678385 0.00439733
v -0.04333501 0.00430890 0.00481842
v -0.03529914 0.00426208 0.00437064
v -0.03362498 0.00425232 0.00427735
v -0.00629604 0.01696378 0.00067835
v -0.00477945 0.01387220 0.00109110
v -0.01218100 0.00699962 0.06858726
v -0.01174155 0.00699433 0.06810769
v -0.01140702 0.00914004 0.06774261
v -0.00032609 0.03164216 0.05564990
v -0.00080198 0.03197850 0.05616925
v -0.00416252 0.01042353 0.05983663
v 0.01022850 0.02974499 0.04413159
v 0.00898144 0.03062635 0.04549251
v 0.00891404 0.03019398 0.04556607
v 0.00089127 0.03634413 0.05432138
v -0.00841626 0.03735993 0.06447878
v -0.00889216 0.03769628 0.06499812
v -0.00910235 0.03634805 0.06522751
v 0.00155028 0.00117967 0.05360221
v -0.00428054 0.00317137 0.05996543
v -0.00457956 0.00125344 0.06029175
v 0.00574857 0.00678385 0.04902057
v 0.00618802 0.00677857 0.04854100
v 0.00620422 0.00688244 0.04852332
v 0.02990012 0.00401362 0.02266379
v 0.02329228 0.00409314 0.02987497
v 0.02238134 0.00135663 0.03086909
v 0.02516179 0.01919079 0.02783477
v 0.04287458 0.00385748 0.00850464
v 0.05058237 0.00122464 0.00009307
v 0.02367899 0.00091338 0.02945295
v 0.02411759 0.00656280 0.02897431
v 0.02521347 0.01359192 0.02777837
v 0.02367814 0.00656809 0.02945388
v 0.02481689 0.01387220 0.02821115
v 0.02520275 0.01634716 0.02779006
v 0.02231480 0.00092979 0.03094171
v 0.01385387 0.00426946 0.04017520
v 0.01335001 0.00103768 0.04072506
v 0.01336071 0.00421265 0.04071338
v 0.01227526 0.00105061 0.04189795
v 0.00532639 0.00718229 0.04948131
v 0.00536271 0.00430890 0.04944166
v 0.00477011 0.00361423 0.05008838
v 0.01177329 0.00423176 0.04244574
v -0.01169239 0.00451414 0.06805404
v -0.01256686 0.00452467 0.06900835
v -0.01354434 0.00136132 0.07007509
v -0.00766285 0.00446565 0.06365657
v -0.01280802 0.00608420 0.06927153
v -0.01326783 0.00624127 0.06977333
v -0.01353365 0.00453630 0.07006342
v -0.02257504 0.00147000 0.07993037
v -0.01950211 0.00143302 0.07657686
v -0.02242514 0.00243147 0.07976679
v -0.02023935 0.00465827 0.07738141
v -0.02044153 0.00478184 0.07760206
v -0.02061604 0.00497707 0.07779249
v -0.02075152 0.00523127 0.07794034
v -0.02002263 0.00461439 0.07714490
v -0.02083917 0.00552791 0.07803600
v -0.02087330 0.00584773 0.07807324
v -0.02139820 0.00901845 0.07864607
v -0.02852215 0.00154157 0.08642050
v -0.02781938 0.00153311 0.08565356
v -0.02850471 0.00471646 0.08640147
v -0.02741366 0.00413546 0.08521080
v -0.02812339 0.00471187 0.08598533
v -0.02714588 0.01098176 0.08491857
v -0.02638671 0.01072244 0.08409008
v -0.02662271 0.01433744 0.08434763
v -0.02586354 0.01407812 0.08351914
v -0.02606643 0.01790550 0.08374056
v -0.02530726 0.01764618 0.08291207
v -0.02247879 0.04091720 0.07982533
v -0.02171962 0.04065788 0.07899684
v -0.02104200 0.05013296 0.07825735
v -0.02084069 0.05070193 0.07803766
v -0.02026239 0.05111464 0.07740656
v -0.02067408 0.05091172 0.07785584
v -0.02047705 0.05105234 0.07764081
v -0.01501608 0.04341673 0.07168122
v -0.01489073 0.04368207 0.07154442
v -0.01534856 0.04782172 0.07204405
v -0.01472412 0.04389186 0.07136259
v -0.01452709 0.04403248 0.07114757
v -0.01431243 0.04409478 0.07091332
v -0.00803040 0.03983489 0.06405768
v -0.00719890 0.04206190 0.06315026
v -0.01388632 0.04397359 0.07044829
v -0.01409411 0.04407472 0.07067506
v -0.02096604 0.05043659 0.07817446
v -0.02004407 0.05109457 0.07716831
v -0.01983628 0.05099345 0.07694153
v -0.01673110 0.03895389 0.07355283
v -0.01509204 0.04311310 0.07176411
v -0.00714722 0.03646303 0.06309386
v -0.00754379 0.03674331 0.06352664
v -0.00814092 0.03601964 0.06417829
v -0.00715793 0.03921827 0.06310555
v 0.00005977 0.03411711 0.05522881
v 0.01585425 0.02020660 0.03799216
v 0.01537836 0.02054294 0.03851150
v 0.01321922 0.00669395 0.04086778
v 0.01707161 0.02490857 0.03666364
v 0.01374657 0.00668761 0.04029229
v 0.01339405 0.00442652 0.04067700
v 0.00903313 0.02502747 0.04543611
v 0.00863655 0.02530776 0.04586890
v 0.00902241 0.02778271 0.04544781
v 0.01624011 0.02268156 0.03757107
v 0.02271135 0.00657972 0.03050895
v 0.02232549 0.00410477 0.03093004
v 0.02346853 0.01482517 0.02968263
v 0.02218401 0.00658607 0.03108444
v 0.02394442 0.01448883 0.02916329
v 0.02045975 0.00412722 0.03296614
v 0.01432750 0.00420102 0.03965832
v 0.01471336 0.00667597 0.03923723
v 0.01515281 0.00667068 0.03875765
v 0.01712330 0.01930970 0.03660724
v 0.01672672 0.01958998 0.03704003
v 0.01711258 0.02206493 0.03661894
v 0.02433028 0.01696378 0.02874219
v -0.01314779 0.00701125 0.06964233
v -0.01228485 0.00943989 0.06870060
v -0.01367513 0.00701760 0.07021782
v -0.01172857 0.01300795 0.06809352
v -0.01269000 0.01333636 0.06914274
v -0.01324628 0.00976830 0.06974981
v -0.02085168 0.00616992 0.07804965
v -0.02045767 0.00869718 0.07761966
v -0.02087503 0.01237414 0.07807513
v -0.01993450 0.01205287 0.07704872
v -0.02031875 0.01594220 0.07746806
v -0.01937822 0.01562093 0.07644165
v -0.01579057 0.03863262 0.07252642
v -0.00375737 0.00652706 0.05939449
v -0.00421719 0.00668413 0.05989629
v -0.00456886 0.00442842 0.06028008
v -0.00471034 0.00690972 0.06043448
v -0.00418300 0.00690337 0.05985898
v -0.00320109 0.01009512 0.05878741
v -0.00007326 0.03326388 0.05537398
v 0.00038656 0.03310681 0.05487218
v -0.01234820 0.00592714 0.06876974
v -0.01085074 0.01270810 0.06713554
v -0.00726309 0.03571979 0.06322031
v 0.00436496 0.00751070 0.05053052
v 0.00425444 0.00680183 0.05065113
v 0.00478178 0.00679549 0.05007564
v 0.00439592 0.00432053 0.05049673
v 0.00312697 0.00433581 0.05188155
v 0.00093224 0.03350049 0.05427668
v 0.00814994 0.02839933 0.04639994
v 0.00776408 0.02592438 0.04682103
v 0.00728819 0.02626072 0.04734038
v -0.00232326 0.00979527 0.05782943
v 0.00094295 0.03074525 0.05426498
v 0.00054638 0.03102553 0.05469777
v 0.00084637 0.03294975 0.05437038
v 0.00438523 0.00114556 0.05050840
v 0.00012353 0.00437195 0.05515923
v -0.00360207 0.00441678 0.05922501
v -0.00329755 0.00637000 0.05889269
v -0.00321621 0.00689174 0.05880392
v -0.00277676 0.00688645 0.05832434
v -0.02417199 0.01602460 0.08167314
v -0.02386956 0.01639368 0.08134309
v -0.02351290 0.01663433 0.08095386
v -0.02204985 0.01613458 0.07935723
v -0.02180050 0.01568693 0.07908511
v -0.02341140 0.01234342 0.08084309
v -0.02377856 0.01254656 0.08124378
v -0.02409769 0.01288343 0.08159205
v -0.02434704 0.01333109 0.08186417
v -0.02450962 0.01385901 0.08204159
v -0.02312631 0.01673015 0.08053198
v -0.02273614 0.01667459 0.08010618
v -0.02236898 0.01647146 0.07970550
v -0.02163792 0.01515900 0.07890768
v -0.02157319 0.01458678 0.07883704
v -0.02161072 0.01400926 0.07887800
v -0.02174796 0.01346579 0.07902777
v -0.02457435 0.01443124 0.08211223
v -0.02453682 0.01500876 0.08207127
v -0.02439958 0.01555222 0.08192151
v -0.02197555 0.01299342 0.07927614
v -0.02227798 0.01262433 0.07960618
v -0.02263464 0.01238368 0.07999541
v -0.02302123 0.01228787 0.08041730
v -0.02058208 0.03543301 0.07775544
v -0.02083144 0.03588066 0.07802756
v -0.01853425 0.03868416 0.07552062
v -0.01828490 0.03823651 0.07524850
v -0.01812232 0.03770858 0.07507108
v -0.01805759 0.03713636 0.07500044
v -0.02099402 0.03640859 0.07820499
v -0.02105875 0.03698081 0.07827563
v -0.02102121 0.03755834 0.07823467
v -0.02088398 0.03810180 0.07808490
v -0.01999730 0.03918391 0.07711726
v -0.01961071 0.03927972 0.07669537
v -0.01922054 0.03922417 0.07626958
v -0.01885338 0.03902103 0.07586889
v -0.01876237 0.03517391 0.07576958
v -0.01911904 0.03493326 0.07615880
v -0.02065639 0.03857417 0.07783653
v -0.02035396 0.03894326 0.07750649
v -0.01809512 0.03655883 0.07504139
v -0.01823236 0.03601537 0.07519116
v -0.01845994 0.03554300 0.07543953
v -0.01950562 0.03483745 0.07658069
v -0.01989579 0.03489300 0.07700649
v -0.02026295 0.03509614 0.07740717
v -0.02867889 0.00152092 0.08283188
v -0.02866843 0.00342585 0.08282046
v 0.04449811 0.00064030 0.00297320
v 0.04283003 0.00256544 0.00479359
v 0.04450219 0.00138363 0.00296874
v -0.04122602 0.00186272 0.02241648
v -0.04121905 0.00313268 0.02240887
v -0.04211140 0.00186272 0.02160518
v -0.04210443 0.00313268 0.02159757
v -0.04153642 0.00314300 0.02384055
v -0.04154340 0.00187304 0.02384816
v -0.04202862 0.00314663 0.02399573
v -0.04203559 0.00187668 0.02400334
v 0.02798736 0.00264741 0.00486750
v 0.02798038 0.00137745 0.00487511
v 0.02821223 0.00264009 0.00385307
v 0.02820525 0.00137013 0.00386068
v 0.03077752 0.00135680 0.00399322
v 0.03078449 0.00262676 0.00398561
v 0.03049614 0.00135680 0.00373539
v 0.03050312 0.00262676 0.00372777
v 0.02035530 0.00268767 0.00459175
v 0.02034833 0.00141772 0.00459936
v 0.02154092 0.00267892 0.00421794
v 0.02153394 0.00140896 0.00422555
v 0.02282809 0.00140739 0.00514914
v 0.02283506 0.00267735 0.00514154
v 0.02180404 0.00140739 0.00421078
v 0.02181101 0.00267735 0.00420317
v -0.04039661 0.00206509 0.05693744
v -0.04038963 0.00333504 0.05692983
v -0.04098862 0.00206945 0.05712410
v -0.04098164 0.00333941 0.05711648
v -0.04102438 0.00335569 0.05979319
v -0.04103136 0.00208573 0.05980080
v -0.04137771 0.00335569 0.05946942
v -0.04138469 0.00208573 0.05947703
v -0.04351947 0.00211568 0.06251610
v -0.04351250 0.00338563 0.06250849
v -0.04387280 0.00211568 0.06219234
v -0.04386583 0.00338563 0.06218472
v -0.04522844 0.00340628 0.06438111
v -0.04523541 0.00213633 0.06438873
v -0.04558177 0.00340628 0.06405735
v -0.04558874 0.00213633 0.06406496
v -0.04062602 0.00177186 0.00780831
v -0.04061904 0.00304182 0.00780070
v -0.04058493 0.00177052 0.00762299
v -0.04057796 0.00304048 0.00761538
v -0.04201761 0.00305214 0.00824165
v -0.04202459 0.00178218 0.00824926
v -0.04254180 0.00305214 0.00776131
v -0.04254878 0.00178218 0.00776892
v 0.03593678 0.00259682 0.00371157
v 0.03592981 0.00132686 0.00371918
v 0.03599983 0.00259476 0.00342714
v 0.03599286 0.00132481 0.00343475
v 0.03840957 0.00131653 0.00426897
v 0.03841655 0.00258649 0.00426136
v 0.03862643 0.00130948 0.00329072
v 0.03863340 0.00257944 0.00328311
v -0.00755573 0.00284977 0.00605921
v -0.00756270 0.00157982 0.00606682
v -0.00749965 0.00284795 0.00580624
v -0.00750662 0.00157799 0.00581386
v -0.00508293 0.00156949 0.00661660
v -0.00507596 0.00283945 0.00660900
v -0.00487306 0.00156266 0.00566982
v -0.00486608 0.00283262 0.00566221
v 0.00286649 0.00151890 0.00546068
v 0.00287347 0.00278886 0.00545307
v 0.00291455 0.00151734 0.00524389
v 0.00292152 0.00278729 0.00523628
v 0.00147490 0.00279918 0.00589401
v 0.00146792 0.00152922 0.00590162
v 0.00087902 0.00279918 0.00534799
v 0.00087205 0.00152922 0.00535560
v -0.02313721 0.00294063 0.00693938
v -0.02314418 0.00167068 0.00694699
v -0.02207086 0.00293276 0.00660318
v -0.02207783 0.00166280 0.00661079
v -0.02066442 0.00166035 0.00749678
v -0.02065744 0.00293031 0.00748917
v -0.02165646 0.00166035 0.00658775
v -0.02164948 0.00293031 0.00658013
v -0.04168471 0.00191331 0.03043641
v -0.04167076 0.00445323 0.03042118
v -0.04183664 0.00191331 0.03029719
v -0.04182269 0.00445323 0.03028197
v -0.04179988 0.00445743 0.03100362
v -0.04181383 0.00191751 0.03101884
v -0.03993792 0.00201449 0.04891752
v -0.03992397 0.00455441 0.04890230
v -0.04123511 0.00202407 0.04932650
v -0.04122115 0.00456398 0.04931128
v -0.04055872 0.00457506 0.05176565
v -0.04057267 0.00203514 0.05178087
v -0.04116102 0.00457506 0.05121375
v -0.04117497 0.00203514 0.05122897
v -0.04184853 0.00181213 0.01340583
v -0.04183458 0.00435204 0.01339060
v -0.04236544 0.00181594 0.01356880
v -0.04235149 0.00435586 0.01355358
v -0.04107076 0.00436237 0.01581301
v -0.04108471 0.00182245 0.01582824
v -0.04226813 0.00437121 0.01619053
v -0.04228208 0.00183129 0.01620575
v -0.01549818 0.00417032 0.00720752
v -0.01551213 0.00163041 0.00722274
v -0.01528027 0.00416324 0.00622455
v -0.01529423 0.00162332 0.00623978
v -0.01271499 0.00160976 0.00634085
v -0.01270104 0.00414967 0.00632563
v -0.01296435 0.00160976 0.00611235
v -0.01295041 0.00414967 0.00609713
v -0.02345458 0.00295096 0.00837106
v -0.02237339 0.00295096 0.00936179
v -0.02097482 0.00294063 0.00892085
v -0.00647453 0.00284977 0.00704994
v 0.03701798 0.00259682 0.00470230
v -0.04254302 0.00305192 0.00772286
v -0.04382987 0.00339596 0.06394017
v -0.04092295 0.00335022 0.05897314
v -0.03962581 0.00334537 0.05935224
v -0.03930844 0.00333504 0.05792057
v 0.02251769 0.00268767 0.00657321
v 0.02111912 0.00269800 0.00701416
v 0.02003793 0.00269800 0.00602343
v 0.03046712 0.00263708 0.00541729
v 0.02906855 0.00264741 0.00585823
v -0.02979623 0.00266388 0.08179543
v -0.02923721 0.00215590 0.08231328
v -0.02044692 0.00205011 0.07272035
v 0.01318555 0.00164538 0.03601695
v 0.04232826 0.00179593 0.00308536
v 0.00477744 0.00174656 0.04519280
v 0.01738962 0.00159479 0.03142902
v 0.02159367 0.00154420 0.02684110
v 0.02579773 0.00149360 0.02225317
v -0.01624286 0.00199952 0.06813242
v -0.01203880 0.00194893 0.06354450
v -0.00783474 0.00189834 0.05895658
v -0.00363068 0.00184775 0.05436865
v 0.00057338 0.00179715 0.04978072
v 0.03000179 0.00144301 0.01766525
v 0.03420585 0.00139242 0.01307732
v 0.04341353 0.00128161 0.00302890
v -0.02979204 0.00342585 0.08179086
v 0.04170642 0.00256544 0.00376399
v 0.04233007 0.00212467 0.00308339
v 0.04695550 0.00124575 0.00029142
v 0.04699374 0.00124529 0.00024969
v -0.04721847 0.00152092 0.06584349
v -0.04721498 0.00215590 0.06583968
v -0.04552957 0.00215590 0.06738408
v -0.04178420 0.00215590 0.07081608
v -0.03803883 0.00215590 0.07424808
v -0.03429346 0.00215590 0.07768008
v -0.03486009 0.00172195 0.00476613
v -0.03296822 0.00171094 0.00466266
v -0.02707248 0.00167663 0.00434021
v -0.02443891 0.00166130 0.00419617
v -0.01913181 0.00163041 0.00390591
v -0.01665131 0.00161597 0.00377025
v -0.01043972 0.00157982 0.00343052
v 0.00863940 0.00146877 0.00238703
v -0.00943378 0.00157396 0.00337550
v 0.01049228 0.00145798 0.00228569
v 0.01642700 0.00142344 0.00196111
v 0.01906057 0.00140811 0.00181707
v 0.02432868 0.00137745 0.00152894
v 0.02684817 0.00136278 0.00139115
v 0.03302078 0.00132686 0.00105355
v 0.03417801 0.00132012 0.00099026
v -0.02624455 0.00186272 0.03614448
v -0.02732574 0.00186272 0.03515374
v -0.02741377 0.00184775 0.03257546
v -0.04109366 0.00205011 0.05380110
v -0.03839804 0.00196390 0.04188833
v -0.03947923 0.00196390 0.04089760
v -0.03956726 0.00194893 0.03831931
v -0.04246747 0.00179715 0.01034105
v -0.03166277 0.00171859 0.00713502
v -0.03398713 0.00174656 0.00967162
v -0.03646850 0.00174656 0.00739786
v -0.01039220 0.00159479 0.00597168
v -0.00264777 0.00154971 0.00554811
v 0.00584804 0.00150857 0.00647026
v 0.00444947 0.00151890 0.00691121
v 0.01185973 0.00146527 0.00475466
v 0.00950538 0.00149360 0.00732398
v 0.00699200 0.00149360 0.00502089
v 0.02540424 0.00139242 0.00501213
v 0.02437619 0.00139242 0.00407010
v 0.03362097 0.00133861 0.00356448
v 0.03701100 0.00132686 0.00470991
v 0.03420551 0.00136712 0.00885689
v 0.03452289 0.00135680 0.00742522
v 0.03344169 0.00135680 0.00643449
v 0.03204313 0.00136712 0.00687543
v 0.02914960 0.00139242 0.00844412
v 0.03172575 0.00137745 0.00830711
v 0.03280694 0.00137745 0.00929784
v 0.02906157 0.00137745 0.00586584
v 0.03046014 0.00136712 0.00542489
v 0.01911348 0.00142305 0.00435793
v 0.01745481 0.00144301 0.00616806
v 0.01568409 0.00144301 0.00454550
v 0.02003096 0.00142804 0.00603104
v 0.02111215 0.00142804 0.00702177
v 0.02120017 0.00144301 0.00960006
v 0.02251071 0.00141772 0.00658082
v 0.01208152 0.00147863 0.00718696
v 0.01316272 0.00147863 0.00817770
v 0.01325075 0.00149360 0.01075598
v 0.01456129 0.00146831 0.00773675
v 0.01487866 0.00145798 0.00630507
v 0.01379747 0.00145798 0.00531434
v 0.01239890 0.00146831 0.00575528
v 0.00413210 0.00152922 0.00834289
v 0.00530132 0.00154420 0.01191191
v 0.00521329 0.00152922 0.00933362
v 0.00661186 0.00151890 0.00889268
v 0.00692924 0.00150857 0.00746100
v 0.00272517 0.00155917 0.01204893
v 0.00240780 0.00156949 0.01348060
v 0.00109726 0.00159479 0.01649983
v 0.00100923 0.00157982 0.01392155
v -0.00170011 0.00154420 0.00549628
v 0.00164398 0.00155917 0.01105819
v -0.00349996 0.00156949 0.00806714
v -0.00381733 0.00157982 0.00949882
v -0.00639348 0.00159479 0.00963583
v -0.00007196 0.00157982 0.01293082
v -0.00273614 0.00157982 0.01048955
v 0.00024541 0.00156949 0.01149914
v -0.00133757 0.00156949 0.01004860
v -0.00102020 0.00155917 0.00861693
v -0.00210139 0.00155917 0.00762619
v -0.00648151 0.00157982 0.00705755
v -0.01303237 0.00162008 0.00777253
v -0.01908431 0.00164538 0.00644707
v -0.01808828 0.00164538 0.00735977
v -0.01434291 0.00164538 0.01079176
v -0.01443093 0.00163041 0.00821348
v -0.01013885 0.00159479 0.00620384
v -0.02440902 0.00167637 0.00673829
v -0.02518585 0.00172127 0.01351638
v -0.02486848 0.00171094 0.01208471
v -0.02594967 0.00171094 0.01109398
v -0.02734824 0.00172127 0.01153492
v -0.03024176 0.00174656 0.01310362
v -0.02766561 0.00173159 0.01296660
v -0.02658442 0.00173159 0.01395733
v -0.02649639 0.00174656 0.01653561
v -0.02098179 0.00167068 0.00892846
v -0.02238036 0.00168100 0.00936940
v -0.02346155 0.00168100 0.00837867
v -0.02969504 0.00171094 0.00766198
v -0.03109361 0.00172127 0.00810292
v -0.03141098 0.00173159 0.00953460
v -0.03032979 0.00173159 0.01052533
v -0.02893122 0.00172127 0.01008438
v -0.02861385 0.00171094 0.00865271
v -0.03936041 0.00178218 0.01069053
v -0.03827922 0.00178218 0.01168126
v -0.03819119 0.00179715 0.01425954
v -0.03688065 0.00177186 0.01124031
v -0.03656328 0.00176153 0.00980864
v -0.03764447 0.00176153 0.00881790
v -0.03904304 0.00177186 0.00925885
v -0.04220514 0.00184546 0.01864000
v -0.04076733 0.00181213 0.01439656
v -0.03981910 0.00183277 0.01871045
v -0.03873791 0.00183277 0.01970118
v -0.03864988 0.00184775 0.02227947
v -0.03733934 0.00182245 0.01926024
v -0.03444582 0.00179715 0.01769154
v -0.03702196 0.00181213 0.01782856
v -0.03810316 0.00181213 0.01683783
v -0.03950173 0.00182245 0.01727877
v -0.04219271 0.00184775 0.01903306
v -0.04197537 0.00188777 0.02590860
v -0.04027779 0.00188337 0.02673037
v -0.03919660 0.00188337 0.02772110
v -0.03910857 0.00189834 0.03029939
v -0.03779803 0.00187304 0.02728016
v -0.03490451 0.00184775 0.02571146
v -0.03748065 0.00186272 0.02584848
v -0.03856185 0.00186272 0.02485775
v -0.03996042 0.00187304 0.02529869
v -0.04191795 0.00189834 0.02772507
v -0.04073648 0.00193396 0.03475030
v -0.03965529 0.00193396 0.03574103
v -0.03902054 0.00191331 0.03287767
v -0.04174560 0.00193007 0.03317720
v -0.03793934 0.00191331 0.03386841
v -0.03536320 0.00189834 0.03373139
v -0.03825672 0.00192363 0.03530008
v -0.04041911 0.00192363 0.03331862
v -0.04164318 0.00194893 0.03641708
v -0.04151583 0.00197238 0.04044581
v -0.04119517 0.00198455 0.04277022
v -0.04011398 0.00198455 0.04376095
v -0.04002595 0.00199952 0.04633924
v -0.03871541 0.00197423 0.04332001
v -0.04087780 0.00197423 0.04133854
v -0.04136842 0.00199952 0.04510909
v -0.04128607 0.00201469 0.04771441
v -0.03511136 0.00201449 0.05334025
v -0.03253521 0.00199952 0.05320323
v -0.03542873 0.00202482 0.05477193
v -0.03673927 0.00205011 0.05779116
v -0.03682730 0.00203514 0.05521288
v -0.03790849 0.00203514 0.05422214
v -0.03931541 0.00206509 0.05792818
v -0.03963279 0.00207541 0.05935985
v -0.04383685 0.00212600 0.06394778
v -0.03759112 0.00202482 0.05279046
v -0.03917410 0.00202482 0.05133993
v -0.03619255 0.00201449 0.05234952
v -0.03885673 0.00201449 0.04990825
v -0.03313528 0.00177186 0.01467231
v -0.03281791 0.00176153 0.01324064
v -0.03389910 0.00176153 0.01224990
v -0.03529767 0.00177186 0.01269084
v -0.03561504 0.00178218 0.01412252
v -0.03453385 0.00178218 0.01511326
v -0.03359397 0.00182245 0.02269223
v -0.03070045 0.00179715 0.02112354
v -0.03327659 0.00181213 0.02126056
v -0.03435779 0.00181213 0.02026982
v -0.03575636 0.00182245 0.02071077
v -0.03607373 0.00183277 0.02214245
v -0.03499254 0.00183277 0.02313318
v -0.02938991 0.00177186 0.01810431
v -0.02907254 0.00176153 0.01667263
v -0.03015373 0.00176153 0.01568190
v -0.03155230 0.00177186 0.01612284
v -0.03186967 0.00178218 0.01755452
v -0.03078848 0.00178218 0.01854525
v -0.03405266 0.00187304 0.03071216
v -0.03115914 0.00184775 0.02914346
v -0.03373529 0.00186272 0.02928048
v -0.03481648 0.00186272 0.02828975
v -0.03621505 0.00187304 0.02873069
v -0.03653242 0.00188337 0.03016237
v -0.03545123 0.00188337 0.03115310
v -0.02984860 0.00182245 0.02612423
v -0.02695508 0.00179715 0.02455554
v -0.02953123 0.00181213 0.02469255
v -0.03061242 0.00181213 0.02370182
v -0.03201099 0.00182245 0.02414277
v -0.03232836 0.00183277 0.02557445
v -0.03124717 0.00183277 0.02656518
v -0.02564454 0.00177186 0.02153631
v -0.02275102 0.00174656 0.01996761
v -0.02532717 0.00176153 0.02010463
v -0.02640836 0.00176153 0.01911390
v -0.02780693 0.00177186 0.01955484
v -0.02812430 0.00178218 0.02098652
v -0.02704311 0.00178218 0.02197725
v -0.02112311 0.00171094 0.01551671
v -0.02144048 0.00172127 0.01694838
v -0.02283905 0.00173159 0.01738933
v -0.02220430 0.00171094 0.01452597
v -0.01971619 0.00168100 0.01181067
v -0.01863499 0.00168100 0.01280140
v -0.01723643 0.00167068 0.01236046
v -0.01691905 0.00166035 0.01092878
v -0.01800025 0.00166035 0.00993805
v -0.01939882 0.00167068 0.01037899
v -0.02392024 0.00173159 0.01639860
v -0.02360287 0.00172127 0.01496692
v -0.03667374 0.00192363 0.03675062
v -0.03699111 0.00193396 0.03818229
v -0.03582189 0.00194893 0.04175131
v -0.03590992 0.00193396 0.03917303
v -0.03451135 0.00192363 0.03873208
v -0.03161783 0.00189834 0.03716339
v -0.03419398 0.00191331 0.03730040
v -0.03527517 0.00191331 0.03630967
v -0.03030729 0.00187304 0.03414416
v -0.02998992 0.00186272 0.03271248
v -0.03170586 0.00188337 0.03458510
v -0.03278705 0.00188337 0.03359437
v -0.03246968 0.00187304 0.03216269
v -0.03107111 0.00186272 0.03172175
v -0.02610323 0.00182245 0.02955623
v -0.02578586 0.00181213 0.02812455
v -0.02320971 0.00179715 0.02798754
v -0.02686705 0.00181213 0.02713382
v -0.02826562 0.00182245 0.02757477
v -0.02858299 0.00183277 0.02900644
v -0.02750180 0.00183277 0.02999718
v -0.02189917 0.00177186 0.02496831
v -0.01900565 0.00174656 0.02339961
v -0.02158180 0.00176153 0.02353663
v -0.02266299 0.00176153 0.02254590
v -0.02406156 0.00177186 0.02298684
v -0.02437894 0.00178218 0.02441852
v -0.02329774 0.00178218 0.02540925
v -0.01737774 0.00171094 0.01894870
v -0.01059754 0.00164538 0.01422376
v -0.01769511 0.00172127 0.02038038
v -0.01909368 0.00173159 0.02082132
v -0.01845894 0.00171094 0.01795797
v -0.01597082 0.00168100 0.01524267
v -0.01488962 0.00168100 0.01623340
v -0.01349105 0.00167068 0.01579246
v -0.01317368 0.00166035 0.01436078
v -0.01425488 0.00166035 0.01337005
v -0.01565344 0.00167068 0.01381099
v -0.02017488 0.00173159 0.01983059
v -0.01985750 0.00172127 0.01839892
v -0.00928700 0.00162008 0.01120453
v -0.00896962 0.00160976 0.00977285
v -0.01005081 0.00160976 0.00878212
v -0.01144939 0.00162008 0.00922307
v -0.01176676 0.00163041 0.01065474
v -0.01068556 0.00163041 0.01164547
v -0.03573386 0.00196390 0.04432960
v -0.03713243 0.00197423 0.04477054
v -0.03122467 0.00197423 0.05018400
v -0.02833115 0.00194893 0.04861531
v -0.03090730 0.00196390 0.04875233
v -0.03744980 0.00198455 0.04620222
v -0.03636861 0.00198455 0.04719295
v -0.03465267 0.00196390 0.04532033
v -0.03198849 0.00196390 0.04776159
v -0.03497004 0.00197423 0.04675201
v -0.03338706 0.00197423 0.04820254
v -0.03370443 0.00198455 0.04963422
v -0.03262324 0.00198455 0.05062495
v -0.03044861 0.00191331 0.04073240
v -0.03152980 0.00191331 0.03974167
v -0.03292837 0.00192363 0.04018262
v -0.03324574 0.00193396 0.04161429
v -0.03216455 0.00193396 0.04260502
v -0.02950038 0.00193396 0.04504629
v -0.02918300 0.00192363 0.04361461
v -0.02778443 0.00191331 0.04317367
v -0.02841918 0.00193396 0.04603702
v -0.02702061 0.00192363 0.04559608
v -0.02412709 0.00189834 0.04402738
v -0.02670324 0.00191331 0.04416440
v -0.02872431 0.00187304 0.03559469
v -0.02358037 0.00186272 0.03858574
v -0.02497894 0.00187304 0.03902669
v -0.02796049 0.00188337 0.03801710
v -0.02904168 0.00188337 0.03702637
v -0.02529632 0.00188337 0.04045837
v -0.03076598 0.00192363 0.04216408
v -0.02421512 0.00188337 0.04144910
v -0.02281655 0.00187304 0.04100815
v -0.01992304 0.00184775 0.03943946
v -0.02249918 0.00186272 0.03957648
v -0.02452025 0.00182245 0.03100676
v -0.02483763 0.00183277 0.03243844
v -0.02656192 0.00187304 0.03757616
v -0.02375643 0.00183277 0.03342917
v -0.02312168 0.00181213 0.03056582
v -0.01829512 0.00181213 0.03498855
v -0.01571898 0.00179715 0.03485153
v -0.01861249 0.00182245 0.03642023
v -0.02204049 0.00181213 0.03155655
v -0.01937631 0.00181213 0.03399782
v -0.02235786 0.00182245 0.03298823
v -0.02077488 0.00182245 0.03443876
v -0.02109226 0.00183277 0.03587044
v -0.02001106 0.00183277 0.03686117
v -0.01783643 0.00176153 0.02696863
v -0.01891763 0.00176153 0.02597790
v -0.02031619 0.00177186 0.02641884
v -0.02063357 0.00178218 0.02785052
v -0.01955237 0.00178218 0.02884125
v -0.01688820 0.00178218 0.03128251
v -0.01580700 0.00178218 0.03227325
v -0.01440843 0.00177186 0.03183230
v -0.01151492 0.00174656 0.03026361
v -0.01409106 0.00176153 0.03040063
v -0.01517226 0.00176153 0.02940989
v -0.01657082 0.00177186 0.02985084
v -0.00600032 0.00167068 0.02265645
v -0.00568294 0.00166035 0.02122478
v -0.00310680 0.00164538 0.02108776
v -0.01815380 0.00177186 0.02840030
v -0.01534831 0.00173159 0.02425332
v -0.01642951 0.00173159 0.02326259
v -0.00974569 0.00167068 0.01922446
v -0.00942831 0.00166035 0.01779278
v -0.01096820 0.00171094 0.02482197
v -0.01020437 0.00172127 0.02724438
v -0.00988700 0.00171094 0.02581270
v -0.01050951 0.00166035 0.01680205
v -0.01190808 0.00167068 0.01724299
v -0.01114425 0.00168100 0.01966540
v -0.01363237 0.00171094 0.02238070
v -0.01222545 0.00168100 0.01867467
v -0.01471357 0.00171094 0.02138997
v -0.00676414 0.00166035 0.02023404
v -0.00816271 0.00167068 0.02067499
v -0.01611213 0.00172127 0.02183091
v -0.01394974 0.00172127 0.02381238
v -0.01236676 0.00172127 0.02526291
v -0.01268414 0.00173159 0.02669459
v -0.01160294 0.00173159 0.02768532
v -0.00848008 0.00168100 0.02210666
v -0.00739888 0.00168100 0.02309740
v -0.00770402 0.00162008 0.01265507
v -0.00802139 0.00163041 0.01408674
v -0.00147888 0.00160976 0.01663685
v -0.00179626 0.00162008 0.01806853
v -0.00256008 0.00160976 0.01564612
v -0.00694020 0.00163041 0.01507747
v -0.00630545 0.00160976 0.01221412
v -0.00522425 0.00160976 0.01320485
v -0.00554163 0.00162008 0.01463653
v -0.00395865 0.00162008 0.01608706
v -0.00427602 0.00163041 0.01751874
v -0.00319482 0.00163041 0.01850947
v -0.03665124 0.00206509 0.06036944
v -0.03804981 0.00207541 0.06081039
v -0.03557004 0.00206509 0.06136018
v -0.03299390 0.00205011 0.06122316
v -0.03588742 0.00207541 0.06279185
v -0.03728599 0.00208573 0.06323280
v -0.04009148 0.00212600 0.06737978
v -0.03836718 0.00208573 0.06224206
v -0.03977410 0.00211568 0.06594810
v -0.04085530 0.00211568 0.06495737
v -0.04225387 0.00212600 0.06539831
v -0.04257124 0.00213633 0.06682999
v -0.04149005 0.00213633 0.06782072
v -0.03168336 0.00202482 0.05820393
v -0.02878984 0.00199952 0.05663523
v -0.03136599 0.00201449 0.05677225
v -0.03244718 0.00201449 0.05578152
v -0.03384575 0.00202482 0.05622246
v -0.03416312 0.00203514 0.05765414
v -0.03308193 0.00203514 0.05864487
v -0.02747930 0.00197423 0.05361600
v -0.02458578 0.00194893 0.05204731
v -0.02716193 0.00196390 0.05218433
v -0.02824312 0.00196390 0.05119359
v -0.02964169 0.00197423 0.05163454
v -0.02995907 0.00198455 0.05306621
v -0.02887787 0.00198455 0.05405695
v -0.02467381 0.00193396 0.04946902
v -0.02575501 0.00193396 0.04847829
v -0.02543763 0.00192363 0.04704661
v -0.02403906 0.00191331 0.04660567
v -0.02295787 0.00191331 0.04759640
v -0.02038172 0.00189834 0.04745938
v -0.02327524 0.00192363 0.04902808
v -0.01907118 0.00187304 0.04444015
v -0.01617766 0.00184775 0.04287146
v -0.01875381 0.00186272 0.04300847
v -0.01983500 0.00186272 0.04201774
v -0.02123357 0.00187304 0.04245869
v -0.02155095 0.00188337 0.04389036
v -0.02046975 0.00188337 0.04488110
v -0.01486712 0.00182245 0.03985223
v -0.01197360 0.00179715 0.03828353
v -0.01454975 0.00181213 0.03842055
v -0.01563095 0.00181213 0.03742981
v -0.01702951 0.00182245 0.03787076
v -0.01734689 0.00183277 0.03930244
v -0.01626569 0.00183277 0.04029317
v -0.01066306 0.00177186 0.03526430
v -0.00776955 0.00174656 0.03369561
v -0.01034569 0.00176153 0.03383263
v -0.01142689 0.00176153 0.03284189
v -0.01282545 0.00177186 0.03328284
v -0.01314283 0.00178218 0.03471451
v -0.01206163 0.00178218 0.03570525
v -0.00614163 0.00171094 0.02924470
v 0.00063857 0.00164538 0.02451976
v -0.00645901 0.00172127 0.03067637
v -0.00785757 0.00173159 0.03111732
v -0.00722283 0.00171094 0.02825397
v -0.00473471 0.00168100 0.02553866
v -0.00365351 0.00168100 0.02652940
v -0.00225495 0.00167068 0.02608845
v -0.00193757 0.00166035 0.02465678
v -0.00301877 0.00166035 0.02366604
v -0.00441734 0.00167068 0.02410699
v -0.00893877 0.00173159 0.03012659
v -0.00862140 0.00172127 0.02869491
v 0.00194911 0.00162008 0.02150053
v 0.00226649 0.00160976 0.02006885
v 0.00484263 0.00159479 0.01993183
v 0.00118529 0.00160976 0.01907811
v -0.00021328 0.00162008 0.01951906
v -0.00053065 0.00163041 0.02095074
v 0.00055054 0.00163041 0.02194147
v 0.00615317 0.00156949 0.01691260
v 0.00904669 0.00154420 0.01534391
v 0.00647054 0.00155917 0.01548092
v 0.00538935 0.00155917 0.01449019
v 0.00399078 0.00156949 0.01493113
v 0.00367340 0.00157982 0.01636281
v 0.00475460 0.00157982 0.01735355
v 0.01035723 0.00151890 0.01232468
v 0.01067461 0.00150857 0.01089300
v 0.00959341 0.00150857 0.00990226
v 0.00819484 0.00151890 0.01034321
v 0.00787747 0.00152922 0.01177489
v 0.00895866 0.00152922 0.01276562
v -0.03290587 0.00206509 0.06380144
v -0.03430444 0.00207541 0.06424239
v -0.03182468 0.00206509 0.06479217
v -0.02924853 0.00205011 0.06465516
v -0.03214205 0.00207541 0.06622385
v -0.03354062 0.00208573 0.06666480
v -0.03634611 0.00212600 0.07081178
v -0.03462181 0.00208573 0.06567407
v -0.03602874 0.00211568 0.06938010
v -0.03710993 0.00211568 0.06838937
v -0.03850850 0.00212600 0.06883031
v -0.03882587 0.00213633 0.07026199
v -0.03774468 0.00213633 0.07125272
v -0.02793799 0.00202482 0.06163593
v -0.02504447 0.00199952 0.06006723
v -0.02762062 0.00201449 0.06020425
v -0.02870181 0.00201449 0.05921352
v -0.03010038 0.00202482 0.05965446
v -0.03041775 0.00203514 0.06108614
v -0.02933656 0.00203514 0.06207687
v -0.02084041 0.00194893 0.05547930
v -0.02373393 0.00197423 0.05704800
v -0.02341656 0.00196390 0.05561632
v -0.02449775 0.00196390 0.05462559
v -0.02589632 0.00197423 0.05506654
v -0.02621369 0.00198455 0.05649821
v -0.02513250 0.00198455 0.05748895
v -0.02169226 0.00192363 0.05047861
v -0.02200964 0.00193396 0.05191029
v -0.02092844 0.00193396 0.05290102
v -0.01952987 0.00192363 0.05246008
v -0.01663635 0.00189834 0.05089138
v -0.01921250 0.00191331 0.05102840
v -0.02029369 0.00191331 0.05003767
v -0.01532581 0.00187304 0.04787215
v -0.01243230 0.00184775 0.04630346
v -0.01500844 0.00186272 0.04644047
v -0.01608963 0.00186272 0.04544974
v -0.01748820 0.00187304 0.04589069
v -0.01780558 0.00188337 0.04732236
v -0.01672438 0.00188337 0.04831310
v -0.01112176 0.00182245 0.04328422
v -0.00822824 0.00179715 0.04171553
v -0.01080438 0.00181213 0.04185255
v -0.01188557 0.00181213 0.04086182
v -0.01328414 0.00182245 0.04130276
v -0.01360152 0.00183277 0.04273444
v -0.01252032 0.00183277 0.04372517
v -0.00691770 0.00177186 0.03869630
v -0.00402418 0.00174656 0.03712760
v -0.00660032 0.00176153 0.03726462
v -0.00768152 0.00176153 0.03627389
v -0.00908008 0.00177186 0.03671484
v -0.00939746 0.00178218 0.03814651
v -0.00831626 0.00178218 0.03913724
v 0.00180779 0.00166035 0.02808877
v 0.00072660 0.00166035 0.02709804
v -0.00067197 0.00167068 0.02753899
v 0.00009185 0.00168100 0.02996139
v -0.00239627 0.00171094 0.03267670
v -0.00098934 0.00168100 0.02897066
v -0.00347746 0.00171094 0.03168597
v 0.00149042 0.00167068 0.02952045
v 0.00438394 0.00164538 0.02795176
v -0.00271364 0.00172127 0.03410837
v -0.00411221 0.00173159 0.03454932
v -0.00519340 0.00173159 0.03355859
v -0.00487602 0.00172127 0.03212691
v 0.00353209 0.00162008 0.02295106
v 0.00321472 0.00163041 0.02438274
v 0.00429591 0.00163041 0.02537347
v 0.00569448 0.00162008 0.02493252
v 0.00858800 0.00159479 0.02336383
v 0.00601186 0.00160976 0.02350084
v 0.00493066 0.00160976 0.02251011
v 0.01279206 0.00154420 0.01877591
v 0.00989854 0.00156949 0.02034460
v 0.01021591 0.00155917 0.01891292
v 0.00913472 0.00155917 0.01792219
v 0.00773615 0.00156949 0.01836313
v 0.00741878 0.00157982 0.01979481
v 0.00849997 0.00157982 0.02078555
v 0.01194021 0.00151890 0.01377521
v 0.01162284 0.00152922 0.01520689
v 0.01270403 0.00152922 0.01619762
v 0.01410260 0.00151890 0.01575667
v 0.01699612 0.00149360 0.01418798
v 0.01441997 0.00150857 0.01432499
v 0.01333878 0.00150857 0.01333426
v 0.01830666 0.00146831 0.01116875
v 0.01862403 0.00145798 0.00973707
v 0.01754284 0.00145798 0.00874634
v 0.01614427 0.00146831 0.00918728
v 0.01582689 0.00147863 0.01061896
v 0.01690809 0.00147863 0.01160969
v -0.02916050 0.00206509 0.06723344
v -0.03055907 0.00207541 0.06767439
v -0.02807931 0.00206509 0.06822417
v -0.02550316 0.00205011 0.06808715
v -0.02839668 0.00207541 0.06965585
v -0.02979525 0.00208573 0.07009679
v -0.03260074 0.00212600 0.07424377
v -0.03087644 0.00208573 0.06910606
v -0.03228337 0.00211568 0.07281210
v -0.03336456 0.00211568 0.07182137
v -0.03476313 0.00212600 0.07226231
v -0.03508050 0.00213633 0.07369399
v -0.03399931 0.00213633 0.07468472
v -0.02419262 0.00202482 0.06506792
v -0.02129910 0.00199952 0.06349923
v -0.02387525 0.00201449 0.06363625
v -0.02495644 0.00201449 0.06264552
v -0.02635501 0.00202482 0.06308646
v -0.02667238 0.00203514 0.06451814
v -0.02559119 0.00203514 0.06550887
v -0.01998856 0.00197423 0.06048000
v -0.01709504 0.00194893 0.05891130
v -0.01967119 0.00196390 0.05904832
v -0.02075238 0.00196390 0.05805759
v -0.02215095 0.00197423 0.05849854
v -0.02246833 0.00198455 0.05993021
v -0.02138713 0.00198455 0.06092094
v -0.01718307 0.00193396 0.05633302
v -0.01826427 0.00193396 0.05534229
v -0.01794689 0.00192363 0.05391061
v -0.01654832 0.00191331 0.05346966
v -0.01546713 0.00191331 0.05446040
v -0.01289099 0.00189834 0.05432338
v -0.01578451 0.00192363 0.05589207
v -0.01158045 0.00187304 0.05130415
v -0.00868693 0.00184775 0.04973545
v -0.01126307 0.00186272 0.04987247
v -0.01234426 0.00186272 0.04888174
v -0.01374283 0.00187304 0.04932268
v -0.01406021 0.00188337 0.05075436
v -0.01297901 0.00188337 0.05174509
v -0.00737639 0.00182245 0.04671622
v -0.00448287 0.00179715 0.04514753
v -0.00705901 0.00181213 0.04528454
v -0.00814021 0.00181213 0.04429381
v -0.00953877 0.00182245 0.04473476
v -0.00985615 0.00183277 0.04616644
v -0.00877496 0.00183277 0.04715717
v -0.00317233 0.00177186 0.04212830
v -0.00027881 0.00174656 0.04055960
v -0.00285496 0.00176153 0.04069662
v -0.00393615 0.00176153 0.03970589
v -0.00533471 0.00177186 0.04014683
v -0.00565209 0.00178218 0.04157851
v -0.00457090 0.00178218 0.04256924
v 0.00134910 0.00171094 0.03610870
v 0.00812931 0.00164538 0.03138375
v 0.00103173 0.00172127 0.03754037
v -0.00036684 0.00173159 0.03798132
v 0.00026791 0.00171094 0.03511797
v 0.00275603 0.00168100 0.03240266
v 0.00383722 0.00168100 0.03339339
v 0.00523579 0.00167068 0.03295245
v 0.00555316 0.00166035 0.03152077
v 0.00447197 0.00166035 0.03053004
v 0.00307340 0.00167068 0.03097099
v -0.00144803 0.00173159 0.03699059
v -0.00113066 0.00172127 0.03555891
v 0.00943985 0.00162008 0.02836452
v 0.00975722 0.00160976 0.02693284
v 0.01233337 0.00159479 0.02679583
v 0.00867603 0.00160976 0.02594211
v 0.00727746 0.00162008 0.02638306
v 0.00696009 0.00163041 0.02781473
v 0.00804128 0.00163041 0.02880547
v 0.01364391 0.00156949 0.02377659
v 0.01653742 0.00154420 0.02220790
v 0.01396128 0.00155917 0.02234492
v 0.01288009 0.00155917 0.02135419
v 0.01148152 0.00156949 0.02179513
v 0.01116414 0.00157982 0.02322681
v 0.01224534 0.00157982 0.02421754
v 0.01816534 0.00150857 0.01775699
v 0.01708415 0.00150857 0.01676626
v 0.01568558 0.00151890 0.01720721
v 0.01536821 0.00152922 0.01863888
v 0.01644940 0.00152922 0.01962962
v 0.01988964 0.00146831 0.01261928
v 0.01957226 0.00147863 0.01405096
v 0.02074149 0.00149360 0.01761998
v 0.01784797 0.00151890 0.01918867
v 0.02065346 0.00147863 0.01504169
v 0.02205203 0.00146831 0.01460074
v 0.02494554 0.00144301 0.01303205
v 0.02236940 0.00145798 0.01316907
v 0.02128821 0.00145798 0.01217834
v 0.02625608 0.00141772 0.01001282
v 0.02657346 0.00140739 0.00858114
v 0.02549227 0.00140739 0.00759041
v 0.02409370 0.00141772 0.00803136
v 0.02377632 0.00142804 0.00946303
v 0.02485752 0.00142804 0.01045376
v -0.02541513 0.00206509 0.07066544
v -0.02681370 0.00207541 0.07110638
v -0.02433394 0.00206509 0.07165617
v -0.02465131 0.00207541 0.07308785
v -0.02604988 0.00208573 0.07352879
v -0.02885537 0.00212600 0.07767577
v -0.02713108 0.00208573 0.07253806
v -0.02853800 0.00211568 0.07624410
v -0.02961919 0.00211568 0.07525336
v -0.03101776 0.00212600 0.07569431
v -0.03133513 0.00213633 0.07712599
v -0.03025394 0.00213633 0.07811672
v -0.02044725 0.00202482 0.06849992
v -0.02012988 0.00201449 0.06706825
v -0.02121107 0.00201449 0.06607751
v -0.02260964 0.00202482 0.06651846
v -0.02292702 0.00203514 0.06795014
v -0.02184582 0.00203514 0.06894087
v -0.01624320 0.00197423 0.06391200
v -0.01592582 0.00196390 0.06248032
v -0.01700702 0.00196390 0.06148959
v -0.01840558 0.00197423 0.06193053
v -0.01872296 0.00198455 0.06336221
v -0.01764176 0.00198455 0.06435294
v -0.01420152 0.00192363 0.05734261
v -0.01451890 0.00193396 0.05877428
v -0.01343770 0.00193396 0.05976502
v -0.01203914 0.00192363 0.05932407
v -0.01172176 0.00191331 0.05789239
v -0.01280296 0.00191331 0.05690166
v -0.00783508 0.00187304 0.05473615
v -0.00751770 0.00186272 0.05330447
v -0.00859890 0.00186272 0.05231374
v -0.00999746 0.00187304 0.05275468
v -0.01031484 0.00188337 0.05418636
v -0.00923365 0.00188337 0.05517709
v -0.00363102 0.00182245 0.05014822
v -0.00331364 0.00181213 0.04871654
v -0.00439484 0.00181213 0.04772581
v -0.00579341 0.00182245 0.04816676
v -0.00611078 0.00183277 0.04959843
v -0.00502959 0.00183277 0.05058917
v 0.00057304 0.00177186 0.04556029
v 0.00089041 0.00176153 0.04412862
v -0.00019078 0.00176153 0.04313789
v -0.00158935 0.00177186 0.04357883
v -0.00190672 0.00178218 0.04501051
v -0.00082553 0.00178218 0.04600124
v 0.00929853 0.00166035 0.03495277
v 0.00821734 0.00166035 0.03396204
v 0.00681877 0.00167068 0.03440298
v 0.00758259 0.00168100 0.03682539
v 0.00509447 0.00171094 0.03954069
v 0.00650140 0.00168100 0.03583466
v 0.00401328 0.00171094 0.03854996
v 0.00898116 0.00167068 0.03638445
v 0.00477710 0.00172127 0.04097237
v 0.00337853 0.00173159 0.04141331
v 0.00229734 0.00173159 0.04042258
v 0.00261471 0.00172127 0.03899091
v 0.01102283 0.00162008 0.02981506
v 0.01070546 0.00163041 0.03124673
v 0.01178665 0.00163041 0.03223746
v 0.01318522 0.00162008 0.03179652
v 0.01350259 0.00160976 0.03036484
v 0.01242140 0.00160976 0.02937411
v 0.01738928 0.00156949 0.02720859
v 0.01770665 0.00155917 0.02577692
v 0.01662546 0.00155917 0.02478619
v 0.01522689 0.00156949 0.02522713
v 0.01490951 0.00157982 0.02665881
v 0.01599071 0.00157982 0.02764954
v 0.01943095 0.00151890 0.02063921
v 0.01911357 0.00152922 0.02207088
v 0.02019477 0.00152922 0.02306161
v 0.02159333 0.00151890 0.02262067
v 0.02191071 0.00150857 0.02118899
v 0.02082952 0.00150857 0.02019826
v 0.02579740 0.00146831 0.01803274
v 0.02611477 0.00145798 0.01660107
v 0.02503357 0.00145798 0.01561034
v 0.02363501 0.00146831 0.01605128
v 0.02331763 0.00147863 0.01748296
v 0.02439882 0.00147863 0.01847369
v 0.02783906 0.00141772 0.01146336
v 0.02752169 0.00142804 0.01289503
v 0.02860289 0.00142804 0.01388576
v 0.03000145 0.00141772 0.01344482
v 0.03031883 0.00140739 0.01201314
v 0.02923764 0.00140739 0.01102241
v -0.04027082 0.00315333 0.02672276
v -0.03995344 0.00314300 0.02529108
v -0.03855487 0.00313268 0.02485014
v -0.03747368 0.00313268 0.02584087
v -0.03779105 0.00314300 0.02727255
v -0.03918962 0.00315333 0.02771349
v 0.03467118 0.00258649 0.00082936
v 0.03418498 0.00259008 0.00098265
v 0.03302776 0.00259682 0.00104594
v -0.03744283 0.00325451 0.04619461
v -0.03712545 0.00324418 0.04476293
v -0.03572689 0.00323386 0.04432198
v -0.03464569 0.00323386 0.04531272
v -0.03496306 0.00324418 0.04674439
v -0.03636163 0.00325451 0.04718534
v -0.03369746 0.00325451 0.04962660
v -0.03338008 0.00324418 0.04819493
v -0.03198152 0.00323386 0.04775398
v -0.03090032 0.00323386 0.04874472
v -0.03121769 0.00324418 0.05017639
v -0.03261626 0.00325451 0.05061734
v -0.02995209 0.00325451 0.05305860
v -0.02963472 0.00324418 0.05162692
v -0.02823615 0.00323386 0.05118598
v -0.02715495 0.00323386 0.05217671
v -0.02747233 0.00324418 0.05360839
v -0.02887089 0.00325451 0.05404934
v -0.02620672 0.00325451 0.05649060
v -0.02588934 0.00324418 0.05505893
v -0.02449078 0.00323386 0.05461798
v -0.02340958 0.00323386 0.05560871
v -0.02372696 0.00324418 0.05704039
v -0.02512553 0.00325451 0.05748133
v -0.01779860 0.00315333 0.04731475
v -0.01748123 0.00314300 0.04588308
v -0.01608266 0.00313268 0.04544213
v -0.01500147 0.00313268 0.04643286
v -0.01531884 0.00314300 0.04786454
v -0.01671741 0.00315333 0.04830548
v -0.01313586 0.00305214 0.03470690
v -0.01281848 0.00304182 0.03327522
v -0.01141991 0.00303149 0.03283428
v -0.01033872 0.00303149 0.03382501
v -0.01065609 0.00304182 0.03525669
v -0.01205466 0.00305214 0.03569764
v -0.00939048 0.00305214 0.03813890
v -0.00907311 0.00304182 0.03670722
v -0.00767454 0.00303149 0.03626628
v -0.00659335 0.00303149 0.03725701
v -0.00691072 0.00304182 0.03868869
v -0.00830929 0.00305214 0.03912963
v 0.00742575 0.00284977 0.01978720
v 0.00774312 0.00283945 0.01835553
v 0.00914169 0.00282912 0.01791458
v 0.01022289 0.00282912 0.01890531
v 0.00990551 0.00283945 0.02033699
v 0.00850695 0.00284977 0.02077793
v 0.00368038 0.00284977 0.01635520
v 0.00399775 0.00283945 0.01492353
v 0.00539632 0.00282912 0.01448258
v 0.00647752 0.00282912 0.01547331
v 0.00616014 0.00283945 0.01690499
v 0.00476158 0.00284977 0.01734593
v -0.02246135 0.00325451 0.05992260
v -0.02214398 0.00324418 0.05849092
v -0.02074541 0.00323386 0.05804998
v -0.01966422 0.00323386 0.05904071
v -0.01998159 0.00324418 0.06047239
v -0.02138016 0.00325451 0.06091333
v 0.01643397 0.00269340 0.00195350
v 0.01908969 0.00267735 0.00170954
v 0.01906754 0.00267807 0.00180946
v -0.02154397 0.00315333 0.04388275
v -0.02122660 0.00314300 0.04245108
v -0.01982803 0.00313268 0.04201013
v -0.01874683 0.00313268 0.04300086
v -0.01906421 0.00314300 0.04443254
v -0.02046278 0.00315333 0.04487349
v -0.01405323 0.00315333 0.05074675
v -0.01373586 0.00314300 0.04931507
v -0.01233729 0.00313268 0.04887413
v -0.01125610 0.00313268 0.04986486
v -0.01157347 0.00314300 0.05129654
v -0.01297204 0.00315333 0.05173748
v 0.02378330 0.00269800 0.00945543
v 0.02410067 0.00268767 0.00802375
v 0.02549924 0.00267735 0.00758280
v 0.02658043 0.00267735 0.00857353
v 0.02626306 0.00268767 0.01000521
v 0.02486449 0.00269800 0.01044616
v 0.02424199 0.00264741 0.00143550
v 0.02685515 0.00263274 0.00138354
v 0.02433566 0.00264741 0.00152133
v -0.03935344 0.00305214 0.01068291
v -0.03903606 0.00304182 0.00925124
v -0.03763749 0.00303149 0.00881029
v -0.03655630 0.00303149 0.00980102
v -0.03687367 0.00304182 0.01123270
v -0.03827224 0.00305214 0.01167365
v -0.01688122 0.00305214 0.03127490
v -0.01656385 0.00304182 0.02984323
v -0.01516528 0.00303149 0.02940228
v -0.01408408 0.00303149 0.03039301
v -0.01440146 0.00304182 0.03182469
v -0.01580003 0.00305214 0.03226564
v -0.02062659 0.00305214 0.02784291
v -0.02030922 0.00304182 0.02641123
v -0.01891065 0.00303149 0.02597028
v -0.01782946 0.00303149 0.02696101
v -0.01814683 0.00304182 0.02839269
v -0.01954540 0.00305214 0.02883364
v -0.04118820 0.00325451 0.04276261
v -0.04087082 0.00324418 0.04133093
v -0.03947225 0.00323386 0.04088999
v -0.03839106 0.00323386 0.04188072
v -0.03870843 0.00324418 0.04331240
v -0.04010700 0.00325451 0.04375334
v -0.03186270 0.00305214 0.01754691
v -0.03154533 0.00304182 0.01611523
v -0.03014676 0.00303149 0.01567429
v -0.02906556 0.00303149 0.01666502
v -0.02938294 0.00304182 0.01809670
v -0.03078150 0.00305214 0.01853764
v -0.03560807 0.00305214 0.01411491
v -0.03529069 0.00304182 0.01268323
v -0.03389213 0.00303149 0.01224229
v -0.03281093 0.00303149 0.01323302
v -0.03312830 0.00304182 0.01466470
v -0.03452687 0.00305214 0.01510565
v -0.02437196 0.00305214 0.02441091
v -0.02405459 0.00304182 0.02297923
v -0.02265602 0.00303149 0.02253828
v -0.02157482 0.00303149 0.02352902
v -0.02189220 0.00304182 0.02496070
v -0.02329077 0.00305214 0.02540164
v -0.02811733 0.00305214 0.02097891
v -0.02779996 0.00304182 0.01954723
v -0.02640139 0.00303149 0.01910629
v -0.02532019 0.00303149 0.02009702
v -0.02563757 0.00304182 0.02152870
v -0.02703614 0.00305214 0.02196964
v -0.02528934 0.00315333 0.04045075
v -0.02497197 0.00314300 0.03901908
v -0.02357340 0.00313268 0.03857813
v -0.02249220 0.00313268 0.03956887
v -0.02280958 0.00314300 0.04100054
v -0.02420815 0.00315333 0.04144149
v -0.02903471 0.00315333 0.03701876
v -0.02871734 0.00314300 0.03558708
v -0.02731877 0.00313268 0.03514613
v -0.02623757 0.00313268 0.03613686
v -0.02655495 0.00314300 0.03756854
v -0.02795352 0.00315333 0.03800949
v -0.03652545 0.00315333 0.03015476
v -0.03620808 0.00314300 0.02872308
v -0.03480950 0.00313268 0.02828214
v -0.03372831 0.00313268 0.02927287
v -0.03404569 0.00314300 0.03070455
v -0.03544425 0.00315333 0.03114549
v -0.03278008 0.00315333 0.03358676
v -0.03246270 0.00314300 0.03215508
v -0.03106414 0.00313268 0.03171414
v -0.02998294 0.00313268 0.03270487
v -0.03030031 0.00314300 0.03413655
v -0.03169889 0.00315333 0.03457749
v -0.01030787 0.00315333 0.05417875
v -0.00999049 0.00314300 0.05274707
v -0.00859192 0.00313268 0.05230613
v -0.00751073 0.00313268 0.05329686
v -0.00782810 0.00314300 0.05472853
v -0.00922667 0.00315333 0.05516948
v -0.02712410 0.00335569 0.07253045
v -0.02680673 0.00334537 0.07109877
v -0.02540816 0.00333504 0.07065783
v -0.02432696 0.00333504 0.07164856
v -0.02464434 0.00334537 0.07308023
v -0.02604291 0.00335569 0.07352118
v -0.00189975 0.00305214 0.04500290
v -0.00158237 0.00304182 0.04357122
v -0.00018380 0.00303149 0.04313027
v 0.00089739 0.00303149 0.04412101
v 0.00058001 0.00304182 0.04555268
v -0.00081855 0.00305214 0.04599363
v -0.03507353 0.00340628 0.07368638
v -0.03475615 0.00339596 0.07225470
v -0.03335759 0.00338563 0.07181375
v -0.03227639 0.00338563 0.07280448
v -0.03259377 0.00339596 0.07423616
v -0.03399233 0.00340628 0.07467711
v -0.03881890 0.00340628 0.07025438
v -0.03850152 0.00339596 0.06882270
v -0.03710295 0.00338563 0.06838176
v -0.03602176 0.00338563 0.06937249
v -0.03633913 0.00339596 0.07080416
v -0.03773770 0.00340628 0.07124511
v -0.01871598 0.00325451 0.06335460
v -0.01839861 0.00324418 0.06192292
v -0.01700004 0.00323386 0.06148198
v -0.01591885 0.00323386 0.06247271
v -0.01623622 0.00324418 0.06390438
v -0.01763479 0.00325451 0.06434533
v -0.03132816 0.00340628 0.07711837
v -0.03101078 0.00339596 0.07568670
v -0.02961222 0.00338563 0.07524575
v -0.02853102 0.00338563 0.07623648
v -0.02884840 0.00339596 0.07766816
v -0.03024697 0.00340628 0.07810911
v -0.03461484 0.00335569 0.06566645
v -0.03429746 0.00334537 0.06423478
v -0.03289890 0.00333504 0.06379383
v -0.03181770 0.00333504 0.06478456
v -0.03213508 0.00334537 0.06621624
v -0.03353364 0.00335569 0.06665718
v 0.01491649 0.00284977 0.02665120
v 0.01523386 0.00283945 0.02521952
v 0.01663243 0.00282912 0.02477857
v 0.01771363 0.00282912 0.02576930
v 0.01739625 0.00283945 0.02720098
v 0.01599768 0.00284977 0.02764193
v -0.04256427 0.00340628 0.06682238
v -0.04224689 0.00339596 0.06539070
v -0.04084832 0.00338563 0.06494976
v -0.03976713 0.00338563 0.06594049
v -0.04008450 0.00339596 0.06737217
v -0.04148307 0.00340628 0.06781311
v -0.03086947 0.00335569 0.06909845
v -0.03055209 0.00334537 0.06766677
v -0.02915353 0.00333504 0.06722583
v -0.02807233 0.00333504 0.06821656
v -0.02838971 0.00334537 0.06964824
v -0.02978828 0.00335569 0.07008918
v -0.03836021 0.00335569 0.06223445
v -0.03804283 0.00334537 0.06080278
v -0.03664427 0.00333504 0.06036183
v -0.03556307 0.00333504 0.06135256
v -0.03588044 0.00334537 0.06278424
v -0.03727901 0.00335569 0.06322519
v 0.00650837 0.00295096 0.03582705
v 0.00682575 0.00294063 0.03439537
v 0.00822431 0.00293031 0.03395442
v 0.00930551 0.00293031 0.03494516
v 0.00898813 0.00294063 0.03637683
v 0.00758956 0.00295096 0.03681778
v 0.02752866 0.00269800 0.01288742
v 0.02784604 0.00268767 0.01145574
v 0.02924461 0.00267735 0.01101480
v 0.03032580 0.00267735 0.01200553
v 0.03000843 0.00268767 0.01343721
v 0.02860986 0.00269800 0.01387815
v 0.03173273 0.00264741 0.00829949
v 0.03205010 0.00263708 0.00686782
v 0.03344867 0.00262676 0.00642687
v 0.03452986 0.00262676 0.00741760
v 0.03421248 0.00263708 0.00884928
v 0.03281392 0.00264741 0.00929023
v 0.01912055 0.00279918 0.02206327
v 0.01943792 0.00278886 0.02063159
v 0.02083649 0.00277853 0.02019065
v 0.02191768 0.00277853 0.02118138
v 0.02160031 0.00278886 0.02261306
v 0.02020174 0.00279918 0.02305400
v -0.00882133 0.00283945 0.00317700
v -0.00942680 0.00284392 0.00336789
v -0.01043274 0.00284977 0.00342291
v -0.00006499 0.00284977 0.01292320
v 0.00025238 0.00283945 0.01149153
v 0.00165096 0.00282912 0.01105058
v 0.00273215 0.00282912 0.01204131
v 0.00241477 0.00283945 0.01347299
v 0.00101621 0.00284977 0.01391394
v -0.00381036 0.00284977 0.00949120
v -0.00349298 0.00283945 0.00805953
v -0.00209441 0.00282912 0.00761858
v -0.00101322 0.00282912 0.00860931
v -0.00133059 0.00283945 0.01004099
v -0.00272916 0.00284977 0.01048194
v -0.00564512 0.00305214 0.04157090
v -0.00532774 0.00304182 0.04013922
v -0.00392917 0.00303149 0.03969828
v -0.00284798 0.00303149 0.04068901
v -0.00316535 0.00304182 0.04212069
v -0.00456392 0.00305214 0.04256163
v 0.00788444 0.00279918 0.01176727
v 0.00820181 0.00278886 0.01033560
v 0.00960038 0.00277853 0.00989465
v 0.01068158 0.00277853 0.01088539
v 0.01036420 0.00278886 0.01231706
v 0.00896564 0.00279918 0.01275801
v 0.01162981 0.00279918 0.01519927
v 0.01194719 0.00278886 0.01376760
v 0.01334575 0.00277853 0.01332665
v 0.01442695 0.00277853 0.01431739
v 0.01410957 0.00278886 0.01574906
v 0.01271101 0.00279918 0.01619000
v 0.01537518 0.00279918 0.01863127
v 0.01569255 0.00278886 0.01719960
v 0.01709112 0.00277853 0.01675865
v 0.01817231 0.00277853 0.01774938
v 0.01785494 0.00278886 0.01918106
v 0.01645638 0.00279918 0.01962200
v 0.01117112 0.00284977 0.02321920
v 0.01148849 0.00283945 0.02178752
v 0.01288706 0.00282912 0.02134658
v 0.01396826 0.00282912 0.02233731
v 0.01365088 0.00283945 0.02376899
v 0.01225231 0.00284977 0.02420993
v -0.00098237 0.00295096 0.02896305
v -0.00066499 0.00294063 0.02753137
v 0.00073358 0.00293031 0.02709043
v 0.00181477 0.00293031 0.02808116
v 0.00149740 0.00294063 0.02951284
v 0.00009883 0.00295096 0.02995378
v 0.00276300 0.00295096 0.03239505
v 0.00308038 0.00294063 0.03096337
v 0.00447895 0.00293031 0.03052243
v 0.00556014 0.00293031 0.03151316
v 0.00524276 0.00294063 0.03294483
v 0.00384420 0.00295096 0.03338578
v -0.00472774 0.00295096 0.02553105
v -0.00441036 0.00294063 0.02409937
v -0.00301179 0.00293031 0.02365843
v -0.00193060 0.00293031 0.02464916
v -0.00224797 0.00294063 0.02608084
v -0.00364654 0.00295096 0.02652178
v -0.01596384 0.00295096 0.01523506
v -0.01564647 0.00294063 0.01380338
v -0.01424790 0.00293031 0.01336243
v -0.01316671 0.00293031 0.01435317
v -0.01348408 0.00294063 0.01578485
v -0.01488265 0.00295096 0.01622579
v -0.01221847 0.00295096 0.01866705
v -0.01190110 0.00294063 0.01723538
v -0.01050253 0.00293031 0.01679443
v -0.00942134 0.00293031 0.01778516
v -0.00973871 0.00294063 0.01921684
v -0.01113728 0.00295096 0.01965779
v -0.00847311 0.00295096 0.02209905
v -0.00815573 0.00294063 0.02066738
v -0.00675716 0.00293031 0.02022643
v -0.00567597 0.00293031 0.02121716
v -0.00599334 0.00294063 0.02264884
v -0.00739191 0.00295096 0.02308979
v -0.01970921 0.00295096 0.01180306
v -0.01939184 0.00294063 0.01037138
v -0.01799327 0.00293031 0.00993044
v -0.01691208 0.00293031 0.01092117
v -0.01722945 0.00294063 0.01235284
v -0.01862802 0.00295096 0.01279379
v 0.00413907 0.00279918 0.00833527
v 0.00445645 0.00278886 0.00690360
v 0.00585501 0.00277853 0.00646266
v 0.00693621 0.00277853 0.00745339
v 0.00661884 0.00278886 0.00888506
v 0.00522027 0.00279918 0.00932601
v -0.02706551 0.00294658 0.00433260
v -0.02440281 0.00293031 0.00405717
v -0.02443194 0.00293126 0.00418856
v -0.05040834 0.00471187 0.06556495
v -0.04332694 0.05013296 0.05783696
v -0.03649654 0.04701817 0.05038288
v -0.04212122 0.05099345 0.05652114
v 0.01692204 0.00401855 0.01159447
v 0.01584085 0.00401855 0.01060374
v 0.00831081 0.00409314 0.01614698
v 0.01491864 0.00401362 0.00893579
v 0.01615822 0.00400822 0.00917206
v 0.01755679 0.00399790 0.00873111
v 0.01863798 0.00399790 0.00972184
v 0.02130216 0.00399790 0.01216311
v 0.02238335 0.00399790 0.01315384
v 0.02504753 0.00399790 0.01559511
v 0.02612872 0.00399790 0.01658584
v 0.01990359 0.00400822 0.01260406
v 0.01832061 0.00400822 0.01115352
v 0.01958621 0.00401855 0.01403573
v 0.02581134 0.00400822 0.01801752
v 0.02441278 0.00401855 0.01845846
v 0.02333158 0.00401855 0.01746773
v 0.02066741 0.00401855 0.01502647
v 0.02206597 0.00400822 0.01458552
v 0.02364896 0.00400822 0.01603606
v 0.01050623 0.00399790 0.00227047
v 0.01006605 0.00399790 0.00186711
v 0.00866748 0.00400822 0.00230806
v 0.00865335 0.00400868 0.00237181
v 0.01317667 0.00401855 0.00816247
v 0.01209548 0.00401855 0.00717174
v 0.01241285 0.00400822 0.00574006
v 0.01381142 0.00399790 0.00529911
v 0.01489261 0.00399790 0.00628985
v 0.01457524 0.00400822 0.00772153
v -0.04150549 0.03922417 0.05584919
v -0.04113832 0.03902103 0.05544850
v -0.04081919 0.03868416 0.05510023
v -0.04056984 0.03823651 0.05482811
v -0.04040726 0.03770858 0.05465069
v -0.04034253 0.03713636 0.05458005
v -0.04038006 0.03655883 0.05462101
v -0.04051730 0.03601537 0.05477077
v -0.04074489 0.03554300 0.05501914
v -0.04104732 0.03517391 0.05534919
v -0.04140398 0.03493326 0.05573841
v -0.04179057 0.03483745 0.05616030
v -0.04218074 0.03489300 0.05658610
v -0.04254790 0.03509614 0.05698678
v -0.04286703 0.03543301 0.05733505
v -0.04311638 0.03588066 0.05760717
v -0.04327896 0.03640859 0.05778460
v -0.04334369 0.03698081 0.05785524
v -0.04330616 0.03755834 0.05781428
v -0.04316892 0.03810180 0.05766451
v -0.04294133 0.03857417 0.05741614
v -0.04263890 0.03894326 0.05708610
v -0.04228224 0.03918391 0.05669687
v -0.04189565 0.03927972 0.05627498
v -0.04502109 0.01667459 0.05968579
v -0.04465393 0.01647146 0.05928511
v -0.04433480 0.01613458 0.05893684
v -0.04408544 0.01568693 0.05866472
v -0.04392286 0.01515900 0.05848729
v -0.04385813 0.01458678 0.05841665
v -0.04389567 0.01400926 0.05845761
v -0.04403290 0.01346579 0.05860738
v -0.04426049 0.01299342 0.05885575
v -0.04456292 0.01262433 0.05918579
v -0.04491958 0.01238368 0.05957502
v -0.04530617 0.01228787 0.05999691
v -0.04569634 0.01234342 0.06042270
v -0.04606350 0.01254656 0.06082339
v -0.04638263 0.01288343 0.06117166
v -0.04663198 0.01333109 0.06144378
v -0.04679456 0.01385901 0.06162120
v -0.04685929 0.01443124 0.06169184
v -0.04682176 0.01500876 0.06165088
v -0.04668452 0.01555222 0.06150112
v -0.04645694 0.01602460 0.06125275
v -0.04615451 0.01639368 0.06092270
v -0.04579784 0.01663433 0.06053347
v -0.04541126 0.01673015 0.06011159
v -0.04008295 0.03102553 0.01746785
v -0.04015454 0.03074525 0.01660607
v -0.04387426 0.00688645 0.02066542
v -0.04384554 0.00689174 0.02157400
v -0.01109281 0.00441678 0.05236101
v -0.01483818 0.00441678 0.04892901
v -0.01858354 0.00441678 0.04549702
v -0.02232892 0.00441678 0.04206501
v -0.02607428 0.00441678 0.03863302
v -0.02981965 0.00441678 0.03520102
v -0.03356502 0.00441678 0.03176902
v -0.03731039 0.00441678 0.02833702
v -0.03952934 0.00441678 0.02630373
v -0.04423140 0.00441678 0.02199509
v -0.04464767 0.00441494 0.02130556
v -0.04107553 0.00437195 0.01740725
v -0.04488113 0.00437195 0.01392005
v -0.00876100 0.00437269 0.04714194
v -0.00984220 0.00437269 0.04615121
v -0.00952482 0.00436237 0.04471953
v -0.00812626 0.00435204 0.04427859
v -0.00810914 0.00433581 0.04158556
v -0.01111257 0.00437195 0.04486323
v -0.00436377 0.00433581 0.04501755
v -0.00704506 0.00435204 0.04526932
v -0.00736244 0.00436237 0.04670100
v -0.00736721 0.00437195 0.04829523
v -0.01110780 0.00436237 0.04326900
v -0.01250637 0.00437269 0.04370995
v -0.01358757 0.00437269 0.04271921
v -0.01485794 0.00437195 0.04143123
v -0.01327019 0.00436237 0.04128754
v -0.01185451 0.00433581 0.03815356
v -0.01187162 0.00435204 0.04084659
v -0.01079043 0.00435204 0.04183732
v -0.01625174 0.00437269 0.04027795
v -0.01733294 0.00437269 0.03928721
v -0.01701556 0.00436237 0.03785554
v -0.01561700 0.00435204 0.03741459
v -0.01559988 0.00433581 0.03472156
v -0.01860331 0.00437195 0.03799923
v -0.01453580 0.00435204 0.03840532
v -0.01485317 0.00436237 0.03983700
v -0.02683598 0.00433581 0.02442556
v -0.03058135 0.00433581 0.02099357
v -0.03059847 0.00435204 0.02368660
v -0.03199704 0.00436237 0.02412754
v -0.03358479 0.00437195 0.02427124
v -0.03231441 0.00437269 0.02555922
v -0.02951728 0.00435204 0.02467733
v -0.02983465 0.00436237 0.02610901
v -0.02983942 0.00437195 0.02770324
v -0.03123322 0.00437269 0.02654995
v -0.03872396 0.00437269 0.01968596
v -0.03980515 0.00437269 0.01869522
v -0.04359011 0.00446565 0.03073529
v -0.04049613 0.00442842 0.02735880
v -0.04437224 0.00446565 0.03001860
v -0.04416821 0.00442842 0.02399396
v -0.03358002 0.00436237 0.02267701
v -0.03497859 0.00437269 0.02311796
v -0.03586545 0.00437269 0.02230530
v -0.03605978 0.00437269 0.02212722
v -0.03948778 0.00436237 0.01726355
v -0.03807209 0.00433581 0.01412957
v -0.03808921 0.00435204 0.01682260
v -0.03280030 0.00433581 0.01896027
v -0.03700801 0.00435204 0.01781333
v -0.03732539 0.00436237 0.01924501
v -0.03574241 0.00436237 0.02069554
v -0.03434384 0.00435204 0.02025460
v -0.03414950 0.00435204 0.02043267
v -0.03326264 0.00435204 0.02124533
v -0.02374248 0.00437269 0.03341395
v -0.02482368 0.00437269 0.03242322
v -0.02450630 0.00436237 0.03099154
v -0.02310773 0.00435204 0.03055059
v -0.02309061 0.00433581 0.02785756
v -0.02609405 0.00437195 0.03113524
v -0.01934524 0.00433581 0.03128956
v -0.02202654 0.00435204 0.03154133
v -0.02234391 0.00436237 0.03297301
v -0.02234868 0.00437195 0.03456724
v -0.02608928 0.00436237 0.02954101
v -0.02748785 0.00437269 0.02998195
v -0.02856904 0.00437269 0.02899122
v -0.02825167 0.00436237 0.02755954
v -0.02685310 0.00435204 0.02711860
v -0.02577191 0.00435204 0.02810933
v -0.01859854 0.00436237 0.03640500
v -0.01999711 0.00437269 0.03684595
v -0.02107831 0.00437269 0.03585522
v -0.02076093 0.00436237 0.03442354
v -0.01936236 0.00435204 0.03398259
v -0.01828117 0.00435204 0.03497333
v -0.00329969 0.00435204 0.04870132
v -0.00361707 0.00436237 0.05013300
v -0.00501564 0.00437269 0.05057394
v -0.00609683 0.00437269 0.04958321
v -0.00577946 0.00436237 0.04815153
v -0.00438089 0.00435204 0.04771059
v -0.02668929 0.00445323 0.04414918
v -0.02329571 0.00442842 0.04312008
v -0.02777048 0.00445323 0.04315844
v -0.02704108 0.00442842 0.03968808
v -0.02916905 0.00446355 0.04359939
v -0.03013506 0.00446565 0.04306458
v -0.02948642 0.00447387 0.04503107
v -0.03416460 0.00451414 0.04746205
v -0.02840523 0.00447387 0.04602180
v -0.03041923 0.00451414 0.05089404
v -0.02700666 0.00446355 0.04558085
v -0.02638969 0.00446565 0.04649658
v -0.04418813 0.00449955 0.03584276
v -0.04410889 0.00451414 0.03834979
v -0.04072253 0.00447387 0.03473507
v -0.03964134 0.00447387 0.03572580
v -0.04137117 0.00446565 0.03276858
v -0.04040516 0.00446355 0.03330339
v -0.03827718 0.00442842 0.02939209
v -0.03900659 0.00445323 0.03286245
v -0.03453181 0.00442842 0.03282409
v -0.03792539 0.00445323 0.03385318
v -0.03762580 0.00446565 0.03620058
v -0.03824277 0.00446355 0.03528486
v -0.04165534 0.00451414 0.04059805
v -0.03043466 0.00445323 0.04071718
v -0.03151585 0.00445323 0.03972645
v -0.03078644 0.00442842 0.03625609
v -0.03291442 0.00446355 0.04016739
v -0.03388043 0.00446565 0.03963258
v -0.03323179 0.00447387 0.04159907
v -0.03790997 0.00451414 0.04403005
v -0.03215060 0.00447387 0.04258980
v -0.03075203 0.00446355 0.04214886
v -0.03418003 0.00445323 0.03728518
v -0.03526122 0.00445323 0.03629445
v -0.03665979 0.00446355 0.03673539
v -0.03697716 0.00447387 0.03816707
v -0.03589597 0.00447387 0.03915780
v -0.03449740 0.00446355 0.03871686
v -0.02294392 0.00445323 0.04758118
v -0.01955034 0.00442842 0.04655208
v -0.02402511 0.00445323 0.04659044
v -0.02542368 0.00446355 0.04703139
v -0.02574106 0.00447387 0.04846306
v -0.02465986 0.00447387 0.04945380
v -0.02667386 0.00451414 0.05432605
v -0.02326129 0.00446355 0.04901285
v -0.02264432 0.00446565 0.04992858
v -0.01919855 0.00445323 0.05101317
v -0.01580497 0.00442842 0.04998408
v -0.02027974 0.00445323 0.05002244
v -0.02167831 0.00446355 0.05046339
v -0.02199569 0.00447387 0.05189506
v -0.02091449 0.00447387 0.05288580
v -0.02292849 0.00451414 0.05775804
v -0.01951592 0.00446355 0.05244485
v -0.01889895 0.00446565 0.05336057
v -0.01545318 0.00445323 0.05444517
v -0.01205960 0.00442842 0.05341608
v -0.01653437 0.00445323 0.05345444
v -0.01793294 0.00446355 0.05389539
v -0.01825032 0.00447387 0.05532706
v -0.01716912 0.00447387 0.05631779
v -0.01918312 0.00451414 0.06119004
v -0.01577055 0.00446355 0.05587685
v -0.01515358 0.00446565 0.05679257
v -0.01170781 0.00445323 0.05787717
v -0.01278900 0.00445323 0.05688644
v -0.01418757 0.00446355 0.05732738
v -0.01450495 0.00447387 0.05875906
v -0.01342375 0.00447387 0.05974979
v -0.01202519 0.00446355 0.05930885
v -0.02005759 0.00452467 0.06214436
v -0.02380296 0.00452467 0.05871236
v -0.02754833 0.00452467 0.05528036
v -0.03129370 0.00452467 0.05184836
v -0.03503907 0.00452467 0.04841636
v -0.03878444 0.00452467 0.04498437
v -0.04252981 0.00452467 0.04155237
v -0.04364549 0.00452467 0.04053003
v -0.04395837 0.00454186 0.04311137
v -0.04358230 0.00453630 0.04252890
v -0.04349660 0.00453630 0.04260743
v -0.04372860 0.00458416 0.05037997
v -0.03975123 0.00453630 0.04603943
v -0.04348734 0.00462859 0.05801201
v -0.04310602 0.00462400 0.05759587
v -0.04349883 0.00462647 0.05764858
v -0.04315821 0.00461439 0.05594505
v -0.03600586 0.00453630 0.04947143
v -0.03884278 0.00455441 0.04989303
v -0.03916015 0.00456473 0.05132471
v -0.04249484 0.00461439 0.05655291
v -0.03757717 0.00456473 0.05277524
v -0.03617860 0.00455441 0.05233429
v -0.03226049 0.00453630 0.05290343
v -0.03509740 0.00455441 0.05332503
v -0.03541478 0.00456473 0.05475671
v -0.03874947 0.00461439 0.05998491
v -0.03681335 0.00457506 0.05519765
v -0.03789454 0.00457506 0.05420692
v -0.02851512 0.00453630 0.05633543
v -0.03166941 0.00456473 0.05818870
v -0.03500410 0.00461439 0.06341691
v -0.03306798 0.00457506 0.05862965
v -0.03414917 0.00457506 0.05763892
v -0.03383180 0.00456473 0.05620724
v -0.03243323 0.00455441 0.05576629
v -0.03135204 0.00455441 0.05675703
v -0.02476975 0.00453630 0.05976743
v -0.02792404 0.00456473 0.06162070
v -0.03125873 0.00461439 0.06684891
v -0.02932261 0.00457506 0.06206165
v -0.03040380 0.00457506 0.06107092
v -0.03008643 0.00456473 0.05963924
v -0.02868786 0.00455441 0.05919829
v -0.02760667 0.00455441 0.06018902
v -0.02417867 0.00456473 0.06505270
v -0.02557724 0.00457506 0.06549364
v -0.02751337 0.00461439 0.07028091
v -0.02665843 0.00457506 0.06450291
v -0.02634106 0.00456473 0.06307124
v -0.02494249 0.00455441 0.06263029
v -0.02102438 0.00453630 0.06319942
v -0.02386130 0.00455441 0.06362102
v -0.02259569 0.00456473 0.06650323
v -0.02119712 0.00455441 0.06606229
v -0.02011593 0.00455441 0.06705302
v -0.02043330 0.00456473 0.06848470
v -0.02183187 0.00457506 0.06892564
v -0.02291307 0.00457506 0.06793491
v -0.04432426 0.00447449 0.03153647
v -0.04507743 0.00433581 0.00771036
v -0.04075338 0.00435204 0.01438134
v -0.00309481 0.00432053 0.04363273
v -0.00684018 0.00432053 0.04020074
v -0.01058555 0.00432053 0.03676874
v -0.01433092 0.00432053 0.03333674
v -0.01807629 0.00432053 0.02990474
v -0.02182166 0.00432053 0.02647274
v -0.02556703 0.00432053 0.02304074
v -0.02931240 0.00432053 0.01960875
v -0.03153134 0.00432053 0.01757545
v -0.03680314 0.00432053 0.01274475
v -0.04475412 0.00432053 0.00545902
v -0.04515316 0.00432186 0.00531463
v -0.04475936 0.00431957 0.00529309
v -0.04436826 0.00679549 0.00503793
v -0.04433379 0.00680183 0.00612822
v -0.04130005 0.02626072 0.00281746
v -0.04138596 0.02592438 0.00178332
v -0.04100010 0.02839933 0.00136223
v -0.03969709 0.03350049 0.01704676
v -0.03953958 0.03411711 0.01894269
v -0.03823657 0.03921827 0.03462723
v -0.03862243 0.03674331 0.03504832
v -0.03869402 0.03646303 0.03418653
v -0.04328835 0.00699433 0.03920037
v -0.04325963 0.00699962 0.04010894
v -0.04378235 0.00690337 0.02357287
v -0.04374789 0.00690972 0.02466316
v -0.03983953 0.03197850 0.02039793
v -0.03992544 0.03164216 0.01936379
v -0.04313663 0.00616992 0.05762926
v -0.03737698 0.04311310 0.05134372
v -0.04319644 0.00701125 0.04210781
v -0.04316198 0.00701760 0.04319810
v -0.03837901 0.03769628 0.03797840
v -0.03846492 0.03735993 0.03694425
v -0.03807906 0.03983489 0.03652316
v -0.03702190 0.04397359 0.04924844
v -0.00212803 0.00430890 0.04257767
v -0.00587339 0.00430890 0.03914567
v -0.00961876 0.00430890 0.03571367
v -0.01336413 0.00430890 0.03228167
v -0.01710950 0.00430890 0.02884967
v -0.02460024 0.00430890 0.02198568
v -0.02834561 0.00430890 0.01855368
v -0.03209098 0.00430890 0.01512168
v -0.03918993 0.00430890 0.00861669
v -0.02568039 0.00423176 0.00812576
v -0.03295427 0.00425086 0.00464744
v -0.03484613 0.00426187 0.00475091
v -0.03482503 0.00426118 0.00465570
v -0.02968109 0.00425086 0.00764675
v -0.02859989 0.00425086 0.00863748
v -0.02891727 0.00426118 0.01006916
v -0.03031584 0.00427151 0.01051011
v -0.03139703 0.00427151 0.00951937
v -0.03107966 0.00426118 0.00808770
v 0.00262866 0.00426118 0.03897568
v 0.00428256 0.00423176 0.03558175
v 0.00402723 0.00425086 0.03853474
v 0.00510842 0.00425086 0.03952547
v 0.00479105 0.00426118 0.04095714
v 0.00339248 0.00427151 0.04139809
v 0.00231129 0.00427151 0.04040736
v -0.00111671 0.00426118 0.03554368
v 0.00053719 0.00423176 0.03214975
v 0.00028186 0.00425086 0.03510274
v 0.00136306 0.00425086 0.03609347
v 0.00104568 0.00426118 0.03752515
v -0.00035289 0.00427151 0.03796609
v -0.00143408 0.00427151 0.03697536
v -0.00486207 0.00426118 0.03211169
v -0.00320818 0.00423176 0.02871775
v -0.00346351 0.00425086 0.03167074
v -0.00238231 0.00425086 0.03266147
v -0.00269969 0.00426118 0.03409315
v -0.00409826 0.00427151 0.03453409
v -0.00517945 0.00427151 0.03354336
v -0.00860745 0.00426118 0.02867969
v -0.00695355 0.00423176 0.02528575
v -0.00720888 0.00425086 0.02823874
v -0.00612768 0.00425086 0.02922947
v -0.00644506 0.00426118 0.03066115
v -0.00784362 0.00427151 0.03110210
v -0.00892482 0.00427151 0.03011136
v -0.01235281 0.00426118 0.02524769
v -0.01069892 0.00423176 0.02185375
v -0.01095425 0.00425086 0.02480674
v -0.00987305 0.00425086 0.02579748
v -0.01019042 0.00426118 0.02722915
v -0.01158899 0.00427151 0.02767010
v -0.01267019 0.00427151 0.02667936
v -0.01984355 0.00426118 0.01838369
v -0.01818966 0.00423176 0.01498976
v -0.01469961 0.00425086 0.02137474
v -0.01609818 0.00426118 0.02181569
v -0.01736379 0.00425086 0.01893348
v -0.01844498 0.00425086 0.01794275
v -0.01641556 0.00427151 0.02324737
v -0.01768116 0.00426118 0.02036516
v -0.01907973 0.00427151 0.02080610
v -0.01533436 0.00427151 0.02423810
v -0.01393579 0.00426118 0.02379715
v -0.01361842 0.00425086 0.02236548
v -0.02016093 0.00427151 0.01981537
v -0.02358892 0.00426118 0.01495169
v -0.02193503 0.00423176 0.01155776
v -0.02219035 0.00425086 0.01451075
v -0.02110916 0.00425086 0.01550148
v -0.02142653 0.00426118 0.01693316
v -0.02282510 0.00427151 0.01737410
v -0.02390629 0.00427151 0.01638337
v -0.02733429 0.00426118 0.01151969
v -0.02593572 0.00425086 0.01107875
v -0.02485453 0.00425086 0.01206948
v -0.02517190 0.00426118 0.01350116
v -0.02657047 0.00427151 0.01394210
v -0.02765166 0.00427151 0.01295137
v 0.00586997 0.00421265 0.03384939
v 0.00212460 0.00421265 0.03041739
v -0.00162077 0.00421265 0.02698539
v -0.00536614 0.00421265 0.02355339
v -0.00911151 0.00421265 0.02012139
v -0.01660224 0.00421265 0.01325740
v -0.02034761 0.00421265 0.00982540
v -0.02409298 0.00421265 0.00639340
v 0.00683676 0.00420102 0.03279432
v 0.00309139 0.00420102 0.02936232
v -0.00065398 0.00420102 0.02593033
v -0.00439935 0.00420102 0.02249833
v -0.00814472 0.00420102 0.01906633
v -0.01189009 0.00420102 0.01563433
v -0.01563545 0.00420102 0.01220233
v -0.02161972 0.00420102 0.00671876
v -0.01924355 0.00417032 0.00377553
v -0.01911787 0.00417032 0.00389069
v -0.01663736 0.00415589 0.00375502
v -0.00950320 0.00412722 0.00551016
v -0.01301841 0.00416000 0.00775731
v -0.01441699 0.00417032 0.00819825
v 0.01103678 0.00416000 0.02979983
v 0.01296901 0.00412722 0.02610215
v 0.01243535 0.00414967 0.02935889
v 0.01351654 0.00414967 0.03034962
v 0.01319917 0.00416000 0.03178129
v 0.01180060 0.00417032 0.03222224
v 0.01071940 0.00417032 0.03123151
v 0.00729141 0.00416000 0.02636783
v 0.00922364 0.00412722 0.02267015
v 0.00868998 0.00414967 0.02592689
v 0.00977117 0.00414967 0.02691762
v 0.00945380 0.00416000 0.02834930
v 0.00805523 0.00417032 0.02879024
v 0.00697404 0.00417032 0.02779951
v 0.00354604 0.00416000 0.02293584
v 0.00547827 0.00412722 0.01923815
v 0.00494461 0.00414967 0.02249489
v 0.00602580 0.00414967 0.02348562
v 0.00570843 0.00416000 0.02491730
v 0.00430986 0.00417032 0.02535825
v 0.00322867 0.00417032 0.02436752
v -0.00019933 0.00416000 0.01950383
v 0.00173290 0.00412722 0.01580615
v 0.00119924 0.00414967 0.01906289
v 0.00228043 0.00414967 0.02005363
v 0.00196306 0.00416000 0.02148530
v 0.00056449 0.00417032 0.02192625
v -0.00051670 0.00417032 0.02093551
v -0.00394470 0.00416000 0.01607184
v -0.00201247 0.00412722 0.01237415
v -0.00254613 0.00414967 0.01563089
v -0.00146493 0.00414967 0.01662163
v -0.00178231 0.00416000 0.01805330
v -0.00318088 0.00417032 0.01849425
v -0.00426207 0.00417032 0.01750352
v -0.00769006 0.00416000 0.01263984
v -0.00575784 0.00412722 0.00894215
v -0.00629150 0.00414967 0.01219890
v -0.00521031 0.00414967 0.01318963
v -0.00552767 0.00416000 0.01462130
v -0.00692625 0.00417032 0.01506225
v -0.00800744 0.00417032 0.01407152
v -0.01143543 0.00416000 0.00920784
v -0.01003687 0.00414967 0.00876690
v -0.00895567 0.00414967 0.00975763
v -0.00927304 0.00416000 0.01118931
v -0.01067162 0.00417032 0.01163025
v -0.01175281 0.00417032 0.01063952
v 0.01483475 0.00410477 0.02406604
v 0.01108939 0.00410477 0.02063404
v 0.00734402 0.00410477 0.01720205
v 0.00359865 0.00410477 0.01377005
v -0.00014672 0.00410477 0.01033805
v -0.00389209 0.00410477 0.00690605
v -0.00763746 0.00410477 0.00347405
v -0.04232902 0.05109457 0.05674792
v -0.04254734 0.05111464 0.05698617
v -0.04276199 0.05105234 0.05722042
v -0.04295903 0.05091172 0.05743545
v -0.04312563 0.05070193 0.05761727
v -0.04325099 0.05043659 0.05775407
v -0.04313720 0.00465827 0.05639940
v -0.04315824 0.00584773 0.05765285
v -0.04312411 0.00552791 0.05761561
v -0.04303646 0.00523127 0.05751995
v -0.04301810 0.00518795 0.05749992
v -0.04306048 0.00497707 0.05722595
v -0.04310390 0.00478184 0.05683582
v -0.03699196 0.04407472 0.04969305
v -0.03697480 0.04409478 0.05014708
v -0.03697153 0.04403248 0.05058102
v -0.03730103 0.04341673 0.05126083
v -0.03717567 0.04368207 0.05112403
v -0.03700906 0.04389186 0.05094220
v -0.03697974 0.04391890 0.05091020
v -0.04517060 0.00114697 0.00533366
v -0.04255348 0.00114698 0.00773427
v -0.04350478 0.00145369 0.05803104
v -0.04093341 0.00144528 0.05898456
v -0.05080710 0.00154157 0.06600011
v -0.05078966 0.00471646 0.06598108
f 1 2 3
f 4 5 6
f 7 8 9
f 8 10 9
f 11 12 13
f 12 14 13
f 15 16 17
f 18 19 20
f 19 21 20
f 22 23 24
f 23 25 24
f 24 25 26
f 27 28 9
f 28 29 9
f 9 29 7
f 29 30 7
f 7 30 31
f 32 33 4
f 32 7 33
f 7 34 33
f 33 34 35
f 34 36 35
f 37 38 39
f 38 40 39
f 41 42 43
f 42 44 43
f 43 44 45
f 44 46 45
f 45 46 47
f 46 48 47
f 49 50 51
f 50 52 51
f 51 52 53
f 54 55 23
f 56 57 31
f 57 58 31
f 31 58 7
f 58 59 7
f 7 59 34
f 53 13 51
f 13 14 51
f 51 14 40
f 14 42 40
f 40 42 39
f 42 41 39
f 39 41 60
f 4 6 32
f 6 61 32
f 32 61 62
f 63 15 64
f 15 17 64
f 64 17 65
f 17 66 65
f 67 68 62
f 69 70 22
f 70 10 22
f 22 10 23
f 10 8 23
f 23 8 54
f 71 72 55
f 72 73 55
f 55 73 3
f 74 75 73
f 75 76 73
f 73 76 3
f 76 77 3
f 3 77 1
f 77 78 1
f 1 78 79
f 52 71 53
f 71 55 53
f 53 55 80
f 55 54 80
f 80 54 21
f 54 81 21
f 21 81 20
f 81 67 20
f 20 67 66
f 67 62 66
f 66 62 65
f 62 61 65
f 82 83 84
f 85 86 87
f 88 89 90
f 89 91 90
f 92 93 94
f 95 96 97
f 98 99 100
f 101 102 103
f 104 105 106
f 105 107 106
f 106 107 25
f 108 109 110
f 109 111 110
f 110 111 104
f 111 112 104
f 104 112 105
f 105 101 107
f 101 103 107
f 107 103 113
f 103 114 113
f 113 114 115
f 114 116 115
f 115 116 117
f 98 118 119
f 118 120 119
f 119 120 121
f 122 123 124
f 122 124 125
f 126 127 128
f 129 130 131
f 130 132 131
f 132 133 131
f 133 134 131
f 131 134 135
f 123 126 124
f 126 128 124
f 124 128 130
f 128 136 130
f 130 136 132
f 135 137 131
f 137 138 131
f 131 138 139
f 140 141 142
f 141 143 142
f 142 143 144
f 144 143 145
f 143 146 145
f 145 146 147
f 146 148 147
f 147 148 149
f 148 150 149
f 149 150 151
f 150 152 151
f 151 152 153
f 154 155 156
f 155 157 156
f 158 159 160
f 159 161 160
f 161 162 160
f 160 162 163
f 164 165 166
f 165 160 166
f 166 160 167
f 160 163 167
f 154 168 155
f 168 153 155
f 155 153 169
f 153 152 169
f 169 152 170
f 152 171 170
f 170 171 160
f 171 172 160
f 160 172 158
f 173 174 175
f 174 176 175
f 164 175 165
f 175 176 165
f 165 176 91
f 176 177 91
f 178 179 180
f 181 182 114
f 182 183 114
f 114 183 116
f 98 100 118
f 100 184 118
f 118 184 185
f 90 186 88
f 186 187 88
f 88 187 181
f 187 178 181
f 181 178 182
f 178 180 182
f 188 189 103
f 190 191 192
f 191 188 192
f 192 188 104
f 188 103 104
f 104 103 110
f 103 102 110
f 189 193 103
f 193 194 103
f 103 194 114
f 194 195 114
f 114 195 181
f 196 197 195
f 197 198 195
f 195 198 181
f 198 199 181
f 181 199 104
f 199 200 104
f 104 200 192
f 127 126 201
f 126 202 201
f 201 202 203
f 164 92 175
f 92 94 175
f 175 94 204
f 94 205 204
f 204 205 202
f 205 206 202
f 202 206 203
f 138 207 139
f 207 208 139
f 139 208 209
f 208 210 209
f 209 210 211
f 210 212 211
f 211 212 171
f 212 213 171
f 171 213 172
f 96 214 215
f 124 97 125
f 97 96 125
f 125 96 216
f 96 215 216
f 217 218 219
f 177 220 221
f 220 85 221
f 221 85 219
f 85 87 219
f 219 87 217
f 123 222 126
f 222 82 126
f 126 82 202
f 82 84 202
f 202 84 204
f 84 223 204
f 204 223 175
f 223 224 175
f 175 224 173
f 225 226 118
f 226 227 118
f 118 227 120
f 227 228 120
f 120 228 229
f 177 221 91
f 221 230 91
f 91 230 90
f 230 231 90
f 90 231 232
f 233 225 232
f 225 118 232
f 232 118 90
f 118 185 90
f 90 185 186
f 234 235 219
f 235 236 219
f 219 236 221
f 236 237 221
f 221 237 230
f 116 121 117
f 121 120 117
f 117 120 238
f 120 229 238
f 238 229 95
f 229 239 95
f 95 239 96
f 239 240 96
f 96 240 214
f 240 241 214
f 214 241 242
f 243 234 242
f 234 219 242
f 242 219 214
f 219 218 214
f 214 218 215
f 244 245 150
f 245 246 150
f 247 248 211
f 249 250 146
f 250 251 146
f 146 251 148
f 251 252 148
f 148 252 253
f 246 254 150
f 254 255 150
f 150 255 211
f 255 256 211
f 211 256 247
f 248 257 211
f 257 258 211
f 211 258 209
f 258 259 209
f 209 259 260
f 253 261 148
f 261 262 148
f 148 262 150
f 262 263 150
f 150 263 244
f 260 264 209
f 264 265 209
f 209 265 139
f 265 266 139
f 139 266 267
f 268 269 150
f 270 271 171
f 271 272 171
f 171 272 273
f 269 274 150
f 274 275 150
f 150 275 152
f 275 276 152
f 152 276 277
f 278 279 152
f 279 280 152
f 152 280 171
f 280 281 171
f 171 281 270
f 211 282 283
f 277 284 152
f 284 285 152
f 152 285 278
f 273 286 171
f 286 287 171
f 171 287 211
f 287 288 211
f 211 288 282
f 283 289 211
f 289 290 211
f 211 290 150
f 290 291 150
f 150 291 268
f 141 129 143
f 129 131 143
f 143 131 146
f 131 139 146
f 146 139 249
f 139 267 249
f 292 293 294
f 293 295 294
f 294 295 296
f 297 298 299
f 298 300 299
f 301 302 303
f 302 304 303
f 305 306 307
f 306 308 307
f 309 310 311
f 310 312 311
f 313 314 315
f 314 316 315
f 317 318 319
f 318 320 319
f 321 322 323
f 322 324 323
f 325 326 327
f 326 328 327
f 329 330 331
f 330 332 331
f 333 334 335
f 334 336 335
f 337 338 339
f 338 340 339
f 341 342 343
f 342 344 343
f 345 346 347
f 346 348 347
f 349 350 351
f 350 352 351
f 353 354 355
f 354 356 355
f 357 358 359
f 358 360 359
f 361 362 363
f 362 364 363
f 365 366 367
f 366 368 367
f 369 370 371
f 370 372 371
f 373 374 375
f 374 376 375
f 377 378 379
f 378 380 379
f 378 377 381
f 377 382 381
f 383 384 385
f 384 386 385
f 387 388 389
f 388 390 389
f 391 392 393
f 392 394 393
f 395 396 397
f 396 398 397
f 399 400 401
f 400 402 401
f 403 404 405
f 404 406 405
f 407 369 371
f 408 407 409
f 407 371 409
f 409 371 374
f 371 376 374
f 362 365 364
f 365 367 364
f 358 410 360
f 410 353 360
f 360 353 355
f 350 411 352
f 411 345 352
f 352 345 347
f 338 341 340
f 341 343 340
f 340 343 412
f 332 330 335
f 330 413 335
f 335 413 333
f 414 324 322
f 325 327 415
f 327 414 415
f 415 414 416
f 414 322 416
f 417 418 419
f 320 318 315
f 318 417 315
f 315 417 313
f 417 419 313
f 310 420 312
f 420 421 312
f 312 421 307
f 421 305 307
f 298 301 300
f 301 303 300
f 422 423 424
f 425 426 427
f 426 422 427
f 425 428 426
f 428 429 426
f 426 429 430
f 424 431 422
f 431 432 422
f 422 432 433
f 433 434 422
f 434 435 422
f 422 435 427
f 430 436 426
f 436 437 426
f 426 437 438
f 439 422 440
f 422 426 440
f 440 426 441
f 296 295 441
f 295 440 441
f 26 442 24
f 442 443 24
f 444 445 446
f 422 439 423
f 439 293 423
f 423 293 292
f 446 447 444
f 447 448 444
f 444 448 292
f 448 449 292
f 292 449 423
f 3 2 450
f 39 60 451
f 60 452 451
f 47 48 453
f 48 454 453
f 15 63 455
f 63 456 455
f 5 457 6
f 457 458 6
f 35 36 459
f 36 460 459
f 57 56 461
f 56 462 461
f 28 27 463
f 27 464 463
f 22 443 69
f 443 442 69
f 69 442 465
f 466 467 468
f 321 323 469
f 470 471 472
f 391 393 473
f 474 475 476
f 403 405 477
f 357 359 478
f 479 480 361
f 481 482 483
f 308 484 485
f 486 348 346
f 351 438 349
f 438 437 349
f 349 437 487
f 437 488 487
f 487 488 346
f 488 489 346
f 489 490 346
f 346 490 486
f 490 491 486
f 486 491 492
f 491 493 492
f 492 493 437
f 493 494 437
f 437 494 488
f 306 495 492
f 495 496 492
f 492 496 486
f 496 309 486
f 486 309 311
f 316 314 497
f 314 498 497
f 497 498 499
f 500 501 502
f 501 503 502
f 502 503 484
f 503 317 484
f 484 317 485
f 317 319 485
f 504 505 506
f 505 507 506
f 506 507 498
f 507 508 498
f 498 508 499
f 508 509 499
f 499 509 481
f 509 510 481
f 481 510 482
f 361 480 366
f 480 511 366
f 366 511 512
f 511 513 512
f 513 514 512
f 512 514 482
f 514 515 482
f 482 515 483
f 515 479 483
f 483 479 363
f 479 361 363
f 516 512 517
f 512 518 517
f 517 518 519
f 368 366 520
f 366 512 520
f 520 512 521
f 512 516 521
f 522 523 524
f 519 518 525
f 518 526 525
f 525 526 527
f 526 528 527
f 527 528 521
f 528 529 521
f 521 529 520
f 529 530 520
f 520 530 478
f 354 531 524
f 530 522 478
f 522 524 478
f 478 524 357
f 524 531 357
f 403 477 532
f 533 402 534
f 402 400 534
f 534 400 535
f 400 536 535
f 536 532 535
f 535 532 537
f 532 477 537
f 537 477 356
f 538 372 370
f 539 540 370
f 540 541 370
f 370 541 538
f 541 542 538
f 538 542 543
f 544 545 546
f 545 539 546
f 375 533 373
f 533 534 373
f 373 534 547
f 534 546 547
f 547 546 548
f 546 539 548
f 548 539 549
f 539 370 549
f 538 550 474
f 550 551 474
f 474 551 475
f 552 553 543
f 553 554 543
f 543 554 538
f 554 555 538
f 538 555 550
f 556 557 558
f 557 559 558
f 558 559 475
f 559 560 475
f 475 560 476
f 560 561 476
f 344 342 473
f 342 337 473
f 556 473 562
f 473 337 562
f 562 337 561
f 337 339 561
f 561 339 476
f 563 398 396
f 556 558 473
f 558 564 473
f 473 564 391
f 565 566 567
f 566 568 567
f 567 568 569
f 568 570 569
f 569 570 558
f 570 571 558
f 558 571 572
f 565 573 572
f 573 563 572
f 572 563 558
f 563 396 558
f 558 396 564
f 574 304 302
f 565 567 573
f 567 297 573
f 573 297 299
f 575 576 577
f 576 578 577
f 577 578 579
f 578 580 579
f 579 580 567
f 580 581 567
f 567 581 582
f 575 583 582
f 583 574 582
f 582 574 567
f 574 302 567
f 567 302 297
f 575 577 583
f 577 377 583
f 583 377 379
f 584 585 472
f 586 587 577
f 587 382 577
f 577 382 377
f 586 577 588
f 577 589 588
f 588 589 590
f 586 591 587
f 591 584 587
f 587 584 592
f 584 472 592
f 592 472 593
f 472 471 593
f 594 595 596
f 595 597 596
f 471 598 593
f 598 594 593
f 593 594 599
f 594 596 599
f 599 596 600
f 469 390 388
f 601 602 603
f 602 604 603
f 603 604 605
f 604 606 605
f 321 469 607
f 446 445 336
f 604 446 608
f 446 326 608
f 331 328 329
f 328 326 329
f 329 326 609
f 326 446 609
f 609 446 334
f 446 336 334
f 608 607 604
f 607 469 604
f 604 469 606
f 469 388 606
f 606 388 610
f 388 611 610
f 610 611 612
f 611 613 612
f 612 613 596
f 613 383 596
f 596 383 600
f 383 385 600
f 614 543 569
f 614 615 543
f 615 475 543
f 543 475 552
f 475 551 552
f 615 616 475
f 616 617 475
f 475 617 558
f 617 618 558
f 558 618 569
f 618 619 569
f 569 619 614
f 579 620 621
f 620 622 621
f 621 622 569
f 622 623 569
f 623 624 569
f 569 624 567
f 624 625 567
f 567 625 579
f 625 626 579
f 579 626 620
f 627 546 621
f 627 628 546
f 628 543 546
f 546 543 544
f 543 542 544
f 628 629 543
f 629 630 543
f 543 630 569
f 630 631 569
f 569 631 621
f 631 632 621
f 621 632 627
f 589 633 634
f 633 635 634
f 634 635 579
f 635 636 579
f 636 637 579
f 579 637 577
f 637 638 577
f 577 638 589
f 638 639 589
f 589 639 633
f 634 640 641
f 640 642 641
f 641 642 621
f 642 643 621
f 643 644 621
f 621 644 579
f 644 645 579
f 579 645 634
f 645 646 634
f 634 646 640
f 641 647 648
f 647 649 648
f 648 649 546
f 649 650 546
f 650 651 546
f 546 651 621
f 651 652 621
f 621 652 641
f 652 653 641
f 641 653 647
f 654 535 655
f 535 648 655
f 655 648 656
f 654 657 658
f 658 659 654
f 659 660 654
f 654 660 535
f 660 661 535
f 535 661 534
f 661 662 534
f 534 662 663
f 656 648 664
f 648 546 664
f 664 546 665
f 546 534 665
f 665 534 657
f 534 663 657
f 657 663 658
f 585 590 472
f 590 589 472
f 472 589 666
f 666 667 472
f 667 668 472
f 472 668 470
f 668 597 470
f 667 669 668
f 669 670 668
f 668 670 671
f 670 672 671
f 671 672 589
f 672 673 589
f 589 673 666
f 674 675 468
f 468 675 634
f 676 671 677
f 671 589 677
f 677 589 678
f 589 634 678
f 678 634 679
f 634 675 679
f 680 681 682
f 682 681 641
f 681 683 641
f 683 684 641
f 641 684 634
f 684 685 634
f 634 685 468
f 685 686 468
f 682 687 688
f 687 689 688
f 688 689 648
f 689 690 648
f 690 691 648
f 648 691 641
f 691 692 641
f 641 692 682
f 692 693 682
f 682 693 687
f 694 695 696
f 695 688 696
f 696 688 697
f 694 698 699
f 699 700 694
f 700 701 694
f 694 701 695
f 701 702 695
f 695 702 535
f 702 703 535
f 535 703 704
f 697 688 705
f 688 648 705
f 705 648 706
f 648 535 706
f 706 535 698
f 535 704 698
f 698 704 699
f 707 708 524
f 708 537 524
f 524 537 354
f 537 356 354
f 708 709 537
f 709 710 537
f 537 710 535
f 710 711 535
f 535 711 695
f 711 712 695
f 668 713 714
f 602 715 716
f 715 717 716
f 597 668 596
f 668 714 596
f 596 714 718
f 601 612 602
f 612 596 602
f 602 596 719
f 596 718 719
f 713 668 720
f 668 721 720
f 720 721 722
f 721 723 722
f 722 723 719
f 723 724 719
f 719 724 602
f 724 725 602
f 602 725 715
f 726 727 671
f 727 728 671
f 671 728 668
f 728 729 668
f 668 729 730
f 717 721 716
f 721 668 716
f 716 668 731
f 668 730 731
f 731 730 732
f 730 733 732
f 731 734 716
f 734 735 716
f 716 735 736
f 735 737 736
f 736 737 733
f 676 674 671
f 674 468 671
f 671 468 738
f 468 467 738
f 739 740 741
f 740 671 741
f 741 671 742
f 671 738 742
f 740 743 671
f 743 736 671
f 671 736 726
f 736 733 726
f 726 733 744
f 733 730 744
f 743 745 736
f 745 746 736
f 736 746 747
f 746 748 747
f 747 748 739
f 749 750 468
f 741 751 739
f 751 466 739
f 739 466 747
f 466 468 747
f 747 468 752
f 468 750 752
f 686 680 468
f 680 682 468
f 468 682 749
f 682 753 749
f 754 755 756
f 755 747 756
f 753 682 757
f 682 758 757
f 757 758 759
f 758 760 759
f 759 760 752
f 760 761 752
f 752 761 747
f 761 762 747
f 747 762 756
f 763 764 688
f 764 765 688
f 688 765 682
f 765 766 682
f 682 766 767
f 768 769 755
f 769 770 755
f 755 770 771
f 770 772 771
f 771 772 773
f 754 758 755
f 758 682 755
f 755 682 768
f 682 767 768
f 768 767 774
f 767 773 774
f 775 776 777
f 767 778 773
f 778 763 773
f 773 763 771
f 763 688 771
f 771 688 779
f 688 780 779
f 781 782 783
f 771 784 777
f 784 785 777
f 777 785 775
f 695 786 787
f 788 789 790
f 789 791 790
f 695 792 793
f 780 688 794
f 688 695 794
f 794 695 791
f 695 787 791
f 791 787 790
f 788 781 789
f 781 783 789
f 789 783 795
f 783 796 795
f 795 796 779
f 796 797 779
f 779 797 771
f 797 798 771
f 771 798 784
f 786 695 782
f 695 793 782
f 782 793 783
f 793 799 783
f 783 799 785
f 799 800 785
f 785 800 775
f 801 802 695
f 803 518 804
f 518 777 804
f 523 526 524
f 526 518 524
f 524 518 805
f 518 803 805
f 776 792 777
f 792 695 777
f 777 695 806
f 695 802 806
f 712 707 695
f 707 524 695
f 695 524 801
f 524 807 801
f 807 524 808
f 524 805 808
f 808 805 809
f 805 810 809
f 809 810 806
f 810 811 806
f 806 811 777
f 811 812 777
f 777 812 804
f 604 813 814
f 813 604 815
f 604 816 815
f 815 816 817
f 816 447 817
f 817 447 818
f 447 819 818
f 818 819 820
f 819 821 820
f 820 821 814
f 821 822 814
f 814 822 604
f 822 823 604
f 604 823 446
f 823 824 446
f 446 824 447
f 824 825 447
f 447 825 819
f 816 826 827
f 826 828 827
f 827 828 602
f 828 829 602
f 829 830 602
f 602 830 604
f 830 831 604
f 604 831 816
f 831 832 816
f 816 832 826
f 827 833 834
f 833 835 834
f 834 835 716
f 835 836 716
f 836 837 716
f 716 837 602
f 837 838 602
f 602 838 827
f 838 839 827
f 827 839 833
f 840 834 841
f 834 716 841
f 841 716 842
f 716 736 842
f 842 736 843
f 843 736 844
f 736 845 844
f 844 845 846
f 845 847 848
f 847 849 848
f 848 849 747
f 849 850 747
f 850 851 747
f 747 851 736
f 851 852 736
f 736 852 845
f 852 853 845
f 845 853 847
f 848 854 855
f 854 856 855
f 855 856 755
f 856 857 755
f 857 858 755
f 755 858 747
f 858 859 747
f 747 859 848
f 859 860 848
f 848 860 854
f 855 861 862
f 861 863 862
f 862 863 771
f 863 864 771
f 864 865 771
f 771 865 755
f 865 866 755
f 755 866 855
f 866 867 855
f 855 867 861
f 868 869 870
f 869 862 870
f 870 862 871
f 868 872 873
f 873 874 868
f 874 875 868
f 868 875 869
f 875 876 869
f 869 876 777
f 876 877 777
f 777 877 878
f 871 862 879
f 862 771 879
f 879 771 880
f 771 777 880
f 880 777 872
f 777 878 872
f 872 878 873
f 881 882 883
f 883 882 518
f 882 884 518
f 884 885 518
f 518 885 777
f 885 886 777
f 777 886 869
f 886 887 869
f 883 888 889
f 888 890 889
f 889 890 512
f 890 891 512
f 891 892 512
f 512 892 518
f 892 893 518
f 518 893 883
f 893 894 883
f 883 894 888
f 895 896 506
f 896 482 506
f 506 482 504
f 482 510 504
f 896 897 482
f 897 898 482
f 482 898 512
f 898 899 512
f 512 899 889
f 899 900 889
f 816 901 902
f 901 816 903
f 816 904 903
f 903 904 905
f 904 448 905
f 905 448 906
f 448 907 906
f 906 907 908
f 907 909 908
f 908 909 902
f 909 910 902
f 902 910 816
f 910 911 816
f 816 911 447
f 911 912 447
f 447 912 448
f 912 913 448
f 448 913 907
f 904 914 915
f 914 916 915
f 915 916 827
f 916 917 827
f 917 918 827
f 827 918 816
f 918 919 816
f 816 919 904
f 919 920 904
f 904 920 914
f 921 915 922
f 923 924 834
f 924 925 834
f 834 925 827
f 925 926 827
f 827 926 915
f 926 927 915
f 915 927 922
f 840 846 834
f 846 845 834
f 834 845 928
f 928 929 834
f 929 921 834
f 834 921 923
f 921 922 923
f 929 930 921
f 930 931 921
f 921 931 932
f 931 933 932
f 932 933 845
f 933 934 845
f 845 934 928
f 932 935 936
f 935 937 936
f 936 937 848
f 937 938 848
f 938 939 848
f 848 939 845
f 939 940 845
f 845 940 932
f 940 941 932
f 932 941 935
f 936 942 943
f 942 944 943
f 943 944 855
f 944 945 855
f 945 946 855
f 855 946 848
f 946 947 848
f 848 947 936
f 947 948 936
f 936 948 942
f 943 949 950
f 949 951 950
f 950 951 862
f 951 952 862
f 952 953 862
f 862 953 855
f 953 954 855
f 855 954 943
f 954 955 943
f 943 955 949
f 956 957 869
f 957 958 869
f 959 960 961
f 960 962 961
f 959 963 960
f 963 964 960
f 960 964 965
f 964 950 965
f 965 950 966
f 966 950 967
f 950 862 967
f 967 862 968
f 862 869 968
f 968 869 962
f 869 958 962
f 962 958 961
f 887 881 869
f 881 883 869
f 869 883 969
f 969 970 869
f 970 964 869
f 869 964 956
f 964 963 956
f 970 971 964
f 971 972 964
f 964 972 973
f 972 974 973
f 973 974 883
f 974 975 883
f 883 975 969
f 976 973 977
f 978 979 889
f 979 980 889
f 889 980 883
f 980 981 883
f 883 981 973
f 981 982 973
f 973 982 977
f 900 895 889
f 895 506 889
f 889 506 983
f 983 984 889
f 984 976 889
f 889 976 978
f 976 977 978
f 984 985 976
f 985 986 976
f 976 986 987
f 986 988 987
f 987 988 506
f 988 989 506
f 506 989 983
f 990 991 502
f 991 498 502
f 502 498 500
f 498 314 500
f 991 992 498
f 992 993 498
f 498 993 506
f 993 994 506
f 506 994 987
f 994 995 987
f 904 996 997
f 996 904 998
f 904 999 998
f 998 999 1000
f 999 449 1000
f 1000 449 1001
f 449 1002 1001
f 1001 1002 1003
f 1002 1004 1003
f 1003 1004 997
f 1004 1005 997
f 997 1005 904
f 1005 1006 904
f 904 1006 448
f 1006 1007 448
f 448 1007 449
f 1007 1008 449
f 449 1008 1002
f 999 1009 1010
f 1009 1011 1010
f 1010 1011 915
f 1011 1012 915
f 1012 1013 915
f 915 1013 904
f 1013 1014 904
f 904 1014 999
f 1014 1015 999
f 999 1015 1009
f 1010 1016 1017
f 1016 1018 1017
f 1017 1018 921
f 1018 1019 921
f 1019 1020 921
f 921 1020 915
f 1020 1021 915
f 915 1021 1010
f 1021 1022 1010
f 1010 1022 1016
f 1023 1017 1024
f 1017 921 1024
f 1024 921 1025
f 921 932 1025
f 1025 932 1026
f 1026 932 1027
f 932 1028 1027
f 1027 1028 1029
f 1028 1030 1031
f 1030 1032 1031
f 1031 1032 936
f 1032 1033 936
f 1033 1034 936
f 936 1034 932
f 1034 1035 932
f 932 1035 1028
f 1035 1036 1028
f 1028 1036 1030
f 1031 1037 1038
f 1037 1039 1038
f 1038 1039 943
f 1039 1040 943
f 1040 1041 943
f 943 1041 936
f 1041 1042 936
f 936 1042 1031
f 1042 1043 1031
f 1031 1043 1037
f 1038 1044 1045
f 1044 1046 1045
f 1045 1046 950
f 1046 1047 950
f 1047 1048 950
f 950 1048 943
f 1048 1049 943
f 943 1049 1038
f 1049 1050 1038
f 1038 1050 1044
f 1051 1052 1053
f 1052 1045 1053
f 1053 1045 1054
f 1051 1055 1056
f 1056 1057 1051
f 1057 1058 1051
f 1051 1058 1052
f 1058 1059 1052
f 1052 1059 964
f 1059 1060 964
f 964 1060 1061
f 1054 1045 1062
f 1045 950 1062
f 1062 950 1063
f 950 964 1063
f 1063 964 1055
f 964 1061 1055
f 1055 1061 1056
f 1064 1065 1066
f 1066 1065 973
f 1065 1067 973
f 1067 1068 973
f 973 1068 964
f 1068 1069 964
f 964 1069 1052
f 1069 1070 1052
f 1066 1071 1072
f 1071 1073 1072
f 1072 1073 976
f 1073 1074 976
f 1074 1075 976
f 976 1075 973
f 1075 1076 973
f 973 1076 1066
f 1076 1077 1066
f 1066 1077 1071
f 1078 1079 987
f 1079 1080 987
f 987 1080 976
f 1080 1081 976
f 976 1081 1072
f 1081 1082 1072
f 995 990 987
f 990 502 987
f 987 502 1083
f 1083 1084 987
f 1084 1085 987
f 987 1085 1078
f 1085 1086 1078
f 1084 1087 1085
f 1087 1088 1085
f 1085 1088 1089
f 1088 1090 1089
f 1089 1090 502
f 1090 1091 502
f 502 1091 1083
f 1092 1093 492
f 1093 484 492
f 492 484 306
f 484 308 306
f 1093 1094 484
f 1094 1095 484
f 484 1095 502
f 1095 1096 502
f 502 1096 1089
f 1096 1097 1089
f 999 1098 1099
f 1098 999 1100
f 999 424 1100
f 1100 424 1101
f 424 423 1101
f 1101 423 1102
f 423 1103 1102
f 1102 1103 1104
f 1103 1105 1104
f 1104 1105 1099
f 1105 1106 1099
f 1099 1106 999
f 1106 1107 999
f 999 1107 449
f 1107 1108 449
f 449 1108 423
f 1108 1109 423
f 423 1109 1103
f 424 1110 431
f 1110 1111 431
f 431 1111 1010
f 1111 1112 1010
f 1112 1113 1010
f 1010 1113 999
f 1113 1114 999
f 999 1114 424
f 1114 1115 424
f 424 1115 1110
f 432 431 1116
f 1117 1118 1017
f 1118 1119 1017
f 1017 1119 1010
f 1119 1120 1010
f 1010 1120 431
f 1120 1121 431
f 431 1121 1116
f 1023 1029 1017
f 1029 1028 1017
f 1017 1028 1122
f 1122 1123 1017
f 1123 432 1017
f 1017 432 1117
f 432 1116 1117
f 1123 1124 432
f 1124 1125 432
f 432 1125 433
f 1125 1126 433
f 433 1126 1028
f 1126 1127 1028
f 1028 1127 1122
f 433 1128 434
f 1128 1129 434
f 434 1129 1031
f 1129 1130 1031
f 1130 1131 1031
f 1031 1131 1028
f 1131 1132 1028
f 1028 1132 433
f 1132 1133 433
f 433 1133 1128
f 434 1134 435
f 1134 1135 435
f 435 1135 1038
f 1135 1136 1038
f 1136 1137 1038
f 1038 1137 1031
f 1137 1138 1031
f 1031 1138 434
f 1138 1139 434
f 434 1139 1134
f 435 1140 427
f 1140 1141 427
f 427 1141 1045
f 1141 1142 1045
f 1142 1143 1045
f 1045 1143 1038
f 1143 1144 1038
f 1038 1144 435
f 1144 1145 435
f 435 1145 1140
f 1146 1147 1052
f 1147 1148 1052
f 1149 1150 1151
f 1150 1152 1151
f 1149 1153 1150
f 1153 425 1150
f 1150 425 1154
f 425 427 1154
f 1154 427 1155
f 1155 427 1156
f 427 1045 1156
f 1156 1045 1157
f 1045 1052 1157
f 1157 1052 1152
f 1052 1148 1152
f 1152 1148 1151
f 1070 1064 1052
f 1064 1066 1052
f 1052 1066 1158
f 1158 1159 1052
f 1159 425 1052
f 1052 425 1146
f 425 1153 1146
f 1159 1160 425
f 1160 1161 425
f 425 1161 428
f 1161 1162 428
f 428 1162 1066
f 1162 1163 1066
f 1066 1163 1158
f 429 428 1164
f 1165 1166 1072
f 1166 1167 1072
f 1072 1167 1066
f 1167 1168 1066
f 1066 1168 428
f 1168 1169 428
f 428 1169 1164
f 1082 1086 1072
f 1086 1085 1072
f 1072 1085 1170
f 1170 1171 1072
f 1171 429 1072
f 1072 429 1165
f 429 1164 1165
f 1171 1172 429
f 1172 1173 429
f 429 1173 430
f 1173 1174 430
f 430 1174 1085
f 1174 1175 1085
f 1085 1175 1170
f 1176 436 430
f 1177 1178 1089
f 1178 1179 1089
f 1089 1179 1085
f 1179 1180 1085
f 1085 1180 430
f 1180 1181 430
f 430 1181 1176
f 1097 1092 1089
f 1092 492 1089
f 1089 492 1182
f 1182 1183 1089
f 1183 436 1089
f 1089 436 1177
f 436 1176 1177
f 1183 1184 436
f 1184 1185 436
f 436 1185 437
f 1185 1186 437
f 437 1186 492
f 1186 1187 492
f 492 1187 1182
f 297 302 298
f 302 301 298
f 575 582 1188
f 582 1189 1188
f 582 581 1189
f 581 1190 1189
f 581 580 1190
f 580 1191 1190
f 580 578 1191
f 578 1192 1191
f 578 576 1192
f 576 1193 1192
f 576 575 1193
f 575 1188 1193
f 10 70 1194
f 69 465 70
f 465 1195 70
f 70 1195 1194
f 464 27 1196
f 27 9 1196
f 718 714 1197
f 714 1198 1197
f 714 713 1198
f 713 1199 1198
f 713 720 1199
f 720 1200 1199
f 720 722 1200
f 722 1201 1200
f 722 719 1201
f 719 1202 1201
f 719 718 1202
f 718 1197 1202
f 724 723 1203
f 723 1204 1203
f 723 721 1204
f 721 1205 1204
f 721 717 1205
f 717 1206 1205
f 717 715 1206
f 715 1207 1206
f 715 725 1207
f 725 1208 1207
f 725 724 1208
f 724 1203 1208
f 838 837 1209
f 837 1210 1209
f 837 836 1210
f 836 1211 1210
f 836 835 1211
f 835 1212 1211
f 835 833 1212
f 833 1213 1212
f 833 839 1213
f 839 1214 1213
f 839 838 1214
f 838 1209 1214
f 926 925 1215
f 925 1216 1215
f 925 924 1216
f 924 1217 1216
f 924 923 1217
f 923 1218 1217
f 923 922 1218
f 922 1219 1218
f 922 927 1219
f 927 1220 1219
f 927 926 1220
f 926 1215 1220
f 940 939 1221
f 939 1222 1221
f 939 938 1222
f 938 1223 1222
f 938 937 1223
f 937 1224 1223
f 937 935 1224
f 935 1225 1224
f 935 941 1225
f 941 1226 1225
f 941 940 1226
f 940 1221 1226
f 866 865 1227
f 865 1228 1227
f 865 864 1228
f 864 1229 1228
f 864 863 1229
f 863 1230 1229
f 863 861 1230
f 861 1231 1230
f 861 867 1231
f 867 1232 1231
f 867 866 1232
f 866 1227 1232
f 954 953 1233
f 953 1234 1233
f 953 952 1234
f 952 1235 1234
f 952 951 1235
f 951 1236 1235
f 951 949 1236
f 949 1237 1236
f 949 955 1237
f 955 1238 1237
f 955 954 1238
f 954 1233 1238
f 981 980 1239
f 980 1240 1239
f 980 979 1240
f 979 1241 1240
f 979 978 1241
f 978 1242 1241
f 978 977 1242
f 977 1243 1242
f 977 982 1243
f 982 1244 1243
f 982 981 1244
f 981 1239 1244
f 893 892 1245
f 892 1246 1245
f 892 891 1246
f 891 1247 1246
f 891 890 1247
f 890 1248 1247
f 890 888 1248
f 888 1249 1248
f 888 894 1249
f 894 1250 1249
f 894 893 1250
f 893 1245 1250
f 1021 1020 1251
f 1020 1252 1251
f 1020 1019 1252
f 1019 1253 1252
f 1019 1018 1253
f 1018 1254 1253
f 1018 1016 1254
f 1016 1255 1254
f 1016 1022 1255
f 1022 1256 1255
f 1022 1021 1256
f 1021 1251 1256
f 460 36 1257
f 36 34 1257
f 59 58 1258
f 1259 1258 461
f 1258 58 461
f 461 58 57
f 309 496 310
f 496 420 310
f 496 495 420
f 495 421 420
f 495 306 421
f 306 305 421
f 852 851 1260
f 851 1261 1260
f 851 850 1261
f 850 1262 1261
f 850 849 1262
f 849 1263 1262
f 849 847 1263
f 847 1264 1263
f 847 853 1264
f 853 1265 1264
f 853 852 1265
f 852 1260 1265
f 1035 1034 1266
f 1034 1267 1266
f 1034 1033 1267
f 1033 1268 1267
f 1033 1032 1268
f 1032 1269 1268
f 1032 1030 1269
f 1030 1270 1269
f 1030 1036 1270
f 1036 1271 1270
f 1036 1035 1271
f 1035 1266 1271
f 1096 1095 1272
f 1095 1273 1272
f 1095 1094 1273
f 1094 1274 1273
f 1094 1093 1274
f 1093 1275 1274
f 1093 1092 1275
f 1092 1276 1275
f 1092 1097 1276
f 1097 1277 1276
f 1097 1096 1277
f 1096 1272 1277
f 31 30 1278
f 1279 29 463
f 29 28 463
f 1278 1280 31
f 1280 462 31
f 31 462 56
f 500 314 419
f 314 313 419
f 317 503 318
f 503 417 318
f 503 501 417
f 501 418 417
f 501 500 418
f 500 419 418
f 321 607 322
f 607 416 322
f 607 608 416
f 608 415 416
f 608 326 415
f 326 325 415
f 329 609 330
f 609 413 330
f 609 334 413
f 334 333 413
f 556 562 1281
f 562 1282 1281
f 562 561 1282
f 561 1283 1282
f 561 560 1283
f 560 1284 1283
f 560 559 1284
f 559 1285 1284
f 559 557 1285
f 557 1286 1285
f 557 556 1286
f 556 1281 1286
f 337 342 338
f 342 341 338
f 768 774 1287
f 774 1288 1287
f 774 773 1288
f 773 1289 1288
f 773 772 1289
f 772 1290 1289
f 772 770 1290
f 770 1291 1290
f 770 769 1291
f 769 1292 1291
f 769 768 1292
f 768 1287 1292
f 766 765 1293
f 765 1294 1293
f 765 764 1294
f 764 1295 1294
f 764 763 1295
f 763 1296 1295
f 763 778 1296
f 778 1297 1296
f 778 767 1297
f 767 1298 1297
f 767 766 1298
f 766 1293 1298
f 594 598 1299
f 598 1300 1299
f 598 471 1300
f 471 1301 1300
f 471 470 1301
f 470 1302 1301
f 470 597 1302
f 597 1303 1302
f 597 595 1303
f 595 1304 1303
f 595 594 1304
f 594 1299 1304
f 631 630 1305
f 630 1306 1305
f 630 629 1306
f 629 1307 1306
f 629 628 1307
f 628 1308 1307
f 628 627 1308
f 627 1309 1308
f 627 632 1309
f 632 1310 1309
f 632 631 1310
f 631 1305 1310
f 618 617 1311
f 617 1312 1311
f 617 616 1312
f 616 1313 1312
f 616 615 1313
f 615 1314 1313
f 615 614 1314
f 614 1315 1314
f 614 619 1315
f 619 1316 1315
f 619 618 1316
f 618 1311 1316
f 692 691 1317
f 691 1318 1317
f 691 690 1318
f 690 1319 1318
f 690 689 1319
f 689 1320 1319
f 689 687 1320
f 687 1321 1320
f 687 693 1321
f 693 1322 1321
f 693 692 1322
f 692 1317 1322
f 652 651 1323
f 651 1324 1323
f 651 650 1324
f 650 1325 1324
f 650 649 1325
f 649 1326 1325
f 649 647 1326
f 647 1327 1326
f 647 653 1327
f 653 1328 1327
f 653 652 1328
f 652 1323 1328
f 743 740 1329
f 740 1330 1329
f 740 739 1330
f 739 1331 1330
f 739 748 1331
f 748 1332 1331
f 748 746 1332
f 746 1333 1332
f 746 745 1333
f 745 1334 1333
f 745 743 1334
f 743 1329 1334
f 742 738 1335
f 738 1336 1335
f 738 467 1336
f 467 1337 1336
f 467 466 1337
f 466 1338 1337
f 466 751 1338
f 751 1339 1338
f 751 741 1339
f 741 1340 1339
f 741 742 1340
f 742 1335 1340
f 638 637 1341
f 637 1342 1341
f 637 636 1342
f 636 1343 1342
f 636 635 1343
f 635 1344 1343
f 635 633 1344
f 633 1345 1344
f 633 639 1345
f 639 1346 1345
f 639 638 1346
f 638 1341 1346
f 677 678 1347
f 678 1348 1347
f 678 679 1348
f 679 1349 1348
f 679 675 1349
f 675 1350 1349
f 675 674 1350
f 674 1351 1350
f 674 676 1351
f 676 1352 1351
f 676 677 1352
f 677 1347 1352
f 1132 1131 1353
f 1131 1354 1353
f 1131 1130 1354
f 1130 1355 1354
f 1130 1129 1355
f 1129 1356 1355
f 1129 1128 1356
f 1128 1357 1356
f 1128 1133 1357
f 1133 1358 1357
f 1133 1132 1358
f 1132 1353 1358
f 1104 1099 1359
f 1099 1360 1359
f 1099 1098 1360
f 1098 1361 1360
f 1098 1100 1361
f 1100 1362 1361
f 1100 1101 1362
f 1101 1363 1362
f 1101 1102 1363
f 1102 1364 1363
f 1102 1104 1364
f 1104 1359 1364
f 1144 1143 1365
f 1143 1366 1365
f 1143 1142 1366
f 1142 1367 1366
f 1142 1141 1367
f 1141 1368 1367
f 1141 1140 1368
f 1140 1369 1368
f 1140 1145 1369
f 1145 1370 1369
f 1145 1144 1370
f 1144 1365 1370
f 349 487 350
f 487 411 350
f 487 346 411
f 346 345 411
f 1007 1006 1371
f 1006 1372 1371
f 1006 1005 1372
f 1005 1373 1372
f 1005 1004 1373
f 1004 1374 1373
f 1004 1002 1374
f 1002 1375 1374
f 1002 1008 1375
f 1008 1376 1375
f 1008 1007 1376
f 1007 1371 1376
f 912 911 1377
f 911 1378 1377
f 911 910 1378
f 910 1379 1378
f 910 909 1379
f 909 1380 1379
f 909 907 1380
f 907 1381 1380
f 907 913 1381
f 913 1382 1381
f 913 912 1382
f 912 1377 1382
f 1120 1119 1383
f 1119 1384 1383
f 1119 1118 1384
f 1118 1385 1384
f 1118 1117 1385
f 1117 1386 1385
f 1117 1116 1386
f 1116 1387 1386
f 1116 1121 1387
f 1121 1388 1387
f 1121 1120 1388
f 1120 1383 1388
f 1108 1107 1389
f 1107 1390 1389
f 1107 1106 1390
f 1106 1391 1390
f 1106 1105 1391
f 1105 1392 1391
f 1105 1103 1392
f 1103 1393 1392
f 1103 1109 1393
f 1109 1394 1393
f 1109 1108 1394
f 1108 1389 1394
f 908 902 1395
f 902 1396 1395
f 902 901 1396
f 901 1397 1396
f 901 903 1397
f 903 1398 1397
f 903 905 1398
f 905 1399 1398
f 905 906 1399
f 906 1400 1399
f 906 908 1400
f 908 1395 1400
f 1168 1167 1401
f 1167 1402 1401
f 1167 1166 1402
f 1166 1403 1402
f 1166 1165 1403
f 1165 1404 1403
f 1165 1164 1404
f 1164 1405 1404
f 1164 1169 1405
f 1169 1406 1405
f 1169 1168 1406
f 1168 1401 1406
f 824 823 1407
f 823 1408 1407
f 823 822 1408
f 822 1409 1408
f 822 821 1409
f 821 1410 1409
f 821 819 1410
f 819 1411 1410
f 819 825 1411
f 825 1412 1411
f 825 824 1412
f 824 1407 1412
f 1003 997 1413
f 997 1414 1413
f 997 996 1414
f 996 1415 1414
f 996 998 1415
f 998 1416 1415
f 998 1000 1416
f 1000 1417 1416
f 1000 1001 1417
f 1001 1418 1417
f 1001 1003 1418
f 1003 1413 1418
f 820 814 1419
f 814 1420 1419
f 814 813 1420
f 813 1421 1420
f 813 815 1421
f 815 1422 1421
f 815 817 1422
f 817 1423 1422
f 817 818 1423
f 818 1424 1423
f 818 820 1424
f 820 1419 1424
f 1151 1148 1425
f 1148 1426 1425
f 1148 1147 1426
f 1147 1427 1426
f 1147 1146 1427
f 1146 1428 1427
f 1146 1153 1428
f 1153 1429 1428
f 1153 1149 1429
f 1149 1430 1429
f 1149 1151 1430
f 1151 1425 1430
f 1183 1182 1431
f 1182 1432 1431
f 1182 1187 1432
f 1187 1433 1432
f 1187 1186 1433
f 1186 1434 1433
f 1186 1185 1434
f 1185 1435 1434
f 1185 1184 1435
f 1184 1436 1435
f 1184 1183 1436
f 1183 1431 1436
f 493 491 1437
f 491 1438 1437
f 491 490 1438
f 490 1439 1438
f 490 489 1439
f 489 1440 1439
f 489 488 1440
f 488 1441 1440
f 488 494 1441
f 494 1442 1441
f 494 493 1442
f 493 1437 1442
f 1171 1170 1443
f 1170 1444 1443
f 1170 1175 1444
f 1175 1445 1444
f 1175 1174 1445
f 1174 1446 1445
f 1174 1173 1446
f 1173 1447 1446
f 1173 1172 1447
f 1172 1448 1447
f 1172 1171 1448
f 1171 1443 1448
f 65 61 1449
f 6 458 61
f 458 1450 61
f 61 1450 1449
f 456 63 1451
f 63 64 1451
f 357 531 358
f 531 410 358
f 531 354 410
f 354 353 410
f 361 366 362
f 366 365 362
f 525 527 1452
f 527 1453 1452
f 527 521 1453
f 521 1454 1453
f 521 516 1454
f 516 1455 1454
f 516 517 1455
f 517 1456 1455
f 517 519 1456
f 519 1457 1456
f 519 525 1457
f 525 1452 1457
f 523 522 1458
f 522 1459 1458
f 522 530 1459
f 530 1460 1459
f 530 529 1460
f 529 1461 1460
f 529 528 1461
f 528 1462 1461
f 528 526 1462
f 526 1463 1462
f 526 523 1463
f 523 1458 1463
f 1049 1048 1464
f 1048 1465 1464
f 1048 1047 1465
f 1047 1466 1465
f 1047 1046 1466
f 1046 1467 1466
f 1046 1044 1467
f 1044 1468 1467
f 1044 1050 1468
f 1050 1469 1468
f 1050 1049 1469
f 1049 1464 1469
f 899 898 1470
f 898 1471 1470
f 898 897 1471
f 897 1472 1471
f 897 896 1472
f 896 1473 1472
f 896 895 1473
f 895 1474 1473
f 895 900 1474
f 900 1475 1474
f 900 899 1475
f 899 1470 1475
f 984 983 1476
f 983 1477 1476
f 983 989 1477
f 989 1478 1477
f 989 988 1478
f 988 1479 1478
f 988 986 1479
f 986 1480 1479
f 986 985 1480
f 985 1481 1480
f 985 984 1481
f 984 1476 1481
f 1081 1080 1482
f 1080 1483 1482
f 1080 1079 1483
f 1079 1484 1483
f 1079 1078 1484
f 1078 1485 1484
f 1078 1086 1485
f 1086 1486 1485
f 1086 1082 1486
f 1082 1487 1486
f 1082 1081 1487
f 1081 1482 1487
f 1076 1075 1488
f 1075 1489 1488
f 1075 1074 1489
f 1074 1490 1489
f 1074 1073 1490
f 1073 1491 1490
f 1073 1071 1491
f 1071 1492 1491
f 1071 1077 1492
f 1077 1493 1492
f 1077 1076 1493
f 1076 1488 1493
f 961 958 1494
f 958 1495 1494
f 958 957 1495
f 957 1496 1495
f 957 956 1496
f 956 1497 1496
f 956 963 1497
f 963 1498 1497
f 963 959 1498
f 959 1499 1498
f 959 961 1499
f 961 1494 1499
f 1056 1061 1500
f 1061 1501 1500
f 1061 1060 1501
f 1060 1502 1501
f 1060 1059 1502
f 1059 1503 1502
f 1059 1058 1503
f 1058 1504 1503
f 1058 1057 1504
f 1057 1505 1504
f 1057 1056 1505
f 1056 1500 1505
f 873 878 1506
f 878 1507 1506
f 878 877 1507
f 877 1508 1507
f 877 876 1508
f 876 1509 1508
f 876 875 1509
f 875 1510 1509
f 875 874 1510
f 874 1511 1510
f 874 873 1511
f 873 1506 1511
f 699 704 1512
f 704 1513 1512
f 704 703 1513
f 703 1514 1513
f 703 702 1514
f 702 1515 1514
f 702 701 1515
f 701 1516 1515
f 701 700 1516
f 700 1517 1516
f 700 699 1517
f 699 1512 1517
f 790 787 1518
f 787 1519 1518
f 787 786 1519
f 786 1520 1519
f 786 782 1520
f 782 1521 1520
f 782 781 1521
f 781 1522 1521
f 781 788 1522
f 788 1523 1522
f 788 790 1523
f 790 1518 1523
f 799 793 1524
f 793 1525 1524
f 793 792 1525
f 792 1526 1525
f 792 776 1526
f 776 1527 1526
f 776 775 1527
f 775 1528 1527
f 775 800 1528
f 800 1529 1528
f 800 799 1529
f 799 1524 1529
f 658 663 1530
f 663 1531 1530
f 663 662 1531
f 662 1532 1531
f 662 661 1532
f 661 1533 1532
f 661 660 1533
f 660 1534 1533
f 660 659 1534
f 659 1535 1534
f 659 658 1535
f 658 1530 1535
f 511 480 1536
f 480 1537 1536
f 480 479 1537
f 479 1538 1537
f 479 515 1538
f 515 1539 1538
f 515 514 1539
f 514 1540 1539
f 514 513 1540
f 513 1541 1540
f 513 511 1541
f 511 1536 1541
f 452 60 1542
f 60 41 1542
f 43 45 1543
f 47 453 45
f 453 1544 45
f 45 1544 1543
f 549 370 407
f 370 369 407
f 373 547 374
f 547 409 374
f 547 548 409
f 548 408 409
f 548 549 408
f 549 407 408
f 144 145 1545
f 145 147 1545
f 153 1546 151
f 1546 1545 151
f 151 1545 149
f 1545 147 149
f 55 1547 165
f 165 1547 160
f 1547 1548 160
f 160 1548 170
f 165 91 55
f 91 89 55
f 55 89 88
f 106 23 104
f 23 55 104
f 104 55 181
f 55 88 181
f 1549 1550 1551
f 1552 1550 1553
f 1552 1553 7
f 1553 1554 7
f 7 1554 1555
f 1556 1557 8
f 1558 1559 105
f 105 1559 101
f 8 7 1556
f 7 1555 1556
f 1556 1555 1560
f 1555 1561 1560
f 1560 1561 1562
f 1559 1563 101
f 1563 1564 101
f 101 1564 102
f 1564 1565 102
f 102 1565 1551
f 1561 1549 1562
f 1549 1551 1562
f 1562 1551 1566
f 1551 1565 1566
f 1566 1565 1567
f 1565 1568 1567
f 1567 1568 1557
f 1568 1558 1557
f 1557 1558 8
f 1558 105 8
f 1569 7 1570
f 7 32 1570
f 1570 32 1571
f 32 1572 1571
f 1550 1552 1551
f 1552 1573 1551
f 1551 1573 32
f 1573 1574 32
f 32 1574 1572
f 1574 1575 1572
f 1572 1575 1569
f 1575 1576 1569
f 1569 1576 7
f 1576 1577 7
f 7 1577 1552
f 1577 1578 1552
f 1552 1578 1573
f 105 112 8
f 112 54 8
f 112 111 54
f 111 81 54
f 111 109 81
f 109 67 81
f 109 108 67
f 108 68 67
f 108 110 68
f 110 62 68
f 32 62 1551
f 62 110 1551
f 1551 110 102
f 280 1579 281
f 1579 1580 281
f 281 1580 270
f 1580 1581 270
f 270 1581 271
f 1581 1582 271
f 271 1582 272
f 1582 1583 272
f 272 1583 273
f 1583 1584 273
f 273 1584 286
f 1584 1585 286
f 286 1585 287
f 1585 1586 287
f 287 1586 288
f 1586 1587 288
f 288 1587 282
f 1587 1588 282
f 282 1588 283
f 1588 1589 283
f 283 1589 289
f 1589 1590 289
f 289 1590 290
f 1590 1591 290
f 290 1591 291
f 1591 1592 291
f 291 1592 268
f 1592 1593 268
f 268 1593 269
f 1593 1594 269
f 269 1594 274
f 1594 1595 274
f 274 1595 275
f 1595 1596 275
f 275 1596 276
f 1596 1597 276
f 276 1597 277
f 1597 1598 277
f 277 1598 284
f 1598 1599 284
f 284 1599 285
f 1599 1600 285
f 285 1600 278
f 1600 1601 278
f 278 1601 279
f 1601 1602 279
f 279 1602 280
f 1602 1579 280
f 255 1603 256
f 1603 1604 256
f 256 1604 247
f 1604 1605 247
f 247 1605 248
f 1605 1606 248
f 248 1606 257
f 1606 1607 257
f 257 1607 258
f 1607 1608 258
f 258 1608 259
f 1608 1609 259
f 259 1609 260
f 1609 1610 260
f 260 1610 264
f 1610 1611 264
f 264 1611 265
f 1611 1612 265
f 265 1612 266
f 1612 1613 266
f 266 1613 267
f 1613 1614 267
f 267 1614 249
f 1614 1615 249
f 249 1615 250
f 1615 1616 250
f 250 1616 251
f 1616 1617 251
f 251 1617 252
f 1617 1618 252
f 252 1618 253
f 1618 1619 253
f 253 1619 261
f 1619 1620 261
f 261 1620 262
f 1620 1621 262
f 262 1621 263
f 1621 1622 263
f 263 1622 244
f 1622 1623 244
f 244 1623 245
f 1623 1624 245
f 245 1624 246
f 1624 1625 246
f 246 1625 254
f 1625 1626 254
f 254 1626 255
f 1626 1603 255
f 236 235 1627
f 235 1628 1627
f 243 1629 234
f 1629 1628 234
f 234 1628 235
f 243 242 1629
f 242 1630 1629
f 240 1631 241
f 1631 1632 241
f 241 1632 1633
f 1633 1634 241
f 1634 1630 241
f 241 1630 242
f 1634 1635 1630
f 1635 1636 1630
f 1630 1636 1637
f 1637 1638 1630
f 1638 1639 1630
f 1630 1639 1640
f 1641 1642 1643
f 1644 1645 1632
f 1646 1647 1648
f 1649 1645 1646
f 1648 1647 1650
f 1647 1651 1650
f 1651 1652 1650
f 1650 1652 1653
f 1652 1644 1653
f 1653 1644 1631
f 1644 1632 1631
f 1646 1648 1649
f 1648 1654 1649
f 1649 1654 1655
f 1645 1649 1632
f 1649 1655 1632
f 1632 1655 1633
f 1655 1656 1633
f 1633 1656 1657
f 1656 1658 1657
f 1657 1658 1659
f 1658 1660 1659
f 1659 1660 1648
f 1660 1661 1648
f 1648 1661 1654
f 1662 1663 1634
f 1664 1665 1666
f 1667 1663 1664
f 1666 1665 1659
f 1665 1668 1659
f 1668 1669 1659
f 1659 1669 1657
f 1669 1662 1657
f 1657 1662 1633
f 1662 1634 1633
f 1670 1671 1672
f 1672 1671 1673
f 1671 1674 1673
f 1673 1674 1675
f 1672 1676 1670
f 1676 1677 1670
f 1670 1677 1678
f 1677 1679 1678
f 1678 1679 1637
f 1679 1638 1637
f 1680 1681 1640
f 1682 1683 1684
f 1683 1685 1684
f 1684 1685 1641
f 1679 1675 1638
f 1675 1674 1638
f 1638 1674 1639
f 1671 1686 1674
f 1686 1687 1674
f 1674 1687 1639
f 1687 1688 1639
f 1639 1688 1689
f 1685 1640 1641
f 1640 1681 1641
f 1641 1681 1642
f 1681 1690 1642
f 1642 1690 1691
f 1690 1692 1691
f 1691 1692 1693
f 1692 1694 1693
f 1640 1639 1680
f 1639 1689 1680
f 1680 1689 1695
f 1689 1696 1695
f 1695 1696 1694
f 1696 1697 1694
f 1694 1697 1693
f 1697 1698 1693
f 1693 1698 1671
f 1698 1699 1671
f 1671 1699 1686
f 1700 1701 1636
f 1702 1703 1704
f 1705 1701 1702
f 1704 1703 1706
f 1703 1707 1706
f 1707 1708 1706
f 1706 1708 1709
f 1708 1700 1709
f 1709 1700 1635
f 1700 1636 1635
f 1702 1704 1705
f 1704 1710 1705
f 1705 1710 1711
f 1701 1705 1636
f 1705 1711 1636
f 1636 1711 1637
f 1711 1712 1637
f 1637 1712 1678
f 1712 1713 1678
f 1678 1713 1670
f 1713 1714 1670
f 1670 1714 1704
f 1714 1715 1704
f 1704 1715 1710
f 1664 1666 1667
f 1666 1716 1667
f 1667 1716 1717
f 1663 1667 1634
f 1667 1717 1634
f 1634 1717 1635
f 1717 1718 1635
f 1635 1718 1709
f 1718 1719 1709
f 1709 1719 1706
f 1719 1720 1706
f 1706 1720 1666
f 1720 1721 1666
f 1666 1721 1716
f 1631 240 239
f 1722 229 1650
f 229 1722 239
f 1722 1723 239
f 1723 1724 239
f 239 1724 1631
f 1724 1725 1631
f 1631 1725 1653
f 1725 1726 1653
f 1653 1726 1650
f 1726 1727 1650
f 1650 1727 1722
f 1728 1729 1730
f 1729 1731 1730
f 1730 1731 1732
f 1731 1733 1732
f 1732 1733 1734
f 1733 1735 1734
f 1734 1735 1736
f 1735 1737 1736
f 1736 1737 1738
f 1737 1739 1738
f 1738 1739 1728
f 1739 1729 1728
f 1740 1741 1742
f 1741 1743 1742
f 1744 1745 1746
f 1745 1747 1746
f 1746 1747 1748
f 1747 1749 1748
f 1748 1749 1750
f 1749 1751 1750
f 1750 1751 1752
f 1753 1731 1754
f 1731 1755 1754
f 1754 1755 1756
f 1755 1757 1756
f 1756 1757 1758
f 1757 1759 1758
f 1758 1759 1760
f 1759 1735 1760
f 1760 1735 1761
f 1735 1733 1761
f 1761 1733 1753
f 1733 1731 1753
f 1762 1755 1763
f 1755 1748 1763
f 1763 1748 1764
f 1748 1750 1764
f 1764 1750 1765
f 1750 1752 1765
f 1765 1752 1766
f 1752 1759 1766
f 1766 1759 1767
f 1759 1757 1767
f 1767 1757 1762
f 1757 1755 1762
f 1768 1769 1770
f 1769 1729 1770
f 1770 1729 1771
f 1729 1739 1771
f 1771 1739 1772
f 1739 1737 1772
f 1772 1737 1773
f 1737 1774 1773
f 1773 1774 1775
f 1774 1776 1775
f 1775 1776 1768
f 1776 1769 1768
f 1777 1778 1779
f 1778 1769 1779
f 1779 1769 1780
f 1769 1776 1780
f 1780 1776 1781
f 1776 1774 1781
f 1781 1774 1782
f 1774 1783 1782
f 1782 1783 1784
f 1783 1785 1784
f 1784 1785 1777
f 1785 1778 1777
f 1786 1787 1788
f 1787 1778 1788
f 1788 1778 1789
f 1778 1785 1789
f 1789 1785 1790
f 1785 1783 1790
f 1790 1783 1791
f 1783 1792 1791
f 1791 1792 1793
f 1792 1794 1793
f 1793 1794 1786
f 1794 1787 1786
f 1795 216 1796
f 216 1787 1796
f 1796 1787 1797
f 1787 1794 1797
f 1797 1794 1798
f 1794 1792 1798
f 1798 1792 1799
f 1792 122 1799
f 1799 122 1800
f 122 125 1800
f 1800 125 1795
f 125 216 1795
f 123 122 1801
f 122 1792 1801
f 1801 1792 1802
f 1792 1783 1802
f 1802 1783 1803
f 1783 1774 1803
f 1803 1774 1804
f 1774 1737 1804
f 1804 1737 1805
f 1737 1735 1805
f 1805 1735 1806
f 1735 1759 1806
f 1806 1759 1807
f 1759 1752 1807
f 1807 1752 1808
f 1751 1743 1752
f 1743 1741 1752
f 1752 1741 1808
f 1741 1809 1808
f 1808 1809 1810
f 1810 1809 1811
f 1809 1812 1811
f 1811 1812 1813
f 1814 1815 1816
f 1815 1817 1816
f 1816 1817 1812
f 1817 386 1812
f 1812 386 1813
f 386 384 1813
f 1813 384 1818
f 384 1819 1818
f 1819 1820 1818
f 1818 1820 1821
f 1820 387 1821
f 1821 387 1817
f 387 389 1817
f 1817 389 386
f 1821 1822 1818
f 1822 1823 1818
f 1818 1823 1824
f 1823 1825 1824
f 1825 1826 1824
f 1824 1826 1827
f 1826 1828 1827
f 1827 1828 1821
f 1828 1829 1821
f 1821 1829 1822
f 1830 1831 1832
f 1831 1833 1832
f 1832 1833 1827
f 1833 1834 1827
f 1834 1835 1827
f 1827 1835 1824
f 1835 1836 1824
f 1824 1836 1830
f 1836 1837 1830
f 1830 1837 1831
f 1838 1839 1840
f 1839 1841 1840
f 1840 1841 1832
f 1841 1842 1832
f 1842 1843 1832
f 1832 1843 1830
f 1843 1844 1830
f 1830 1844 1838
f 1844 1845 1838
f 1838 1845 1839
f 1846 1847 1848
f 1848 1847 1840
f 1847 1849 1840
f 1849 1850 1840
f 1840 1850 1838
f 1850 1851 1838
f 1838 1851 1852
f 1851 1853 1852
f 1853 1846 1852
f 1846 1848 1852
f 1852 1848 1854
f 1854 1855 1852
f 1855 1856 1852
f 1852 1856 128
f 1856 1857 128
f 128 1857 136
f 1857 1858 136
f 136 1858 1848
f 1858 1859 1848
f 1848 1859 1854
f 1684 1860 1682
f 1860 1740 1682
f 1682 1740 1744
f 1740 1742 1744
f 1744 1742 1745
f 397 394 1861
f 394 392 1861
f 1861 392 1691
f 392 1862 1691
f 1862 395 1691
f 1691 395 1642
f 395 397 1642
f 1642 397 1643
f 397 1861 1643
f 229 228 1650
f 228 1863 1650
f 1650 1863 1648
f 1863 1864 1648
f 1648 1864 1659
f 1864 1865 1659
f 1659 1865 1666
f 1865 1866 1666
f 1666 1866 1706
f 1866 1867 1706
f 1706 1867 1704
f 1867 1868 1704
f 1704 1868 1670
f 1868 1869 1670
f 1670 1869 1671
f 1869 1870 1671
f 1671 1870 1693
f 1870 1871 1693
f 1693 1871 1691
f 1871 1872 1691
f 1691 1872 1861
f 1872 1873 1861
f 1861 1873 1874
f 1873 1875 1874
f 1746 1683 380
f 1683 1682 380
f 380 1682 381
f 1682 1744 381
f 381 1744 378
f 1744 1746 378
f 378 1746 380
f 1873 1872 1876
f 1872 1871 1876
f 1876 1871 1870
f 1870 1869 1876
f 1869 1868 1876
f 1876 1868 227
f 1868 1867 227
f 1867 1866 227
f 227 1866 1865
f 1865 1864 227
f 1864 1863 227
f 227 1863 228
f 227 226 1876
f 226 1877 1876
f 233 1878 225
f 1878 1877 225
f 225 1877 226
f 233 232 1878
f 232 1879 1878
f 232 231 1879
f 231 1880 1879
f 231 230 1880
f 230 1881 1880
f 236 1627 237
f 1627 1881 237
f 237 1881 230
f 177 176 1882
f 176 1883 1882
f 176 174 1883
f 174 1884 1883
f 174 173 1884
f 173 1885 1884
f 84 83 1886
f 1885 173 224
f 1885 224 1886
f 224 223 1886
f 1886 223 84
f 83 82 1886
f 82 1887 1886
f 1887 82 222
f 123 1801 222
f 1801 1802 222
f 222 1802 1887
f 1802 1803 1887
f 1803 1804 1887
f 1887 1804 1805
f 1805 1806 1887
f 1806 1807 1887
f 1887 1807 1808
f 1888 1685 1683
f 1683 1746 1888
f 1746 1748 1888
f 1888 1748 1755
f 1755 1731 1888
f 1731 1729 1888
f 1888 1729 218
f 1729 1769 218
f 1769 1778 218
f 218 1778 215
f 1778 1787 215
f 215 1787 216
f 218 217 1888
f 217 1889 1888
f 86 1890 87
f 1890 1889 87
f 87 1889 217
f 86 85 1890
f 85 1891 1890
f 177 1882 220
f 1882 1891 220
f 220 1891 85
f 212 1892 213
f 1892 1893 213
f 213 1893 172
f 212 210 1892
f 210 208 1892
f 1892 208 207
f 1810 1811 1894
f 1811 1813 1894
f 1894 1813 1818
f 1818 1824 1894
f 1824 1830 1894
f 1894 1830 201
f 1830 1838 201
f 201 1838 127
f 1838 1852 127
f 127 1852 128
f 201 203 1894
f 203 1895 1894
f 1895 203 206
f 93 1896 94
f 1896 1895 94
f 94 1895 205
f 1895 206 205
f 93 92 1896
f 92 1897 1896
f 92 164 1897
f 164 1898 1897
f 164 166 1898
f 166 1899 1898
f 185 184 73
f 184 74 73
f 99 75 100
f 75 74 100
f 100 74 184
f 99 98 75
f 98 76 75
f 119 1900 98
f 1900 1901 98
f 98 1901 1902
f 1902 1903 98
f 1903 1904 98
f 98 1904 76
f 1904 1905 76
f 76 1905 1906
f 1906 1907 76
f 1907 1908 76
f 76 1908 77
f 77 1908 78
f 1909 38 1910
f 38 37 1910
f 1908 1911 78
f 1911 1912 78
f 78 1912 79
f 1913 1914 1909
f 1914 1915 1909
f 1909 1915 1907
f 1915 1916 1907
f 1907 1916 1908
f 1916 1917 1908
f 1908 1917 1911
f 1917 1918 1911
f 1911 1918 1910
f 1918 1913 1910
f 1910 1913 1909
f 1900 1919 1920
f 1919 1921 1920
f 1920 1921 121
f 1921 1922 121
f 1922 1923 121
f 121 1923 119
f 1923 1924 119
f 119 1924 1900
f 1924 1925 1900
f 1900 1925 1919
f 1901 1926 1927
f 1926 1928 1927
f 1927 1928 1920
f 1928 1929 1920
f 1929 1930 1920
f 1920 1930 1900
f 1930 1931 1900
f 1900 1931 1901
f 1931 1932 1901
f 1901 1932 1926
f 1902 1933 1934
f 1933 1935 1934
f 1934 1935 1927
f 1935 1936 1927
f 1936 1937 1927
f 1927 1937 1901
f 1937 1938 1901
f 1901 1938 1902
f 1938 1939 1902
f 1902 1939 1933
f 1903 1940 1941
f 1940 1942 1941
f 1941 1942 1934
f 1942 1943 1934
f 1943 1944 1934
f 1934 1944 1902
f 1944 1945 1902
f 1902 1945 1903
f 1945 1946 1903
f 1903 1946 1940
f 1904 1947 1948
f 1947 1949 1948
f 1948 1949 1941
f 1949 1950 1941
f 1950 1951 1941
f 1941 1951 1903
f 1951 1952 1903
f 1903 1952 1904
f 1952 1953 1904
f 1904 1953 1947
f 1954 1955 1905
f 1948 1955 1956
f 1957 1956 1958
f 1956 1955 1958
f 1958 1955 1959
f 1955 1954 1959
f 1957 1958 1960
f 1958 1961 1960
f 1960 1961 1962
f 1963 1904 1964
f 1904 1948 1964
f 1964 1948 1965
f 1948 1956 1965
f 1963 1960 1904
f 1960 1962 1904
f 1904 1962 1905
f 1962 1966 1905
f 1905 1966 1954
f 1906 1967 1968
f 1967 1969 1968
f 1968 1969 1955
f 1969 1970 1955
f 1970 1971 1955
f 1955 1971 1905
f 1971 1972 1905
f 1905 1972 1906
f 1972 1973 1906
f 1906 1973 1967
f 1907 1974 1909
f 1974 1975 1909
f 1909 1975 1968
f 1975 1976 1968
f 1976 1977 1968
f 1968 1977 1906
f 1977 1978 1906
f 1906 1978 1907
f 1978 1979 1907
f 1907 1979 1974
f 121 116 1920
f 116 1980 1920
f 1920 1980 1927
f 1980 1981 1927
f 1927 1981 1934
f 1981 1982 1934
f 1934 1982 1941
f 1982 1983 1941
f 1941 1983 1948
f 1983 1984 1948
f 1948 1984 1955
f 1984 1985 1955
f 1955 1985 1968
f 1985 1986 1968
f 1968 1986 1909
f 1986 1987 1909
f 1909 1987 38
f 1987 40 38
f 40 1987 51
f 1987 1986 51
f 51 1986 1985
f 1985 1984 51
f 1984 1983 51
f 51 1983 182
f 1983 1982 182
f 1982 1981 182
f 1981 1980 182
f 182 1980 183
f 1980 116 183
f 182 180 51
f 180 49 51
f 180 179 49
f 179 50 49
f 179 178 50
f 178 52 50
f 178 187 52
f 187 71 52
f 187 186 71
f 186 72 71
f 186 185 72
f 185 73 72
f 198 197 13
f 197 11 13
f 197 196 11
f 196 12 11
f 196 195 12
f 195 14 12
f 194 1988 195
f 1988 1989 195
f 1989 1990 195
f 1990 1991 195
f 195 1991 14
f 1991 1992 14
f 14 1992 1993
f 1993 1994 14
f 1994 1995 14
f 14 1995 42
f 1996 44 42
f 1996 42 1997
f 17 16 1998
f 406 404 1999
f 404 2000 1999
f 1999 2000 1994
f 2000 2001 1994
f 1994 2001 1995
f 2001 399 1995
f 1995 399 401
f 1999 17 406
f 17 1998 406
f 406 1998 401
f 1998 1997 401
f 401 1997 1995
f 1997 42 1995
f 1988 2002 2003
f 2002 2004 2003
f 2003 2004 193
f 2004 2005 193
f 2005 2006 193
f 193 2006 194
f 2006 2007 194
f 194 2007 1988
f 2007 2008 1988
f 1988 2008 2002
f 1989 2009 2010
f 2009 2011 2010
f 2010 2011 2003
f 2011 2012 2003
f 2012 2013 2003
f 2003 2013 1988
f 2013 2014 1988
f 1988 2014 1989
f 2014 2015 1989
f 1989 2015 2009
f 1990 2016 2017
f 2016 2018 2017
f 2017 2018 2010
f 2018 2019 2010
f 2019 2020 2010
f 2010 2020 1989
f 2020 2021 1989
f 1989 2021 1990
f 2021 2022 1990
f 1990 2022 2016
f 1991 2023 2024
f 2023 2025 2024
f 2024 2025 2017
f 2025 2026 2017
f 2026 2027 2017
f 2017 2027 1990
f 2027 2028 1990
f 1990 2028 1991
f 2028 2029 1991
f 1991 2029 2023
f 1992 2030 2031
f 2030 2032 2031
f 2031 2032 2024
f 2032 2033 2024
f 2033 2034 2024
f 2024 2034 1991
f 2034 2035 1991
f 1991 2035 1992
f 2035 2036 1992
f 1992 2036 2030
f 1993 2037 2038
f 2037 2039 2038
f 2038 2039 2031
f 2039 2040 2031
f 2040 2041 2031
f 2031 2041 1992
f 2041 2042 1992
f 1992 2042 1993
f 2042 2043 1993
f 1993 2043 2037
f 1994 2044 1999
f 2044 2045 1999
f 1999 2045 2038
f 2045 2046 2038
f 2046 2047 2038
f 2038 2047 1993
f 2047 2048 1993
f 1993 2048 1994
f 2048 2049 1994
f 1994 2049 2044
f 193 189 2003
f 189 2050 2003
f 2003 2050 2010
f 2050 2051 2010
f 2010 2051 2017
f 2051 2052 2017
f 2017 2052 2024
f 2052 2053 2024
f 2024 2053 2031
f 2053 2054 2031
f 2031 2054 2038
f 2054 2055 2038
f 2038 2055 1999
f 2055 2056 1999
f 1999 2056 17
f 2056 66 17
f 2050 189 188
f 66 2056 20
f 2056 2055 20
f 20 2055 2054
f 2054 2053 20
f 2053 2052 20
f 20 2052 188
f 2052 2051 188
f 188 2051 2050
f 188 191 20
f 191 18 20
f 191 190 18
f 190 19 18
f 190 192 19
f 192 21 19
f 192 200 21
f 200 80 21
f 200 199 80
f 199 53 80
f 199 198 53
f 198 13 53
f 170 1548 2057
f 170 2057 169
f 2057 2058 169
f 169 2058 155
f 2058 2059 155
f 155 2059 157
f 2059 2060 157
f 157 2060 156
f 2060 2061 156
f 156 2061 154
f 2061 2062 154
f 154 2062 168
f 2062 1546 168
f 168 1546 153
f 1821 1817 2063
f 1892 207 2064
f 207 138 2064
f 2064 138 2065
f 138 137 2065
f 2065 137 2066
f 137 135 2066
f 2066 135 2067
f 135 134 2067
f 2067 134 2068
f 134 133 2068
f 2068 133 2069
f 133 132 2069
f 2069 132 2063
f 1821 2063 1827
f 136 1848 132
f 1848 1840 132
f 132 1840 2063
f 1840 1832 2063
f 2063 1832 1827
f 1899 166 167
f 1899 167 2070
f 167 163 2070
f 2070 163 2071
f 163 162 2071
f 2071 162 2072
f 172 1893 158
f 1893 2073 158
f 158 2073 159
f 2073 2074 159
f 159 2074 161
f 2074 2075 161
f 161 2075 162
f 2075 2076 162
f 162 2076 2072
f 25 294 2077
f 294 2078 2077
f 2077 2078 2079
f 2078 2080 2079
f 2079 2080 2081
f 2080 444 2081
f 2081 444 140
f 444 292 140
f 117 238 292
f 238 95 292
f 25 107 294
f 107 113 294
f 294 113 292
f 113 115 292
f 292 115 117
f 95 97 292
f 97 124 292
f 292 124 130
f 130 129 292
f 129 141 292
f 292 141 140
f 140 142 2081
f 142 2082 2081
f 25 23 106
f 24 443 22
f 732 1732 731
f 1732 1734 731
f 733 1730 732
f 1730 1732 732
f 737 1728 733
f 1728 1730 733
f 735 1738 737
f 1738 1728 737
f 734 1736 735
f 1736 1738 735
f 731 1734 734
f 1734 1736 734
f 591 1745 584
f 1745 1742 584
f 586 1747 591
f 1747 1745 591
f 588 1749 586
f 1749 1747 586
f 590 1751 588
f 1751 1749 588
f 585 1743 590
f 1743 1751 590
f 584 1742 585
f 1742 1743 585
f 728 1756 729
f 1756 1758 729
f 727 1754 728
f 1754 1756 728
f 726 1753 727
f 1753 1754 727
f 744 1761 726
f 1761 1753 726
f 730 1760 744
f 1760 1761 744
f 729 1758 730
f 1758 1760 730
f 666 1764 667
f 1764 1765 667
f 673 1763 666
f 1763 1764 666
f 672 1762 673
f 1762 1763 673
f 670 1767 672
f 1767 1762 672
f 669 1766 670
f 1766 1767 670
f 667 1765 669
f 1765 1766 669
f 610 1822 606
f 1822 1829 606
f 612 1823 610
f 1823 1822 610
f 601 1825 612
f 1825 1823 612
f 603 1826 601
f 1826 1825 601
f 605 1828 603
f 1828 1826 603
f 606 1829 605
f 1829 1828 605
f 613 1819 383
f 1819 384 383
f 611 1820 613
f 1820 1819 613
f 388 387 611
f 387 1820 611
f 1041 1646 1042
f 1646 1645 1042
f 1040 1647 1041
f 1647 1646 1041
f 1039 1651 1040
f 1651 1647 1040
f 1037 1652 1039
f 1652 1651 1039
f 1043 1644 1037
f 1644 1652 1037
f 1042 1645 1043
f 1645 1644 1043
f 918 1843 919
f 1843 1842 919
f 917 1844 918
f 1844 1843 918
f 916 1845 917
f 1845 1844 917
f 914 1839 916
f 1839 1845 916
f 920 1841 914
f 1841 1839 914
f 919 1842 920
f 1842 1841 920
f 946 1658 947
f 1658 1656 947
f 945 1660 946
f 1660 1658 946
f 944 1661 945
f 1661 1660 945
f 942 1654 944
f 1654 1661 944
f 948 1655 942
f 1655 1654 942
f 947 1656 948
f 1656 1655 948
f 969 2016 970
f 2016 2022 970
f 975 2018 969
f 2018 2016 969
f 974 2019 975
f 2019 2018 975
f 972 2020 974
f 2020 2019 974
f 971 2021 972
f 2021 2020 972
f 970 2022 971
f 2022 2021 971
f 842 1771 841
f 1771 1772 841
f 843 1770 842
f 1770 1771 842
f 844 1768 843
f 1768 1770 843
f 846 1775 844
f 1775 1768 844
f 840 1773 846
f 1773 1775 846
f 841 1772 840
f 1772 1773 840
f 1013 1850 1014
f 1850 1849 1014
f 1012 1851 1013
f 1851 1850 1013
f 1011 1853 1012
f 1853 1851 1012
f 1009 1846 1011
f 1846 1853 1011
f 1015 1847 1009
f 1847 1846 1009
f 1014 1849 1015
f 1849 1847 1015
f 928 1780 929
f 1780 1781 929
f 934 1779 928
f 1779 1780 928
f 933 1777 934
f 1777 1779 934
f 931 1784 933
f 1784 1777 933
f 930 1782 931
f 1782 1784 931
f 929 1781 930
f 1781 1782 930
f 1025 1789 1024
f 1789 1790 1024
f 1026 1788 1025
f 1788 1789 1025
f 1027 1786 1026
f 1786 1788 1026
f 1029 1793 1027
f 1793 1786 1027
f 1023 1791 1029
f 1791 1793 1029
f 1024 1790 1023
f 1790 1791 1023
f 510 1575 504
f 1575 1574 504
f 509 1576 510
f 1576 1575 510
f 508 1577 509
f 1577 1576 509
f 507 1578 508
f 1578 1577 508
f 505 1573 507
f 1573 1578 507
f 504 1574 505
f 1574 1573 505
f 1083 1560 1084
f 1560 1562 1084
f 1091 1556 1083
f 1556 1560 1083
f 1090 1557 1091
f 1557 1556 1091
f 1088 1567 1090
f 1567 1557 1090
f 1087 1566 1088
f 1566 1567 1088
f 1084 1562 1087
f 1562 1566 1087
f 858 1664 859
f 1664 1663 859
f 857 1665 858
f 1665 1664 858
f 856 1668 857
f 1668 1665 857
f 854 1669 856
f 1669 1668 856
f 860 1662 854
f 1662 1669 854
f 859 1663 860
f 1663 1662 860
f 993 1553 994
f 1553 1550 994
f 992 1554 993
f 1554 1553 993
f 991 1555 992
f 1555 1554 992
f 990 1561 991
f 1561 1555 991
f 995 1549 990
f 1549 1561 990
f 994 1550 995
f 1550 1549 995
f 644 1673 645
f 1673 1675 645
f 643 1672 644
f 1672 1673 644
f 642 1676 643
f 1676 1672 643
f 640 1677 642
f 1677 1676 642
f 646 1679 640
f 1679 1677 640
f 645 1675 646
f 1675 1679 646
f 624 1696 625
f 1696 1689 625
f 623 1697 624
f 1697 1696 624
f 1697 623 1698
f 623 622 1698
f 1698 622 1699
f 620 1686 622
f 1686 1699 622
f 626 1687 620
f 1687 1686 620
f 1687 626 1688
f 626 625 1688
f 1688 625 1689
f 551 1918 552
f 1918 1917 552
f 550 1913 551
f 1913 1918 551
f 555 1914 550
f 1914 1913 550
f 554 1915 555
f 1915 1914 555
f 553 1916 554
f 1916 1915 554
f 552 1917 553
f 1917 1916 553
f 1912 1911 1
f 1911 450 1
f 1 450 2
f 1 79 1912
f 1910 37 451
f 37 39 451
f 749 1702 750
f 1702 1701 750
f 753 1703 749
f 1703 1702 749
f 757 1707 753
f 1707 1703 753
f 759 1708 757
f 1708 1707 757
f 752 1700 759
f 1700 1708 759
f 750 1701 752
f 1701 1700 752
f 684 1713 685
f 1713 1712 685
f 683 1714 684
f 1714 1713 684
f 681 1715 683
f 1715 1714 683
f 680 1710 681
f 1710 1715 681
f 686 1711 680
f 1711 1710 680
f 685 1712 686
f 1712 1711 686
f 564 1862 391
f 1862 392 391
f 396 395 564
f 395 1862 564
f 572 1690 565
f 1690 1681 565
f 571 1692 572
f 1692 1690 572
f 570 1694 571
f 1694 1692 571
f 568 1695 570
f 1695 1694 570
f 566 1680 568
f 1680 1695 568
f 565 1681 566
f 1681 1680 566
f 760 1719 761
f 1719 1718 761
f 758 1720 760
f 1720 1719 760
f 754 1721 758
f 1721 1720 758
f 756 1716 754
f 1716 1721 754
f 762 1717 756
f 1717 1716 756
f 761 1718 762
f 1718 1717 762
f 1137 1726 1138
f 1726 1725 1138
f 1136 1727 1137
f 1727 1726 1137
f 1135 1722 1136
f 1722 1727 1136
f 1134 1723 1135
f 1723 1722 1135
f 1139 1724 1134
f 1724 1723 1134
f 1138 1725 1139
f 1725 1724 1139
f 1122 1797 1123
f 1797 1798 1123
f 1127 1796 1122
f 1796 1797 1122
f 1126 1795 1127
f 1795 1796 1127
f 1125 1800 1126
f 1800 1795 1126
f 1124 1799 1125
f 1799 1800 1125
f 1123 1798 1124
f 1798 1799 1124
f 801 2037 802
f 2037 2043 802
f 807 2039 801
f 2039 2037 801
f 808 2040 807
f 2040 2039 807
f 809 2041 808
f 2041 2040 808
f 806 2042 809
f 2042 2041 809
f 802 2043 806
f 2043 2042 806
f 1113 1854 1114
f 1854 1859 1114
f 1112 1855 1113
f 1855 1854 1113
f 1111 1856 1112
f 1856 1855 1112
f 1110 1857 1111
f 1857 1856 1111
f 1115 1858 1110
f 1858 1857 1110
f 1114 1859 1115
f 1859 1858 1115
f 46 44 1996
f 1998 16 455
f 16 15 455
f 1996 1997 46
f 1997 454 46
f 46 454 48
f 532 2000 403
f 2000 404 403
f 536 2001 532
f 2001 2000 532
f 400 399 536
f 399 2001 536
f 1158 2002 1159
f 2002 2008 1159
f 1163 2004 1158
f 2004 2002 1158
f 1162 2005 1163
f 2005 2004 1163
f 1161 2006 1162
f 2006 2005 1162
f 1160 2007 1161
f 2007 2006 1161
f 1159 2008 1160
f 2008 2007 1160
f 1157 1919 1156
f 1919 1925 1156
f 1152 1921 1157
f 1921 1919 1157
f 1150 1922 1152
f 1922 1921 1152
f 1154 1923 1150
f 1923 1922 1150
f 1155 1924 1154
f 1924 1923 1154
f 1156 1925 1155
f 1925 1924 1155
f 830 1835 831
f 1835 1834 831
f 829 1836 830
f 1836 1835 830
f 828 1837 829
f 1837 1836 829
f 826 1831 828
f 1831 1837 828
f 832 1833 826
f 1833 1831 826
f 831 1834 832
f 1834 1833 832
f 1179 1568 1180
f 1568 1565 1180
f 1178 1558 1179
f 1558 1568 1179
f 1177 1559 1178
f 1559 1558 1178
f 1176 1563 1177
f 1563 1559 1177
f 1181 1564 1176
f 1564 1563 1176
f 1180 1565 1181
f 1565 1564 1181
f 1571 1572 4
f 1572 457 4
f 4 457 5
f 33 1570 4
f 1570 1571 4
f 35 459 33
f 459 1569 33
f 33 1569 1570
f 1063 1926 1062
f 1926 1932 1062
f 1055 1928 1063
f 1928 1926 1063
f 1051 1929 1055
f 1929 1928 1055
f 1053 1930 1051
f 1930 1929 1051
f 1054 1931 1053
f 1931 1930 1053
f 1062 1932 1054
f 1932 1931 1054
f 968 1933 967
f 1933 1939 967
f 962 1935 968
f 1935 1933 968
f 960 1936 962
f 1936 1935 962
f 965 1937 960
f 1937 1936 960
f 966 1938 965
f 1938 1937 965
f 967 1939 966
f 1939 1938 966
f 1068 2009 1069
f 2009 2015 1069
f 1067 2011 1068
f 2011 2009 1068
f 1065 2012 1067
f 2012 2011 1067
f 1064 2013 1065
f 2013 2012 1065
f 1070 2014 1064
f 2014 2013 1064
f 1069 2015 1070
f 2015 2014 1070
f 880 1940 879
f 1940 1946 879
f 872 1942 880
f 1942 1940 880
f 868 1943 872
f 1943 1942 872
f 870 1944 868
f 1944 1943 868
f 871 1945 870
f 1945 1944 870
f 879 1946 871
f 1946 1945 871
f 885 2023 886
f 2023 2029 886
f 884 2025 885
f 2025 2023 885
f 882 2026 884
f 2026 2025 884
f 881 2027 882
f 2027 2026 882
f 887 2028 881
f 2028 2027 881
f 886 2029 887
f 2029 2028 887
f 706 1954 705
f 1954 1966 705
f 698 1959 706
f 1959 1954 706
f 694 1958 698
f 1958 1959 698
f 696 1961 694
f 1961 1958 694
f 697 1962 696
f 1962 1961 696
f 705 1966 697
f 1966 1962 697
f 794 1957 780
f 1957 1960 780
f 791 1956 794
f 1956 1957 794
f 789 1965 791
f 1965 1956 791
f 795 1964 789
f 1964 1965 789
f 779 1963 795
f 1963 1964 795
f 780 1960 779
f 1960 1963 779
f 542 1974 544
f 1974 1979 544
f 541 1975 542
f 1975 1974 542
f 540 1976 541
f 1976 1975 541
f 539 1977 540
f 1977 1976 540
f 545 1978 539
f 1978 1977 539
f 544 1979 545
f 1979 1978 545
f 810 2030 811
f 2030 2036 811
f 805 2032 810
f 2032 2030 810
f 803 2033 805
f 2033 2032 805
f 804 2034 803
f 2034 2033 803
f 812 2035 804
f 2035 2034 804
f 811 2036 812
f 2036 2035 812
f 710 2044 711
f 2044 2049 711
f 709 2045 710
f 2045 2044 710
f 708 2046 709
f 2046 2045 709
f 707 2047 708
f 2047 2046 708
f 712 2048 707
f 2048 2047 707
f 711 2049 712
f 2049 2048 712
f 665 1967 664
f 1967 1973 664
f 657 1969 665
f 1969 1967 665
f 654 1970 657
f 1970 1969 657
f 655 1971 654
f 1971 1970 654
f 656 1972 655
f 1972 1971 655
f 664 1973 656
f 1973 1972 656
f 796 1947 797
f 1947 1953 797
f 783 1949 796
f 1949 1947 796
f 785 1950 783
f 1950 1949 783
f 784 1951 785
f 1951 1950 785
f 798 1952 784
f 1952 1951 784
f 797 1953 798
f 1953 1952 798
f 1543 1544 43
f 1544 1542 43
f 43 1542 41
f 1537 1538 1536
f 1538 1539 1536
f 1536 1539 1541
f 1539 1540 1541
f 1532 1533 1531
f 1533 1534 1531
f 1531 1534 1530
f 1534 1535 1530
f 1526 1527 1525
f 1527 1528 1525
f 1525 1528 1524
f 1528 1529 1524
f 1520 1521 1519
f 1521 1522 1519
f 1519 1522 1518
f 1522 1523 1518
f 1514 1515 1513
f 1515 1516 1513
f 1513 1516 1512
f 1516 1517 1512
f 1508 1509 1507
f 1509 1510 1507
f 1507 1510 1506
f 1510 1511 1506
f 1502 1503 1501
f 1503 1504 1501
f 1501 1504 1500
f 1504 1505 1500
f 1496 1497 1495
f 1497 1498 1495
f 1495 1498 1494
f 1498 1499 1494
f 1489 1490 1488
f 1490 1491 1488
f 1488 1491 1493
f 1491 1492 1493
f 1483 1484 1482
f 1484 1485 1482
f 1482 1485 1487
f 1485 1486 1487
f 1477 1478 1476
f 1478 1479 1476
f 1476 1479 1481
f 1479 1480 1481
f 1471 1472 1470
f 1472 1473 1470
f 1470 1473 1475
f 1473 1474 1475
f 1468 1469 1467
f 1469 1464 1467
f 1467 1464 1466
f 1464 1465 1466
f 1459 1460 1458
f 1460 1461 1458
f 1458 1461 1463
f 1461 1462 1463
f 1453 1454 1452
f 1454 1455 1452
f 1452 1455 1457
f 1455 1456 1457
f 65 1449 64
f 1449 1450 64
f 64 1450 1451
f 1444 1445 1443
f 1445 1446 1443
f 1443 1446 1448
f 1446 1447 1448
f 1438 1439 1437
f 1439 1440 1437
f 1437 1440 1442
f 1440 1441 1442
f 1433 1434 1432
f 1434 1435 1432
f 1432 1435 1431
f 1435 1436 1431
f 1427 1428 1426
f 1428 1429 1426
f 1426 1429 1425
f 1429 1430 1425
f 1421 1422 1420
f 1422 1423 1420
f 1420 1423 1419
f 1423 1424 1419
f 1415 1416 1414
f 1416 1417 1414
f 1414 1417 1413
f 1417 1418 1413
f 1409 1410 1408
f 1410 1411 1408
f 1408 1411 1407
f 1411 1412 1407
f 1402 1403 1401
f 1403 1404 1401
f 1401 1404 1406
f 1404 1405 1406
f 1397 1398 1396
f 1398 1399 1396
f 1396 1399 1395
f 1399 1400 1395
f 1391 1392 1390
f 1392 1393 1390
f 1390 1393 1389
f 1393 1394 1389
f 1383 1384 1388
f 1384 1385 1388
f 1388 1385 1387
f 1385 1386 1387
f 1379 1380 1378
f 1380 1381 1378
f 1378 1381 1377
f 1381 1382 1377
f 1373 1374 1372
f 1374 1375 1372
f 1372 1375 1371
f 1375 1376 1371
f 1369 1370 1368
f 1370 1365 1368
f 1368 1365 1367
f 1365 1366 1367
f 1361 1362 1360
f 1362 1363 1360
f 1360 1363 1359
f 1363 1364 1359
f 1357 1358 1356
f 1358 1353 1356
f 1356 1353 1355
f 1353 1354 1355
f 1351 1352 1350
f 1352 1347 1350
f 1350 1347 1349
f 1347 1348 1349
f 1345 1346 1344
f 1346 1341 1344
f 1344 1341 1343
f 1341 1342 1343
f 1339 1340 1338
f 1340 1335 1338
f 1338 1335 1337
f 1335 1336 1337
f 1333 1334 1332
f 1334 1329 1332
f 1332 1329 1331
f 1329 1330 1331
f 1327 1328 1326
f 1328 1323 1326
f 1326 1323 1325
f 1323 1324 1325
f 1321 1322 1320
f 1322 1317 1320
f 1320 1317 1319
f 1317 1318 1319
f 1315 1316 1314
f 1316 1311 1314
f 1314 1311 1313
f 1311 1312 1313
f 1309 1310 1308
f 1310 1305 1308
f 1308 1305 1307
f 1305 1306 1307
f 1303 1304 1302
f 1304 1299 1302
f 1302 1299 1301
f 1299 1300 1301
f 1297 1298 1296
f 1298 1293 1296
f 1296 1293 1295
f 1293 1294 1295
f 1291 1292 1290
f 1292 1287 1290
f 1290 1287 1289
f 1287 1288 1289
f 1285 1286 1284
f 1286 1281 1284
f 1284 1281 1283
f 1281 1282 1283
f 1278 30 1280
f 30 29 1280
f 1280 29 1279
f 1274 1275 1273
f 1275 1276 1273
f 1273 1276 1272
f 1276 1277 1272
f 1270 1271 1269
f 1271 1266 1269
f 1269 1266 1268
f 1266 1267 1268
f 1264 1265 1263
f 1265 1260 1263
f 1263 1260 1262
f 1260 1261 1262
f 1258 1259 59
f 1259 1257 59
f 59 1257 34
f 1251 1252 1256
f 1252 1253 1256
f 1256 1253 1255
f 1253 1254 1255
f 1246 1247 1245
f 1247 1248 1245
f 1245 1248 1250
f 1248 1249 1250
f 1240 1241 1239
f 1241 1242 1239
f 1239 1242 1244
f 1242 1243 1244
f 1237 1238 1236
f 1238 1233 1236
f 1236 1233 1235
f 1233 1234 1235
f 1231 1232 1230
f 1232 1227 1230
f 1230 1227 1229
f 1227 1228 1229
f 1225 1226 1224
f 1226 1221 1224
f 1224 1221 1223
f 1221 1222 1223
f 1215 1216 1220
f 1216 1217 1220
f 1220 1217 1219
f 1217 1218 1219
f 1212 1213 1211
f 1213 1214 1211
f 1211 1214 1210
f 1214 1209 1210
f 1207 1208 1206
f 1208 1203 1206
f 1206 1203 1205
f 1203 1204 1205
f 1201 1202 1200
f 1202 1197 1200
f 1200 1197 1199
f 1197 1198 1199
f 1196 9 1195
f 9 10 1195
f 1195 10 1194
f 1192 1193 1191
f 1193 1188 1191
f 1191 1188 1190
f 1188 1189 1190
f 293 439 295
f 439 440 295
f 2081 2082 1545
f 1601 1600 1546
f 1623 1546 1624
f 1546 1625 1624
f 1611 1610 1892
f 1595 1594 1603
f 1594 1593 1603
f 1589 1588 1604
f 1580 1579 1548
f 1579 1602 1548
f 1548 1602 2057
f 1611 1892 1612
f 1606 1605 1893
f 1605 1604 1893
f 1893 1604 2073
f 1593 1592 1603
f 1592 1591 1603
f 1603 1591 1604
f 1591 1590 1604
f 1604 1590 1589
f 2073 1584 1583
f 2076 2075 1547
f 2075 2074 1547
f 1623 1622 1546
f 1622 1621 1546
f 1546 1621 1545
f 1616 1615 1814
f 1615 1614 1814
f 1814 1614 1613
f 1600 1599 1546
f 1599 1598 1546
f 1546 1598 1597
f 1621 1620 1545
f 1620 1619 1545
f 1545 1619 1618
f 1610 1609 1892
f 1609 1608 1892
f 1892 1608 1893
f 1608 1607 1893
f 1893 1607 1606
f 1588 1587 1604
f 1587 1586 1604
f 1604 1586 2073
f 1586 1585 2073
f 2073 1585 1584
f 1548 1547 1580
f 1547 2074 1580
f 1580 2074 1581
f 2074 2073 1581
f 1581 2073 1582
f 2073 1583 1582
f 1602 2061 2060
f 1625 1546 1626
f 1546 1597 1626
f 1626 1597 1603
f 1597 1596 1603
f 1603 1596 1595
f 2081 1545 2079
f 1545 1618 2079
f 2079 1618 1814
f 1618 1617 1814
f 1814 1617 1616
f 1601 1546 1602
f 1546 2062 1602
f 1602 2062 2061
f 2060 2059 1602
f 2059 2058 1602
f 1602 2058 2057
f 1612 1892 1613
f 1892 2064 1613
f 1613 2064 1814
f 2067 1815 2066
f 1815 1814 2066
f 2066 1814 2065
f 1814 2064 2065
f 1873 1876 1875
f 1876 55 1875
f 1875 55 3
f 1882 1883 1547
f 1628 1629 1627
f 1629 1630 1627
f 1640 1685 1630
f 1685 1888 1630
f 1630 1888 1627
f 1888 1881 1627
f 1897 1886 1887
f 1895 1896 1894
f 1896 1897 1894
f 1897 1887 1894
f 1887 1808 1894
f 1894 1808 1810
f 1547 55 1882
f 55 1881 1882
f 1882 1881 1891
f 1881 1888 1891
f 1891 1888 1890
f 1888 1889 1890
f 2070 2071 1547
f 2071 2072 1547
f 1547 2072 2076
f 1877 1878 1876
f 1878 1879 1876
f 1876 1879 55
f 1879 1880 55
f 55 1880 1881
f 1885 1886 1884
f 1886 1897 1884
f 1884 1897 1883
f 1897 1898 1883
f 1883 1898 1547
f 1898 1899 1547
f 1547 1899 2070
f 1815 2067 2068
f 2068 2069 1815
f 2069 2063 1815
f 1815 2063 1817
f 3 2077 2079
f 1814 1816 2079
f 1816 1812 2079
f 1874 3 1861
f 3 1643 1861
f 1812 1809 2079
f 1809 1741 2079
f 2079 1741 1740
f 1740 1860 2079
f 1860 1684 2079
f 2079 1684 3
f 1684 1641 3
f 3 1641 1643
f 2077 3 450
f 456 1451 1450
f 462 1280 1279
f 1911 1910 450
f 1910 451 450
f 450 451 2077
f 451 452 2077
f 1542 1544 452
f 1544 453 452
f 452 453 2077
f 453 454 2077
f 463 464 26
f 458 457 2077
f 442 26 465
f 26 464 465
f 465 464 1195
f 464 1196 1195
f 1997 1998 454
f 1998 455 454
f 454 455 2077
f 455 456 2077
f 2077 456 458
f 456 1450 458
f 459 460 26
f 1572 1569 457
f 1569 459 457
f 457 459 2077
f 459 26 2077
f 2077 26 25
f 1279 463 462
f 463 26 462
f 462 26 461
f 26 460 461
f 461 460 1259
f 460 1257 1259
f 340 412 339
f 412 2078 339
f 538 474 2078
f 474 476 2078
f 2078 476 339
f 376 371 375
f 371 372 375
f 364 367 363
f 367 368 363
f 363 368 294
f 538 2078 372
f 2078 294 372
f 372 294 375
f 441 426 296
f 426 438 296
f 296 438 294
f 438 351 294
f 352 347 351
f 347 348 351
f 351 348 294
f 348 486 294
f 294 486 311
f 320 315 319
f 315 316 319
f 319 316 294
f 316 497 294
f 294 497 499
f 499 481 294
f 481 483 294
f 294 483 363
f 406 401 405
f 401 402 405
f 405 402 294
f 402 533 294
f 294 533 375
f 312 307 311
f 307 308 311
f 311 308 294
f 308 485 294
f 294 485 319
f 368 520 294
f 520 478 294
f 294 478 359
f 360 355 359
f 355 356 359
f 359 356 294
f 356 477 294
f 294 477 405
f 573 299 2078
f 324 414 323
f 414 2080 323
f 323 2080 469
f 386 389 385
f 389 390 385
f 469 2080 390
f 2080 2078 390
f 390 2078 385
f 412 343 344
f 412 344 2078
f 344 473 2078
f 2078 473 393
f 300 303 299
f 303 304 299
f 299 304 2078
f 304 574 2078
f 574 583 2078
f 2078 583 379
f 592 593 2078
f 394 397 393
f 397 398 393
f 393 398 2078
f 398 563 2078
f 2078 563 573
f 593 599 2078
f 599 600 2078
f 2078 600 385
f 380 381 379
f 381 382 379
f 379 382 2078
f 382 587 2078
f 2078 587 592
f 332 335 331
f 335 336 331
f 414 327 2080
f 327 328 2080
f 445 444 336
f 444 2080 336
f 336 2080 331
f 2080 328 331
f 3 1874 1875
f 2082 142 1545
f 142 144 1545

