# https://github.com/mikedh/trimesh
v 0.02951479 -0.00388574 0.00097741
v 0.02714085 -0.00263076 0.00131436
v 0.02708956 -0.00136224 0.00152189
v -0.02409803 -0.02020660 0.00138264
v -0.02513573 -0.02054294 0.00138718
v -0.02729486 -0.00669395 0.00374346
v 0.02450667 -0.00264611 0.00146115
v 0.03316258 -0.00132685 0.00118348
v 0.03296642 -0.00259681 0.00098974
v 0.03436510 -0.00385748 0.00070713
v -0.02620572 -0.00668760 0.00368277
v -0.02133084 -0.01930969 0.00137051
v -0.02219559 -0.01958998 0.00137430
v -0.01641999 -0.00161575 0.00394640
v -0.01025183 -0.00157981 0.00360269
v -0.01044797 -0.00284977 0.00340895
v -0.02459481 -0.00420101 0.00399260
v -0.02679228 -0.00294501 0.00431971
v -0.02426970 -0.00293031 0.00417915
v -0.03461131 -0.00225773 0.00487363
v -0.03340026 -0.00425232 0.00448327
v -0.04311029 -0.00430890 0.00502435
v -0.00807610 -0.00410477 0.00307211
v -0.01192953 -0.00412722 0.00328684
v -0.01631740 -0.00415278 0.00353135
v -0.02420939 -0.00166114 0.00438046
v -0.01893470 -0.00163040 0.00408653
v -0.02418123 -0.00235753 0.00426653
v -0.01902941 -0.00224354 0.00399300
v -0.01895158 -0.00416813 0.00367813
v 0.05070553 -0.00122464 0.00020592
v 0.03493025 -0.00258537 0.00088031
v 0.04716150 -0.00124529 0.00040341
v 0.03489049 -0.00160204 0.00104118
v 0.03471791 -0.00131779 0.00109681
v 0.05080361 -0.00058966 0.00030279
v 0.04721652 -0.00088912 0.00045774
v 0.04717687 -0.00063482 0.00050101
v -0.00749487 -0.01482516 0.00130991
v -0.00877939 -0.00658607 0.00271171
v -0.00645717 -0.01448882 0.00130536
v -0.00769024 -0.00657972 0.00265102
v -0.00906711 -0.00157291 0.00353667
v 0.00887657 -0.00146836 0.00253678
v -0.00607934 -0.00409313 0.00296085
v 0.00887852 -0.00151643 0.00252892
v 0.01028991 -0.00384099 0.00207398
v -0.03275643 -0.00171094 0.00485673
v -0.02684357 -0.00167649 0.00452724
v -0.03314872 -0.00425086 0.00446925
v -0.02330133 -0.00667068 0.00352093
v -0.02420895 -0.00667597 0.00357151
v -0.02659158 -0.00421265 0.00410386
v -0.02987015 -0.00423175 0.00428656
v 0.01065797 -0.00145798 0.00243752
v 0.01666598 -0.00142297 0.00210273
v 0.01671727 -0.00269149 0.00189521
v 0.01914470 -0.00267735 0.00175994
v -0.03463298 -0.00172187 0.00496129
v -0.00416887 -0.01634715 0.00087593
v -0.04042427 -0.03076174 0.00060512
v 0.01930016 -0.00140763 0.00195594
v 0.02447969 -0.00137745 0.00166732
v 0.01930859 -0.00161623 0.00192182
v 0.02446042 -0.00150224 0.00164828
v -0.03945059 -0.02778271 0.00103049
v -0.02371217 -0.02268155 0.00096155
v -0.04181680 -0.00677856 0.00455268
v -0.03897170 -0.02502747 0.00144779
v -0.04272443 -0.00678385 0.00460325
v -0.03983645 -0.02530775 0.00145158
v -0.04494238 -0.00178194 0.00553577
v -0.00857929 -0.00283889 0.00330482
v -0.00368998 -0.01359192 0.00129324
v -0.00455473 -0.01387220 0.00129703
v -0.00607131 -0.01696378 0.00088427
v -0.02180973 -0.02206493 0.00095321
v -0.00478586 -0.00656280 0.00248918
v -0.00569348 -0.00656808 0.00253975
v -0.00859933 -0.00234334 0.00338589
v 0.00460995 -0.00114556 0.05071432
v 0.00499483 -0.00361423 0.05029430
v 0.01249998 -0.00105061 0.04210387
v -0.00435483 -0.00125344 0.06049767
v -0.00405582 -0.00317137 0.06017135
v 0.00177500 -0.00117967 0.05380813
v -0.02789867 -0.00471187 0.08619126
v -0.02692116 -0.01098175 0.08512449
v -0.02117347 -0.00901845 0.07885199
v -0.01961155 -0.05099344 0.07714746
v -0.01512383 -0.04782172 0.07224997
v -0.01650637 -0.03895389 0.07375875
v -0.00731907 -0.03674331 0.06373257
v -0.00692249 -0.03646303 0.06329978
v -0.00703837 -0.03571979 0.06342623
v 0.01045322 -0.02974499 0.04433751
v 0.00913876 -0.03019398 0.04577200
v 0.00920617 -0.03062635 0.04569843
v 0.00886127 -0.02530775 0.04607482
v 0.00925785 -0.02502747 0.04564203
v 0.00642894 -0.00688244 0.04872925
v 0.02390286 -0.00656808 0.02965980
v 0.02351701 -0.00409313 0.03008090
v 0.02260607 -0.00135663 0.03107501
v 0.02390372 -0.00091337 0.02965887
v 0.05080710 -0.00122464 0.00029899
v 0.04309931 -0.00385748 0.00871056
v 0.02538651 -0.01919079 0.02804069
v 0.02542747 -0.01634715 0.02799598
v 0.02504162 -0.01387220 0.02841708
v 0.03012484 -0.00401361 0.02286971
v 0.01493808 -0.00667597 0.03944315
v 0.01455222 -0.00420101 0.03986424
v 0.01407859 -0.00426946 0.04038112
v 0.02543819 -0.01359192 0.02798429
v 0.02434231 -0.00656280 0.02918023
v 0.02293607 -0.00657972 0.03071487
v 0.02255022 -0.00410477 0.03113596
v 0.02240873 -0.00658607 0.03129036
v 0.02369325 -0.01482516 0.02988855
v 0.02416915 -0.01448882 0.02936921
v 0.02455501 -0.01696378 0.02894812
v 0.01729634 -0.02490857 0.03686956
v 0.01733730 -0.02206493 0.03682486
v 0.01695144 -0.01958998 0.03724595
v 0.02068447 -0.00412722 0.03317206
v 0.01734802 -0.01930969 0.03681316
v 0.01537753 -0.00667068 0.03896357
v 0.01397129 -0.00668760 0.04049822
v 0.01361878 -0.00442652 0.04088292
v 0.01344395 -0.00669395 0.04107371
v 0.01560308 -0.02054294 0.03871743
v 0.01607898 -0.02020660 0.03819808
v 0.01646483 -0.02268155 0.03777699
v 0.00924713 -0.02778271 0.04565373
v 0.00555111 -0.00718229 0.04968723
v 0.00111600 -0.03634412 0.05452731
v 0.00061128 -0.03310681 0.05507811
v 0.00028449 -0.03411711 0.05543474
v 0.00015147 -0.03326388 0.05557991
v -0.00697417 -0.04206190 0.06335618
v -0.00693321 -0.03921826 0.06331148
v -0.00791619 -0.03601964 0.06438421
v -0.00866743 -0.03769627 0.06520404
v -0.00819154 -0.03735993 0.06468470
v -0.00780568 -0.03983489 0.06426361
v -0.01366159 -0.04397358 0.07065421
v -0.01386939 -0.04407471 0.07088098
v -0.01408771 -0.04409478 0.07111924
v -0.01430236 -0.04403248 0.07135349
v -0.01449939 -0.04389186 0.07156852
v -0.01466600 -0.04368207 0.07175034
v -0.02074132 -0.05043659 0.07838038
v -0.02061596 -0.05070193 0.07824358
v -0.02044936 -0.05091172 0.07806176
v -0.02225406 -0.04091720 0.08003125
v -0.02081727 -0.05013296 0.07846327
v -0.01981935 -0.05109457 0.07737423
v -0.02003767 -0.05111464 0.07761248
v -0.02025232 -0.05105234 0.07784673
v -0.02060671 -0.03588066 0.07823348
v -0.02035736 -0.03543301 0.07796136
v -0.02584171 -0.01790550 0.08394648
v -0.02003823 -0.03509613 0.07761309
v -0.02009402 -0.01594219 0.07767398
v -0.01967107 -0.03489300 0.07721241
v -0.01928090 -0.03483744 0.07678661
v -0.01889431 -0.03493326 0.07636473
v -0.01853765 -0.03517391 0.07597550
v -0.01783286 -0.03713635 0.07520636
v -0.01789759 -0.03770858 0.07527700
v -0.01806017 -0.03823651 0.07545442
v -0.01830953 -0.03868416 0.07572654
v -0.01977257 -0.03918391 0.07732318
v -0.02012924 -0.03894326 0.07771241
v -0.02043167 -0.03857417 0.07804245
v -0.02065925 -0.03810180 0.07829082
v -0.01862866 -0.03902103 0.07607481
v -0.01899582 -0.03922417 0.07647550
v -0.01938599 -0.03927972 0.07690129
v -0.02079649 -0.03755833 0.07844059
v -0.02083402 -0.03698081 0.07848155
v -0.02076929 -0.03640859 0.07841091
v -0.01823522 -0.03554299 0.07564545
v -0.01800763 -0.03601537 0.07539708
v -0.01787039 -0.03655883 0.07524732
v -0.02328817 -0.01663433 0.08115979
v -0.02364484 -0.01639368 0.08154902
v -0.02182513 -0.01613458 0.07956315
v -0.02157578 -0.01568693 0.07929103
v -0.02141319 -0.01515900 0.07911360
v -0.02065030 -0.01237413 0.07828105
v -0.02205325 -0.01262433 0.07981210
v -0.02175082 -0.01299342 0.07948206
v -0.02214426 -0.01647145 0.07991142
v -0.02251142 -0.01667459 0.08031211
v -0.02290159 -0.01673014 0.08073790
v -0.02394727 -0.01602460 0.08187906
v -0.02417486 -0.01555222 0.08212743
v -0.02639799 -0.01433744 0.08455355
v -0.02431209 -0.01500876 0.08227720
v -0.02434962 -0.01443123 0.08231815
v -0.02152323 -0.01346579 0.07923369
v -0.02138600 -0.01400926 0.07908392
v -0.02134846 -0.01458678 0.07904296
v -0.02428489 -0.01385901 0.08224751
v -0.02412231 -0.01333108 0.08207009
v -0.02240991 -0.01238368 0.08020133
v -0.02279650 -0.01228786 0.08062322
v -0.02387296 -0.01288343 0.08179797
v -0.02355383 -0.01254655 0.08144970
v -0.02318667 -0.01234342 0.08104901
v -0.02220042 -0.00243147 0.07997271
v -0.02827999 -0.00471646 0.08660740
v -0.02064857 -0.00584772 0.07827916
v -0.02061444 -0.00552791 0.07824192
v -0.02062696 -0.00616991 0.07825558
v -0.02052679 -0.00523127 0.07814627
v -0.02039131 -0.00497707 0.07799842
v -0.02021681 -0.00478184 0.07780798
v -0.02829743 -0.00154156 0.08662643
v -0.02235032 -0.00147000 0.08013629
v -0.01927739 -0.00143302 0.07678278
v 0.01358543 -0.00421265 0.04091931
v 0.01357474 -0.00103767 0.04093098
v 0.01199802 -0.00423175 0.04265166
v 0.00558744 -0.00430890 0.04964759
v 0.00597330 -0.00678385 0.04922650
v 0.00641275 -0.00677856 0.04874692
v 0.02253952 -0.00092979 0.03114763
v -0.01479136 -0.04341673 0.07188714
v -0.01486731 -0.04311310 0.07197003
v -0.01556584 -0.03863262 0.07273234
v -0.01915349 -0.01562093 0.07664757
v -0.01970977 -0.01205287 0.07725464
v -0.02023294 -0.00869718 0.07782558
v -0.01206012 -0.00943989 0.06890652
v -0.01302155 -0.00976829 0.06995574
v -0.01150384 -0.01300795 0.06829945
v -0.01246527 -0.01333635 0.06934866
v -0.00887763 -0.03634805 0.06543343
v -0.02001463 -0.00465827 0.07758734
v -0.01979790 -0.00461439 0.07735082
v -0.01331961 -0.00136132 0.07028101
v -0.01330892 -0.00453630 0.07026934
v -0.01258329 -0.00608420 0.06947746
v -0.01304311 -0.00624127 0.06997926
v -0.01292306 -0.00701125 0.06984825
v -0.01151682 -0.00699433 0.06831361
v -0.01195627 -0.00699962 0.06879318
v -0.01345040 -0.00701760 0.07042374
v -0.01062601 -0.01270810 0.06734146
v -0.01118229 -0.00914004 0.06794854
v -0.00057726 -0.03197850 0.05637517
v -0.00010137 -0.03164215 0.05585583
v -0.00297637 -0.01009512 0.05899334
v -0.00395828 -0.00690337 0.06006491
v -0.00353265 -0.00652706 0.05960041
v -0.00393780 -0.01042352 0.06004256
v -0.00448562 -0.00690971 0.06064040
v -0.01212348 -0.00592714 0.06897566
v -0.01234213 -0.00452466 0.06921428
v -0.01146766 -0.00451414 0.06825996
v -0.00743812 -0.00446565 0.06386249
v -0.00434414 -0.00442841 0.06048600
v -0.00399246 -0.00668412 0.06010221
v -0.00209854 -0.00979527 0.05803535
v -0.00255204 -0.00688645 0.05853026
v -0.00299149 -0.00689173 0.05900984
v -0.00307283 -0.00636999 0.05909861
v -0.00337735 -0.00441678 0.05943093
v 0.00034826 -0.00437195 0.05536515
v 0.00335169 -0.00433580 0.05208747
v 0.00115696 -0.03350048 0.05448260
v 0.00107110 -0.03294975 0.05457630
v 0.00077110 -0.03102553 0.05490369
v 0.00116768 -0.03074525 0.05447090
v 0.00458968 -0.00751069 0.05073645
v 0.00751291 -0.02626072 0.04754630
v 0.00798880 -0.02592438 0.04702695
v 0.00837466 -0.02839933 0.04660586
v 0.00447917 -0.00680183 0.05085705
v 0.00500651 -0.00679549 0.05028156
v 0.00462065 -0.00432053 0.05070265
v -0.02844371 -0.00342585 0.08302639
v -0.02845417 -0.00152092 0.08303780
v 0.04305475 -0.00256544 0.00499951
v 0.04472283 -0.00064030 0.00317912
v 0.04472692 -0.00138362 0.00317466
v -0.04099432 -0.00313267 0.02261480
v -0.04100130 -0.00186271 0.02262241
v -0.04187970 -0.00313267 0.02180350
v -0.04188668 -0.00186271 0.02181111
v -0.04131867 -0.00187304 0.02405408
v -0.04131170 -0.00314300 0.02404647
v -0.04181087 -0.00187667 0.02420926
v -0.04180390 -0.00314663 0.02420165
v 0.02820511 -0.00137745 0.00508103
v 0.02821208 -0.00264741 0.00507342
v 0.02842998 -0.00137013 0.00406660
v 0.02843695 -0.00264009 0.00405899
v 0.03100922 -0.00262675 0.00419153
v 0.03100224 -0.00135680 0.00419914
v 0.03072784 -0.00262675 0.00393369
v 0.03072087 -0.00135680 0.00394131
v 0.02057305 -0.00141772 0.00480528
v 0.02058003 -0.00268767 0.00479767
v 0.02175867 -0.00140896 0.00443148
v 0.02176564 -0.00267892 0.00442386
v 0.02305979 -0.00267735 0.00534746
v 0.02305282 -0.00140739 0.00535507
v 0.02203574 -0.00267735 0.00440909
v 0.02202877 -0.00140739 0.00441670
v -0.04016491 -0.00333504 0.05713575
v -0.04017189 -0.00206508 0.05714337
v -0.04075692 -0.00333941 0.05732241
v -0.04076389 -0.00206945 0.05733002
v -0.04080663 -0.00208573 0.06000672
v -0.04079966 -0.00335569 0.05999911
v -0.04115996 -0.00208573 0.05968296
v -0.04115299 -0.00335569 0.05967534
v -0.04328777 -0.00338563 0.06271441
v -0.04329475 -0.00211567 0.06272203
v -0.04364110 -0.00338563 0.06239065
v -0.04364808 -0.00211567 0.06239826
v -0.04501069 -0.00213632 0.06459465
v -0.04500371 -0.00340628 0.06458704
v -0.04536402 -0.00213632 0.06427088
v -0.04535704 -0.00340628 0.06426327
v -0.04039432 -0.00304182 0.00800663
v -0.04040129 -0.00177186 0.00801424
v -0.04035324 -0.00304048 0.00782130
v -0.04036021 -0.00177052 0.00782892
v -0.04179986 -0.00178218 0.00845518
v -0.04179289 -0.00305214 0.00844757
v -0.04232405 -0.00178218 0.00797485
v -0.04231708 -0.00305214 0.00796724
v 0.03615453 -0.00132685 0.00392510
v 0.03616151 -0.00259681 0.00391749
v 0.03621758 -0.00132480 0.00364068
v 0.03622456 -0.00259476 0.00363306
v 0.03864127 -0.00258649 0.00446728
v 0.03863429 -0.00131653 0.00447489
v 0.03885813 -0.00257943 0.00348903
v 0.03885116 -0.00130947 0.00349664
v -0.00733798 -0.00157981 0.00627274
v -0.00733100 -0.00284977 0.00626513
v -0.00728190 -0.00157799 0.00601978
v -0.00727492 -0.00284795 0.00601216
v -0.00485124 -0.00283945 0.00681492
v -0.00485821 -0.00156949 0.00682253
v -0.00464135 -0.00283262 0.00586813
v -0.00464833 -0.00156266 0.00587574
v 0.00309819 -0.00278885 0.00565899
v 0.00309122 -0.00151890 0.00566660
v 0.00314625 -0.00278729 0.00544220
v 0.00313927 -0.00151733 0.00544982
v 0.00169265 -0.00152922 0.00610754
v 0.00169962 -0.00279918 0.00609993
v 0.00109677 -0.00152922 0.00556152
v 0.00110375 -0.00279918 0.00555391
v -0.02291946 -0.00167067 0.00715292
v -0.02291248 -0.00294063 0.00714530
v -0.02185311 -0.00166280 0.00681672
v -0.02184614 -0.00293276 0.00680911
v -0.02043272 -0.00293031 0.00769509
v -0.02043970 -0.00166035 0.00770270
v -0.02142476 -0.00293031 0.00678606
v -0.02143173 -0.00166035 0.00679367
v -0.04144604 -0.00445322 0.03062711
v -0.04145999 -0.00191331 0.03064233
v -0.04159796 -0.00445322 0.03048789
v -0.04161191 -0.00191331 0.03050311
v -0.04158910 -0.00191751 0.03122477
v -0.04157515 -0.00445742 0.03120954
v -0.03969924 -0.00455441 0.04910822
v -0.03971320 -0.00201449 0.04912344
v -0.04099643 -0.00456398 0.04951720
v -0.04101038 -0.00202407 0.04953243
v -0.04034794 -0.00203514 0.05198680
v -0.04033399 -0.00457506 0.05197157
v -0.04095024 -0.00203514 0.05143489
v -0.04093629 -0.00457506 0.05141967
v -0.04160985 -0.00435204 0.01359653
v -0.04162380 -0.00181212 0.01361175
v -0.04212676 -0.00435586 0.01375950
v -0.04214071 -0.00181594 0.01377472
v -0.04085998 -0.00182245 0.01603416
v -0.04084603 -0.00436236 0.01601894
v -0.04205736 -0.00183129 0.01641167
v -0.04204341 -0.00437120 0.01639645
v -0.01528740 -0.00163040 0.00742867
v -0.01527345 -0.00417032 0.00741345
v -0.01506950 -0.00162332 0.00644570
v -0.01505555 -0.00416323 0.00643048
v -0.01247632 -0.00414967 0.00653155
v -0.01249027 -0.00160975 0.00654678
v -0.01272568 -0.00414967 0.00630305
v -0.01273963 -0.00160975 0.00631828
v -0.02075009 -0.00294063 0.00912677
v -0.02322986 -0.00295096 0.00857698
v -0.02214866 -0.00295096 0.00956771
v -0.00624981 -0.00284977 0.00725586
v 0.03724270 -0.00259681 0.00490823
v -0.04231829 -0.00305192 0.00792878
v -0.04360515 -0.00339596 0.06414609
v -0.04069823 -0.00335022 0.05917906
v -0.03908371 -0.00333504 0.05812649
v -0.03940109 -0.00334537 0.05955816
v 0.02274242 -0.00268767 0.00677913
v 0.02026265 -0.00269800 0.00622935
v 0.02134385 -0.00269800 0.00722008
v 0.02929328 -0.00264741 0.00606415
v 0.03069184 -0.00263708 0.00562321
v -0.00761001 -0.00189833 0.05916250
v -0.01181407 -0.00194893 0.06375042
v -0.02957150 -0.00266388 0.08200135
v 0.03022651 -0.00144301 0.01787117
v 0.04255299 -0.00179593 0.00329129
v 0.03443058 -0.00139242 0.01328324
v 0.04363826 -0.00128161 0.00323482
v -0.00340596 -0.00184774 0.05457457
v -0.01601813 -0.00199952 0.06833835
v -0.02022219 -0.00205011 0.07292627
v -0.02901249 -0.00215589 0.08251920
v 0.02602246 -0.00149360 0.02245909
v 0.02181840 -0.00154419 0.02704702
v 0.01761434 -0.00159478 0.03163495
v 0.01341028 -0.00164538 0.03622287
v 0.00500216 -0.00174656 0.04539872
v 0.00079810 -0.00179715 0.04998665
v -0.02956732 -0.00342585 0.08199679
v 0.04193114 -0.00256544 0.00396991
v 0.04255479 -0.00212467 0.00328932
v 0.04721847 -0.00124529 0.00045561
v 0.04718023 -0.00124575 0.00049735
v -0.04530484 -0.00215589 0.06759001
v -0.04699026 -0.00215589 0.06604561
v -0.04699374 -0.00152092 0.06604941
v -0.03006367 -0.00215589 0.08155597
v -0.03406873 -0.00215589 0.07788600
v -0.03781410 -0.00215589 0.07445400
v -0.04155947 -0.00215589 0.07102201
v -0.03463536 -0.00172195 0.00497206
v -0.02684776 -0.00167662 0.00454613
v -0.03274350 -0.00171094 0.00486858
v -0.01890709 -0.00163040 0.00411183
v -0.02421419 -0.00166130 0.00440209
v -0.01021499 -0.00157981 0.00363644
v -0.01642659 -0.00161597 0.00397617
v -0.00920905 -0.00157396 0.00358142
v 0.00886412 -0.00146876 0.00259295
v 0.01665172 -0.00142344 0.00216703
v 0.01071700 -0.00145798 0.00249162
v 0.02455341 -0.00137745 0.00173487
v 0.01928529 -0.00140811 0.00202299
v 0.03324551 -0.00132685 0.00125947
v 0.02707289 -0.00136278 0.00159707
v 0.03440273 -0.00132012 0.00119618
v 0.03384570 -0.00133861 0.00377041
v 0.02562896 -0.00139242 0.00521805
v 0.02460092 -0.00139242 0.00427602
v 0.01933820 -0.00142305 0.00456386
v 0.01478601 -0.00146831 0.00794267
v 0.01338744 -0.00147863 0.00838362
v 0.01347547 -0.00149360 0.01096190
v 0.00721672 -0.00149360 0.00522681
v 0.00973010 -0.00149360 0.00752990
v 0.01208445 -0.00146527 0.00496058
v -0.00991412 -0.00159478 0.00640976
v -0.01016748 -0.00159478 0.00617760
v -0.03624378 -0.00174656 0.00760378
v -0.04129111 -0.00197238 0.04065173
v -0.03934253 -0.00194893 0.03852523
v -0.04141846 -0.00194893 0.03662300
v -0.04086893 -0.00205011 0.05400702
v -0.04025991 -0.00205011 0.05456508
v -0.03940806 -0.00207541 0.05956578
v -0.03909069 -0.00206508 0.05813410
v -0.03651455 -0.00205011 0.05799708
v -0.04361212 -0.00212600 0.06415370
v -0.04114370 -0.00199952 0.04531501
v -0.04106134 -0.00201468 0.04792033
v -0.03980122 -0.00199952 0.04654516
v -0.03605585 -0.00199952 0.04997716
v -0.03863200 -0.00201449 0.05011418
v -0.03894937 -0.00202481 0.05154585
v -0.03559716 -0.00194893 0.04195723
v -0.03849068 -0.00197422 0.04352593
v -0.03988925 -0.00198455 0.04396687
v -0.04097045 -0.00198455 0.04297614
v -0.04065307 -0.00197422 0.04154446
v -0.03925450 -0.00196390 0.04110352
v -0.03817331 -0.00196390 0.04209425
v -0.03879581 -0.00191331 0.03308360
v -0.03771462 -0.00191331 0.03407433
v -0.03513848 -0.00189833 0.03393731
v -0.03803200 -0.00192363 0.03550601
v -0.04169322 -0.00189833 0.02793099
v -0.03897187 -0.00188336 0.02792703
v -0.04005307 -0.00188336 0.02693630
v -0.03630770 -0.00188336 0.03036829
v -0.04019439 -0.00192363 0.03352454
v -0.04051176 -0.00193396 0.03495622
v -0.03943056 -0.00193396 0.03594695
v -0.03599032 -0.00187304 0.02893661
v -0.03725593 -0.00186271 0.02605440
v -0.03757330 -0.00187304 0.02748608
v -0.04196798 -0.00184774 0.01923898
v -0.03093442 -0.00184774 0.02934939
v -0.03459175 -0.00186271 0.02849567
v -0.03351056 -0.00186271 0.02948640
v -0.03382793 -0.00187304 0.03091808
v -0.03522650 -0.00188336 0.03135903
v -0.03833712 -0.00186271 0.02506367
v -0.03973569 -0.00187304 0.02550462
v -0.04224275 -0.00179715 0.01054697
v -0.04054261 -0.00181212 0.01460248
v -0.03851318 -0.00183277 0.01990710
v -0.03959438 -0.00183277 0.01891637
v -0.03927700 -0.00182245 0.01748469
v -0.03787843 -0.00181212 0.01704375
v -0.03679724 -0.00181212 0.01803448
v -0.03305187 -0.00181212 0.02146648
v -0.03413306 -0.00181212 0.02047575
v -0.03553163 -0.00182245 0.02091669
v -0.03711461 -0.00182245 0.01946616
v -0.03584901 -0.00183277 0.02234837
v -0.02962388 -0.00182245 0.02633015
v -0.03102244 -0.00183277 0.02677110
v -0.03210364 -0.00183277 0.02578037
v -0.03038769 -0.00181212 0.02390774
v -0.02930650 -0.00181212 0.02489848
v -0.02673036 -0.00179715 0.02476146
v -0.03430912 -0.00178218 0.01531918
v -0.03539032 -0.00178218 0.01432845
v -0.02541982 -0.00177186 0.02174223
v -0.02681839 -0.00178218 0.02218317
v -0.02789958 -0.00178218 0.02119244
v -0.02618364 -0.00176153 0.01931982
v -0.02510245 -0.00176153 0.02031055
v -0.02252630 -0.00174656 0.02017353
v -0.03881831 -0.00177186 0.00946477
v -0.03741975 -0.00176153 0.00902383
v -0.03633855 -0.00176153 0.01001456
v -0.03913569 -0.00178218 0.01089645
v -0.03805449 -0.00178218 0.01188718
v -0.03476781 -0.00183277 0.02333910
v -0.03336924 -0.00182245 0.02289816
v -0.03178627 -0.00182245 0.02434869
v -0.03665592 -0.00177186 0.01144623
v -0.03507294 -0.00177186 0.01289677
v -0.03367438 -0.00176153 0.01245583
v -0.03259318 -0.00176153 0.01344656
v -0.02884781 -0.00176153 0.01687856
v -0.02992901 -0.00176153 0.01588782
v -0.03132758 -0.00177186 0.01632877
v -0.03291055 -0.00177186 0.01487823
v -0.03164495 -0.00178218 0.01776044
v -0.01949146 -0.00168100 0.01201659
v -0.02947032 -0.00171094 0.00786790
v -0.01841027 -0.00168100 0.01300732
v -0.02838912 -0.00171094 0.00885863
v -0.01885958 -0.00164538 0.00665299
v -0.03010506 -0.00173159 0.01073125
v -0.03118626 -0.00173159 0.00974052
v -0.01777552 -0.00166035 0.01014397
v -0.01669433 -0.00166035 0.01113470
v -0.01411818 -0.00164538 0.01099769
v -0.01701170 -0.00167067 0.01256638
v -0.01917409 -0.00167067 0.01058492
v -0.02075707 -0.00167067 0.00913438
v -0.02215564 -0.00168100 0.00957533
v -0.02323683 -0.00168100 0.00858459
v -0.03086888 -0.00172127 0.00830884
v -0.02197958 -0.00171094 0.01473190
v -0.02089839 -0.00171094 0.01572263
v -0.02121576 -0.00172127 0.01715430
v -0.02261433 -0.00173159 0.01759525
v -0.02369552 -0.00173159 0.01660452
v -0.02744089 -0.00173159 0.01317252
v -0.02635969 -0.00173159 0.01416325
v -0.02496113 -0.00172127 0.01372230
v -0.02337815 -0.00172127 0.01517284
v -0.02464375 -0.00171094 0.01229063
v -0.03056375 -0.00178218 0.01875118
v -0.02916519 -0.00177186 0.01831023
v -0.02758221 -0.00177186 0.01976076
v -0.02870649 -0.00172127 0.01029031
v -0.02712352 -0.00172127 0.01174084
v -0.02572495 -0.00171094 0.01129990
v -0.01280764 -0.00162008 0.00797845
v -0.01420621 -0.00163040 0.00841940
v -0.00242305 -0.00154971 0.00575404
v -0.00242338 -0.00159478 0.01327375
v -0.00251141 -0.00157981 0.01069547
v -0.00616875 -0.00159478 0.00984176
v -0.00359261 -0.00157981 0.00970474
v -0.00327523 -0.00156949 0.00827306
v -0.00187667 -0.00155916 0.00783212
v -0.00147538 -0.00154419 0.00570221
v -0.00625678 -0.00157981 0.00726347
v -0.00079547 -0.00155916 0.00882285
v 0.00178067 -0.00154419 0.00868583
v -0.00111284 -0.00156949 0.01025452
v 0.00483070 -0.00150749 0.00535731
v 0.00683658 -0.00151890 0.00909860
v 0.00552604 -0.00154419 0.01211783
v 0.00543802 -0.00152922 0.00953954
v 0.00435682 -0.00152922 0.00854881
v 0.00467419 -0.00151890 0.00711714
v 0.00607277 -0.00150857 0.00667619
v 0.00715396 -0.00150857 0.00766692
v 0.01230625 -0.00147863 0.00739289
v 0.01402219 -0.00145798 0.00552026
v 0.01510339 -0.00145798 0.00651100
v 0.01767953 -0.00144301 0.00637398
v 0.02273544 -0.00141772 0.00678675
v 0.02133687 -0.00142804 0.00722769
v 0.02142490 -0.00144301 0.00980598
v 0.01262362 -0.00146831 0.00596121
v 0.01590882 -0.00144301 0.00475142
v 0.02025568 -0.00142804 0.00623696
v 0.03068487 -0.00136712 0.00563082
v 0.02928630 -0.00137745 0.00607176
v 0.02937433 -0.00139242 0.00865005
v 0.03723573 -0.00132685 0.00491583
v 0.03366642 -0.00135680 0.00664041
v 0.03226785 -0.00136712 0.00708135
v 0.03337939 -0.00139242 0.01232001
v 0.04160240 -0.00129346 0.00334617
v 0.03474761 -0.00135680 0.00763114
v 0.03443024 -0.00136712 0.00906281
v 0.03303167 -0.00137745 0.00950376
v 0.03195047 -0.00137745 0.00851303
v 0.00395098 -0.00174656 0.04443549
v -0.00025308 -0.00179715 0.04902341
v -0.00445714 -0.00184774 0.05361134
v -0.00866120 -0.00189833 0.05819926
v -0.01286526 -0.00194893 0.06278719
v -0.01706932 -0.00199952 0.06737511
v -0.02127338 -0.00205011 0.07196304
v 0.02917533 -0.00144301 0.01690794
v 0.02497127 -0.00149360 0.02149586
v 0.02076721 -0.00154419 0.02608379
v 0.01656316 -0.00159478 0.03067171
v 0.01235909 -0.00164538 0.03525964
v -0.02658898 -0.00207541 0.07131231
v -0.02519041 -0.00206508 0.07087136
v -0.02527844 -0.00205011 0.06829308
v -0.02410921 -0.00206508 0.07186209
v -0.02442659 -0.00207541 0.07329377
v -0.02690635 -0.00208573 0.07274398
v -0.03079304 -0.00212600 0.07590023
v -0.02582516 -0.00208573 0.07373471
v -0.02939447 -0.00211567 0.07545929
v -0.02831327 -0.00211567 0.07645002
v -0.02863065 -0.00212600 0.07788169
v -0.03002922 -0.00213632 0.07832264
v -0.03111041 -0.00213632 0.07733191
v -0.02238492 -0.00202481 0.06672438
v -0.02107438 -0.00199952 0.06370515
v -0.02098635 -0.00201449 0.06628344
v -0.01990516 -0.00201449 0.06727417
v -0.02022253 -0.00202481 0.06870584
v -0.02162110 -0.00203514 0.06914679
v -0.02270229 -0.00203514 0.06815606
v -0.01818086 -0.00197422 0.06213646
v -0.01687032 -0.00194893 0.05911722
v -0.01678229 -0.00196390 0.06169551
v -0.01570110 -0.00196390 0.06268624
v -0.01601847 -0.00197422 0.06411792
v -0.01741704 -0.00198455 0.06455886
v -0.01849823 -0.00198455 0.06356813
v -0.01397680 -0.00192363 0.05754853
v -0.01266626 -0.00189833 0.05452930
v -0.01257823 -0.00191331 0.05710758
v -0.01149704 -0.00191331 0.05809832
v -0.01181441 -0.00192363 0.05952999
v -0.01321298 -0.00193396 0.05997094
v -0.01429417 -0.00193396 0.05898021
v -0.00977274 -0.00187304 0.05296060
v -0.00846220 -0.00184774 0.04994138
v -0.00837417 -0.00186271 0.05251966
v -0.00729298 -0.00186271 0.05351039
v -0.00761035 -0.00187304 0.05494207
v -0.00900892 -0.00188336 0.05538301
v -0.01009011 -0.00188336 0.05439228
v -0.00556868 -0.00182245 0.04837268
v -0.00425814 -0.00179715 0.04535345
v -0.00417011 -0.00181212 0.04793173
v -0.00308892 -0.00181212 0.04892246
v -0.00340629 -0.00182245 0.05035414
v -0.00480486 -0.00183277 0.05079509
v -0.00588606 -0.00183277 0.04980436
v -0.00136462 -0.00177186 0.04378475
v -0.00005408 -0.00174656 0.04076553
v 0.00003394 -0.00176153 0.04334381
v 0.00111514 -0.00176153 0.04433454
v 0.00079777 -0.00177186 0.04576622
v -0.00060080 -0.00178218 0.04620716
v -0.00168200 -0.00178218 0.04521643
v 0.00283944 -0.00172127 0.03919683
v 0.00423800 -0.00171094 0.03875589
v 0.00835403 -0.00164538 0.03158968
v 0.00920588 -0.00167067 0.03659037
v 0.00780732 -0.00168100 0.03703131
v 0.00531920 -0.00171094 0.03974662
v 0.00500182 -0.00172127 0.04117829
v 0.00360326 -0.00173159 0.04161924
v 0.00252206 -0.00173159 0.04062851
v 0.00672612 -0.00168100 0.03604058
v 0.00704349 -0.00167067 0.03460891
v 0.00844206 -0.00166035 0.03416796
v 0.00952326 -0.00166035 0.03515869
v 0.01124755 -0.00162008 0.03002098
v 0.01255809 -0.00159478 0.02700175
v 0.01264612 -0.00160975 0.02958003
v 0.01372732 -0.00160975 0.03057076
v 0.01340994 -0.00162008 0.03200244
v 0.01201137 -0.00163040 0.03244339
v 0.01093018 -0.00163040 0.03145266
v 0.01545161 -0.00156949 0.02543305
v 0.01676215 -0.00154419 0.02241383
v 0.01685018 -0.00155916 0.02499211
v 0.01793137 -0.00155916 0.02598284
v 0.01761400 -0.00156949 0.02741451
v 0.01621543 -0.00157981 0.02785546
v 0.01513424 -0.00157981 0.02686473
v 0.01965567 -0.00151890 0.02084513
v 0.02096621 -0.00149360 0.01782590
v 0.02105424 -0.00150857 0.02040418
v 0.02213544 -0.00150857 0.02139491
v 0.02181806 -0.00151890 0.02282659
v 0.02041949 -0.00152922 0.02326754
v 0.01933830 -0.00152922 0.02227680
v 0.02385973 -0.00146831 0.01625720
v 0.02517027 -0.00144301 0.01323798
v 0.02525830 -0.00145798 0.01581626
v 0.02633949 -0.00145798 0.01680699
v 0.02602212 -0.00146831 0.01823866
v 0.02462355 -0.00147863 0.01867961
v 0.02354236 -0.00147863 0.01768888
v 0.02806379 -0.00141772 0.01166928
v 0.02946236 -0.00140739 0.01122833
v 0.03054355 -0.00140739 0.01221906
v 0.03022618 -0.00141772 0.01365074
v 0.02882761 -0.00142804 0.01409168
v 0.02774642 -0.00142804 0.01310095
v -0.03453840 -0.00212600 0.07246823
v -0.03313984 -0.00211567 0.07202729
v -0.02902381 -0.00205011 0.06486108
v -0.02817196 -0.00207541 0.06986177
v -0.02957053 -0.00208573 0.07030272
v -0.03205864 -0.00211567 0.07301802
v -0.03237602 -0.00212600 0.07444970
v -0.03377458 -0.00213632 0.07489064
v -0.03485578 -0.00213632 0.07389991
v -0.03065172 -0.00208573 0.06931199
v -0.03033434 -0.00207541 0.06788031
v -0.02893578 -0.00206508 0.06743936
v -0.02785458 -0.00206508 0.06843009
v -0.02613029 -0.00202481 0.06329238
v -0.02481975 -0.00199952 0.06027315
v -0.02473172 -0.00201449 0.06285144
v -0.02365052 -0.00201449 0.06384217
v -0.02396790 -0.00202481 0.06527385
v -0.02536647 -0.00203514 0.06571479
v -0.02644766 -0.00203514 0.06472406
v -0.02192623 -0.00197422 0.05870446
v -0.02061569 -0.00194893 0.05568523
v -0.02052766 -0.00196390 0.05826351
v -0.01944647 -0.00196390 0.05925424
v -0.01976384 -0.00197422 0.06068592
v -0.02116241 -0.00198455 0.06112687
v -0.02224360 -0.00198455 0.06013613
v -0.01772217 -0.00192363 0.05411653
v -0.01632360 -0.00191331 0.05367559
v -0.01641163 -0.00189833 0.05109730
v -0.01524241 -0.00191331 0.05466632
v -0.01555978 -0.00192363 0.05609800
v -0.01695835 -0.00193396 0.05653894
v -0.01803954 -0.00193396 0.05554821
v -0.01351811 -0.00187304 0.04952861
v -0.01220757 -0.00184774 0.04650938
v -0.01211954 -0.00186271 0.04908766
v -0.01103835 -0.00186271 0.05007839
v -0.01135572 -0.00187304 0.05151007
v -0.01275429 -0.00188336 0.05195102
v -0.01383548 -0.00188336 0.05096028
v -0.00931405 -0.00182245 0.04494068
v -0.00800351 -0.00179715 0.04192145
v -0.00791548 -0.00181212 0.04449974
v -0.00683429 -0.00181212 0.04549047
v -0.00715166 -0.00182245 0.04692214
v -0.00855023 -0.00183277 0.04736309
v -0.00963142 -0.00183277 0.04637236
v -0.00510999 -0.00177186 0.04035276
v -0.00379945 -0.00174656 0.03733353
v -0.00371142 -0.00176153 0.03991181
v -0.00263023 -0.00176153 0.04090254
v -0.00294760 -0.00177186 0.04233422
v -0.00434617 -0.00178218 0.04277516
v -0.00542736 -0.00178218 0.04178443
v -0.00090593 -0.00172127 0.03576483
v 0.00049263 -0.00171094 0.03532389
v 0.00460866 -0.00164538 0.02815768
v 0.00546051 -0.00167067 0.03315837
v 0.00406195 -0.00168100 0.03359931
v 0.00157383 -0.00171094 0.03631462
v 0.00125646 -0.00172127 0.03774629
v -0.00014211 -0.00173159 0.03818724
v -0.00122331 -0.00173159 0.03719651
v 0.00298075 -0.00168100 0.03260858
v 0.00329813 -0.00167067 0.03117691
v 0.00469669 -0.00166035 0.03073596
v 0.00577789 -0.00166035 0.03172669
v 0.00750218 -0.00162008 0.02658898
v 0.00881272 -0.00159478 0.02356975
v 0.00890076 -0.00160975 0.02614803
v 0.00998195 -0.00160975 0.02713877
v 0.00966457 -0.00162008 0.02857045
v 0.00826601 -0.00163040 0.02901139
v 0.00718481 -0.00163040 0.02802066
v 0.01170625 -0.00156949 0.02200105
v 0.01301678 -0.00154419 0.01898183
v 0.01310481 -0.00155916 0.02156011
v 0.01418601 -0.00155916 0.02255084
v 0.01386863 -0.00156949 0.02398252
v 0.01247006 -0.00157981 0.02442347
v 0.01138887 -0.00157981 0.02343273
v 0.01591030 -0.00151890 0.01741313
v 0.01722084 -0.00149360 0.01439390
v 0.01730887 -0.00150857 0.01697218
v 0.01839007 -0.00150857 0.01796291
v 0.01807269 -0.00151890 0.01939459
v 0.01667412 -0.00152922 0.01983554
v 0.01559293 -0.00152922 0.01884481
v 0.02011436 -0.00146831 0.01282520
v 0.02151293 -0.00145798 0.01238426
v 0.02259412 -0.00145798 0.01337499
v 0.02227675 -0.00146831 0.01480667
v 0.02087818 -0.00147863 0.01524762
v 0.01979699 -0.00147863 0.01425688
v 0.02571699 -0.00140739 0.00779633
v 0.02431842 -0.00141772 0.00823728
v 0.02679819 -0.00140739 0.00878706
v 0.02648081 -0.00141772 0.01021874
v 0.02508224 -0.00142804 0.01065969
v 0.02400105 -0.00142804 0.00966896
v -0.03828377 -0.00212600 0.06903624
v -0.03688520 -0.00211567 0.06859529
v -0.03276917 -0.00205011 0.06142908
v -0.03191733 -0.00207541 0.06642977
v -0.03331589 -0.00208573 0.06687072
v -0.03580401 -0.00211567 0.06958602
v -0.03612139 -0.00212600 0.07101770
v -0.03751995 -0.00213632 0.07145864
v -0.03860115 -0.00213632 0.07046791
v -0.03439709 -0.00208573 0.06587999
v -0.03407971 -0.00207541 0.06444831
v -0.03268115 -0.00206508 0.06400736
v -0.03159995 -0.00206508 0.06499810
v -0.02987565 -0.00202481 0.05986038
v -0.02856512 -0.00199952 0.05684115
v -0.02847709 -0.00201449 0.05941944
v -0.02739589 -0.00201449 0.06041017
v -0.02771327 -0.00202481 0.06184185
v -0.02911184 -0.00203514 0.06228279
v -0.03019303 -0.00203514 0.06129206
v -0.02598897 -0.00198455 0.05670414
v -0.02567159 -0.00197422 0.05527246
v -0.02436106 -0.00194893 0.05225323
v -0.02427303 -0.00196390 0.05483151
v -0.02490778 -0.00198455 0.05769487
v -0.02350921 -0.00197422 0.05725392
v -0.02319183 -0.00196390 0.05582225
v -0.02070372 -0.00193396 0.05310694
v -0.01930515 -0.00192363 0.05266600
v -0.02178491 -0.00193396 0.05211621
v -0.02146754 -0.00192363 0.05068454
v -0.02015700 -0.00189833 0.04766531
v -0.02006897 -0.00191331 0.05024359
v -0.01898777 -0.00191331 0.05123432
v -0.01726348 -0.00187304 0.04609661
v -0.01595294 -0.00184774 0.04307738
v -0.01586491 -0.00186271 0.04565566
v -0.01478371 -0.00186271 0.04664639
v -0.01510109 -0.00187304 0.04807807
v -0.01649966 -0.00188336 0.04851902
v -0.01758085 -0.00188336 0.04752829
v -0.01305942 -0.00182245 0.04150868
v -0.01174888 -0.00179715 0.03848945
v -0.01166085 -0.00181212 0.04106774
v -0.01057966 -0.00181212 0.04205847
v -0.01089703 -0.00182245 0.04349015
v -0.01229560 -0.00183277 0.04393109
v -0.01337679 -0.00183277 0.04294036
v -0.00885536 -0.00177186 0.03692076
v -0.00754482 -0.00174656 0.03390153
v -0.00745679 -0.00176153 0.03647981
v -0.00637560 -0.00176153 0.03747055
v -0.00669297 -0.00177186 0.03890222
v -0.00809154 -0.00178218 0.03934317
v -0.00917273 -0.00178218 0.03835243
v -0.00465130 -0.00172127 0.03233283
v -0.00325273 -0.00171094 0.03189189
v 0.00086329 -0.00164538 0.02472568
v 0.00171514 -0.00167067 0.02972637
v 0.00031658 -0.00168100 0.03016732
v -0.00217154 -0.00171094 0.03288262
v -0.00248891 -0.00172127 0.03431430
v -0.00388748 -0.00173159 0.03475524
v -0.00496867 -0.00173159 0.03376451
v -0.00076462 -0.00168100 0.02917658
v -0.00044724 -0.00167067 0.02774491
v 0.00095133 -0.00166035 0.02730396
v 0.00203252 -0.00166035 0.02829470
v 0.00375682 -0.00162008 0.02315698
v 0.00506736 -0.00159478 0.02013775
v 0.00515539 -0.00160975 0.02271604
v 0.00623658 -0.00160975 0.02370677
v 0.00591920 -0.00162008 0.02513845
v 0.00452064 -0.00163040 0.02557939
v 0.00343944 -0.00163040 0.02458866
v 0.00796088 -0.00156949 0.01856906
v 0.00927141 -0.00154419 0.01554983
v 0.00935944 -0.00155916 0.01812811
v 0.01044064 -0.00155916 0.01911884
v 0.01012326 -0.00156949 0.02055052
v 0.00872469 -0.00157981 0.02099147
v 0.00764350 -0.00157981 0.02000074
v 0.01216493 -0.00151890 0.01398113
v 0.01356350 -0.00150857 0.01354018
v 0.01464470 -0.00150857 0.01453092
v 0.01432732 -0.00151890 0.01596260
v 0.01292876 -0.00152922 0.01640354
v 0.01184756 -0.00152922 0.01541281
v 0.01776756 -0.00145798 0.00895226
v 0.01636900 -0.00146831 0.00939321
v 0.01884875 -0.00145798 0.00994299
v 0.01853138 -0.00146831 0.01137467
v 0.01713281 -0.00147863 0.01181562
v 0.01605162 -0.00147863 0.01082489
v -0.04202914 -0.00212600 0.06560424
v -0.04063058 -0.00211567 0.06516329
v -0.03566269 -0.00207541 0.06299777
v -0.03706126 -0.00208573 0.06343872
v -0.03954938 -0.00211567 0.06615402
v -0.03986675 -0.00212600 0.06758570
v -0.04126532 -0.00213632 0.06802665
v -0.04234652 -0.00213632 0.06703591
v -0.03814246 -0.00208573 0.06244799
v -0.03782508 -0.00207541 0.06101631
v -0.03642652 -0.00206508 0.06057536
v -0.03534532 -0.00206508 0.06156610
v -0.03393840 -0.00203514 0.05786006
v -0.03362103 -0.00202481 0.05642838
v -0.03285720 -0.00203514 0.05885080
v -0.03145864 -0.00202481 0.05840985
v -0.03114126 -0.00201449 0.05697817
v -0.02865314 -0.00198455 0.05426287
v -0.03231049 -0.00199952 0.05340915
v -0.03222246 -0.00201449 0.05598744
v -0.02725458 -0.00197422 0.05382192
v -0.02973434 -0.00198455 0.05327214
v -0.02941697 -0.00197422 0.05184046
v -0.02810643 -0.00194893 0.04882123
v -0.02801840 -0.00196390 0.05139951
v -0.02693720 -0.00196390 0.05239025
v -0.02521291 -0.00192363 0.04725253
v -0.02390237 -0.00189833 0.04423330
v -0.02381434 -0.00191331 0.04681159
v -0.02273314 -0.00191331 0.04780232
v -0.02305052 -0.00192363 0.04923400
v -0.02444909 -0.00193396 0.04967494
v -0.02553028 -0.00193396 0.04868421
v -0.02100885 -0.00187304 0.04266461
v -0.01969831 -0.00184774 0.03964538
v -0.01961028 -0.00186271 0.04222366
v -0.01852908 -0.00186271 0.04321440
v -0.01884646 -0.00187304 0.04464607
v -0.02024503 -0.00188336 0.04508702
v -0.02132622 -0.00188336 0.04409629
v -0.01680479 -0.00182245 0.03807668
v -0.01549425 -0.00179715 0.03505745
v -0.01540622 -0.00181212 0.03763574
v -0.01432502 -0.00181212 0.03862647
v -0.01464240 -0.00182245 0.04005815
v -0.01604097 -0.00183277 0.04049909
v -0.01712216 -0.00183277 0.03950836
v -0.01260073 -0.00177186 0.03348876
v -0.01129019 -0.00174656 0.03046953
v -0.01120216 -0.00176153 0.03304781
v -0.01012097 -0.00176153 0.03403855
v -0.01043834 -0.00177186 0.03547022
v -0.01183691 -0.00178218 0.03591117
v -0.01291810 -0.00178218 0.03492043
v -0.00203022 -0.00167067 0.02629437
v -0.00342879 -0.00168100 0.02673532
v -0.00699811 -0.00171094 0.02845989
v -0.00288208 -0.00164538 0.02129368
v -0.00839667 -0.00172127 0.02890083
v -0.00591691 -0.00171094 0.02945062
v -0.00623428 -0.00172127 0.03088230
v -0.00763285 -0.00173159 0.03132324
v -0.00871405 -0.00173159 0.03033251
v -0.00450999 -0.00168100 0.02574458
v -0.00419261 -0.00167067 0.02431291
v -0.00279405 -0.00166035 0.02387196
v -0.00171285 -0.00166035 0.02486270
v 0.00001144 -0.00162008 0.01972498
v 0.00132198 -0.00159478 0.01670575
v 0.00141002 -0.00160975 0.01928404
v 0.00249121 -0.00160975 0.02027477
v 0.00217383 -0.00162008 0.02170645
v 0.00077527 -0.00163040 0.02214739
v -0.00030593 -0.00163040 0.02115666
v 0.00421551 -0.00156949 0.01513706
v 0.00561407 -0.00155916 0.01469611
v 0.00669527 -0.00155916 0.01568685
v 0.00637790 -0.00156949 0.01711852
v 0.00497933 -0.00157981 0.01755947
v 0.00389813 -0.00157981 0.01656874
v 0.00841956 -0.00151890 0.01054913
v 0.00981813 -0.00150857 0.01010818
v 0.01089933 -0.00150857 0.01109892
v 0.01058195 -0.00151890 0.01253060
v 0.00918339 -0.00152922 0.01297154
v 0.00810219 -0.00152922 0.01198081
v -0.03520400 -0.00202481 0.05497785
v -0.03660257 -0.00203514 0.05541880
v -0.03768377 -0.00203514 0.05442806
v -0.03736639 -0.00202481 0.05299639
v -0.03596783 -0.00201449 0.05255544
v -0.03488663 -0.00201449 0.05354618
v -0.03185180 -0.00194893 0.04538923
v -0.03316233 -0.00197422 0.04840846
v -0.03176377 -0.00196390 0.04796752
v -0.03068257 -0.00196390 0.04895825
v -0.03099994 -0.00197422 0.05038993
v -0.03239851 -0.00198455 0.05083087
v -0.03347971 -0.00198455 0.04984014
v -0.02895828 -0.00192363 0.04382054
v -0.02764774 -0.00189833 0.04080131
v -0.02755971 -0.00191331 0.04337959
v -0.02647851 -0.00191331 0.04437032
v -0.02679589 -0.00192363 0.04580200
v -0.02819445 -0.00193396 0.04624295
v -0.02927565 -0.00193396 0.04525221
v -0.02475422 -0.00187304 0.03923261
v -0.02344368 -0.00184774 0.03621338
v -0.02335565 -0.00186271 0.03879166
v -0.02227445 -0.00186271 0.03978240
v -0.02259183 -0.00187304 0.04121408
v -0.02399040 -0.00188336 0.04165502
v -0.02507159 -0.00188336 0.04066429
v -0.02055016 -0.00182245 0.03464468
v -0.01923962 -0.00179715 0.03162546
v -0.01915159 -0.00181212 0.03420374
v -0.01807039 -0.00181212 0.03519447
v -0.01838777 -0.00182245 0.03662615
v -0.01978634 -0.00183277 0.03706710
v -0.02086753 -0.00183277 0.03607636
v -0.01634610 -0.00177186 0.03005676
v -0.01503556 -0.00174656 0.02703753
v -0.01494753 -0.00176153 0.02961582
v -0.01386634 -0.00176153 0.03060655
v -0.01418371 -0.00177186 0.03203822
v -0.01558228 -0.00178218 0.03247917
v -0.01666347 -0.00178218 0.03148844
v -0.00793798 -0.00167067 0.02088091
v -0.00653941 -0.00166035 0.02043997
v -0.00662745 -0.00164538 0.01786168
v -0.00545822 -0.00166035 0.02143070
v -0.00577559 -0.00167067 0.02286238
v -0.00825536 -0.00168100 0.02231259
v -0.01214204 -0.00172127 0.02546883
v -0.00717416 -0.00168100 0.02330332
v -0.01074347 -0.00171094 0.02502789
v -0.00966228 -0.00171094 0.02601862
v -0.00997965 -0.00172127 0.02745030
v -0.01137822 -0.00173159 0.02789125
v -0.01245941 -0.00173159 0.02690051
v -0.00373392 -0.00162008 0.01629299
v -0.00233535 -0.00160975 0.01585204
v -0.00125416 -0.00160975 0.01684277
v -0.00157153 -0.00162008 0.01827445
v -0.00297010 -0.00163040 0.01871539
v -0.00405130 -0.00163040 0.01772466
v 0.00047014 -0.00156949 0.01170506
v 0.00186870 -0.00155916 0.01126411
v 0.00294990 -0.00155916 0.01225485
v 0.00263253 -0.00156949 0.01368652
v 0.00123396 -0.00157981 0.01412747
v 0.00015276 -0.00157981 0.01313674
v -0.03614388 -0.00198455 0.04739887
v -0.03474531 -0.00197422 0.04695793
v -0.03722508 -0.00198455 0.04640814
v -0.03690770 -0.00197422 0.04497646
v -0.03550914 -0.00196390 0.04453552
v -0.03442794 -0.00196390 0.04552625
v -0.03270365 -0.00192363 0.04038854
v -0.03139311 -0.00189833 0.03736931
v -0.03130508 -0.00191331 0.03994759
v -0.03022388 -0.00191331 0.04093832
v -0.03054126 -0.00192363 0.04237000
v -0.03193983 -0.00193396 0.04281095
v -0.03302102 -0.00193396 0.04182021
v -0.02849959 -0.00187304 0.03580061
v -0.02718905 -0.00184774 0.03278138
v -0.02710102 -0.00186271 0.03535967
v -0.02601982 -0.00186271 0.03635040
v -0.02633720 -0.00187304 0.03778208
v -0.02773577 -0.00188336 0.03822302
v -0.02881696 -0.00188336 0.03723229
v -0.02429553 -0.00182245 0.03121269
v -0.02298499 -0.00179715 0.02819346
v -0.02289696 -0.00181212 0.03077174
v -0.02181576 -0.00181212 0.03176247
v -0.02213314 -0.00182245 0.03319415
v -0.02353171 -0.00183277 0.03363510
v -0.02461290 -0.00183277 0.03264436
v -0.02009147 -0.00177186 0.02662476
v -0.01878093 -0.00174656 0.02360553
v -0.01869290 -0.00176153 0.02618382
v -0.01761171 -0.00176153 0.02717455
v -0.01792908 -0.00177186 0.02860623
v -0.01932765 -0.00178218 0.02904717
v -0.02040884 -0.00178218 0.02805644
v -0.00952096 -0.00167067 0.01943038
v -0.01091953 -0.00168100 0.01987132
v -0.01448884 -0.00171094 0.02159589
v -0.01037281 -0.00164538 0.01442968
v -0.01588741 -0.00172127 0.02203684
v -0.01340765 -0.00171094 0.02258662
v -0.01372502 -0.00172127 0.02401830
v -0.01512359 -0.00173159 0.02445924
v -0.01620478 -0.00173159 0.02346851
v -0.01200072 -0.00168100 0.01888059
v -0.01168335 -0.00167067 0.01744891
v -0.01028478 -0.00166035 0.01700797
v -0.00920359 -0.00166035 0.01799870
v -0.00747929 -0.00162008 0.01286099
v -0.00608072 -0.00160975 0.01242004
v -0.00499953 -0.00160975 0.01341077
v -0.00531690 -0.00162008 0.01484245
v -0.00671547 -0.00163040 0.01528339
v -0.00779666 -0.00163040 0.01429266
v -0.03505044 -0.00191331 0.03651559
v -0.03644901 -0.00192363 0.03695654
v -0.03396925 -0.00191331 0.03750633
v -0.03428662 -0.00192363 0.03893801
v -0.03568519 -0.00193396 0.03937895
v -0.03676639 -0.00193396 0.03838822
v -0.03224495 -0.00187304 0.03236861
v -0.03084639 -0.00186271 0.03192767
v -0.02976519 -0.00186271 0.03291840
v -0.03008256 -0.00187304 0.03435008
v -0.03148113 -0.00188336 0.03479102
v -0.03256233 -0.00188336 0.03380029
v -0.02664233 -0.00181212 0.02733974
v -0.02804089 -0.00182245 0.02778069
v -0.02556113 -0.00181212 0.02833047
v -0.02587850 -0.00182245 0.02976215
v -0.02727708 -0.00183277 0.03020310
v -0.02835827 -0.00183277 0.02921237
v -0.02243827 -0.00176153 0.02275182
v -0.02383684 -0.00177186 0.02319276
v -0.02135708 -0.00176153 0.02374255
v -0.02167445 -0.00177186 0.02517423
v -0.02307302 -0.00178218 0.02561517
v -0.02415421 -0.00178218 0.02462444
v -0.01294896 -0.00166035 0.01456670
v -0.01326633 -0.00167067 0.01599838
v -0.01403015 -0.00166035 0.01357597
v -0.01542872 -0.00167067 0.01401692
v -0.01574609 -0.00168100 0.01544859
v -0.01963278 -0.00172127 0.01860484
v -0.01466490 -0.00168100 0.01643932
v -0.01823421 -0.00171094 0.01816389
v -0.01715302 -0.00171094 0.01915463
v -0.01747039 -0.00172127 0.02058630
v -0.01886896 -0.00173159 0.02102725
v -0.01995015 -0.00173159 0.02003652
v -0.00982609 -0.00160975 0.00898804
v -0.01122466 -0.00162008 0.00942899
v -0.00874490 -0.00160975 0.00997877
v -0.00906227 -0.00162008 0.01141046
v -0.01046084 -0.00163040 0.01185140
v -0.01154203 -0.00163040 0.01086066
v -0.03972872 -0.00314300 0.02549700
v -0.04004609 -0.00315332 0.02692868
v -0.03833015 -0.00313267 0.02505606
v -0.03724896 -0.00313267 0.02604679
v -0.03756633 -0.00314300 0.02747847
v -0.03896490 -0.00315332 0.02791942
v 0.03489590 -0.00258649 0.00103528
v 0.03440970 -0.00259008 0.00118857
v 0.03325248 -0.00259681 0.00125186
v -0.03690073 -0.00324418 0.04496885
v -0.03721810 -0.00325451 0.04640053
v -0.03550216 -0.00323386 0.04452791
v -0.03442097 -0.00323386 0.04551864
v -0.03473834 -0.00324418 0.04695032
v -0.03613691 -0.00325451 0.04739126
v -0.03315536 -0.00324418 0.04840085
v -0.03347273 -0.00325451 0.04983253
v -0.03175679 -0.00323386 0.04795990
v -0.03067560 -0.00323386 0.04895064
v -0.03099297 -0.00324418 0.05038231
v -0.03239154 -0.00325451 0.05082326
v -0.02940999 -0.00324418 0.05183285
v -0.02972737 -0.00325451 0.05326452
v -0.02801142 -0.00323386 0.05139190
v -0.02693023 -0.00323386 0.05238264
v -0.02724760 -0.00324418 0.05381431
v -0.02864617 -0.00325451 0.05425526
v -0.02566462 -0.00324418 0.05526485
v -0.02598199 -0.00325451 0.05669652
v -0.02426605 -0.00323386 0.05482390
v -0.02318486 -0.00323386 0.05581463
v -0.02350223 -0.00324418 0.05724631
v -0.02490080 -0.00325451 0.05768726
v -0.01725650 -0.00314300 0.04608900
v -0.01757388 -0.00315332 0.04752068
v -0.01585793 -0.00313267 0.04564805
v -0.01477674 -0.00313267 0.04663878
v -0.01509412 -0.00314300 0.04807046
v -0.01649268 -0.00315332 0.04851141
v -0.01259376 -0.00304182 0.03348115
v -0.01291113 -0.00305214 0.03491282
v -0.01119519 -0.00303149 0.03304020
v -0.01011399 -0.00303149 0.03403093
v -0.01043137 -0.00304182 0.03546261
v -0.01182993 -0.00305214 0.03590356
v -0.00884838 -0.00304182 0.03691315
v -0.00916576 -0.00305214 0.03834482
v -0.00744982 -0.00303149 0.03647220
v -0.00636862 -0.00303149 0.03746293
v -0.00668600 -0.00304182 0.03889461
v -0.00808457 -0.00305214 0.03933556
v 0.00796785 -0.00283945 0.01856145
v 0.00765048 -0.00284977 0.01999312
v 0.00936642 -0.00282912 0.01812050
v 0.01044761 -0.00282912 0.01911123
v 0.01013024 -0.00283945 0.02054291
v 0.00873167 -0.00284977 0.02098385
v 0.00422248 -0.00283945 0.01512945
v 0.00390511 -0.00284977 0.01656112
v 0.00562105 -0.00282912 0.01468850
v 0.00670224 -0.00282912 0.01567923
v 0.00638487 -0.00283945 0.01711091
v 0.00498630 -0.00284977 0.01755186
v -0.02191925 -0.00324418 0.05869685
v -0.02223663 -0.00325451 0.06012852
v -0.02052068 -0.00323386 0.05825590
v -0.01943949 -0.00323386 0.05924663
v -0.01975686 -0.00324418 0.06067831
v -0.02115543 -0.00325451 0.06111925
v 0.01665870 -0.00269340 0.00215942
v 0.01931442 -0.00267735 0.00191546
v 0.01929227 -0.00267807 0.00201538
v -0.02100187 -0.00314300 0.04265700
v -0.02131925 -0.00315332 0.04408867
v -0.01960331 -0.00313267 0.04221605
v -0.01852211 -0.00313267 0.04320679
v -0.01883948 -0.00314300 0.04463846
v -0.02023805 -0.00315332 0.04507941
v -0.01351113 -0.00314300 0.04952100
v -0.01382851 -0.00315332 0.05095267
v -0.01211257 -0.00313267 0.04908005
v -0.01103137 -0.00313267 0.05007078
v -0.01134875 -0.00314300 0.05150246
v -0.01274732 -0.00315332 0.05194340
v 0.02432540 -0.00268767 0.00822967
v 0.02400802 -0.00269800 0.00966135
v 0.02572396 -0.00267735 0.00778872
v 0.02680516 -0.00267735 0.00877946
v 0.02648778 -0.00268767 0.01021113
v 0.02508921 -0.00269800 0.01065208
v 0.02446671 -0.00264741 0.00164142
v 0.02707987 -0.00263274 0.00158946
v 0.02456038 -0.00264741 0.00172725
v -0.03881134 -0.00304182 0.00945716
v -0.03912871 -0.00305214 0.01088884
v -0.03741277 -0.00303149 0.00901621
v -0.03633157 -0.00303149 0.01000695
v -0.03664895 -0.00304182 0.01143862
v -0.03804752 -0.00305214 0.01187957
v -0.01633912 -0.00304182 0.03004915
v -0.01665650 -0.00305214 0.03148083
v -0.01494056 -0.00303149 0.02960820
v -0.01385936 -0.00303149 0.03059894
v -0.01417673 -0.00304182 0.03203061
v -0.01557530 -0.00305214 0.03247156
v -0.02008449 -0.00304182 0.02661715
v -0.02040187 -0.00305214 0.02804883
v -0.01868593 -0.00303149 0.02617620
v -0.01760473 -0.00303149 0.02716694
v -0.01792210 -0.00304182 0.02859862
v -0.01932067 -0.00305214 0.02903956
v -0.04064610 -0.00324418 0.04153685
v -0.04096347 -0.00325451 0.04296853
v -0.03924753 -0.00323386 0.04109591
v -0.03816634 -0.00323386 0.04208664
v -0.03848371 -0.00324418 0.04351832
v -0.03988228 -0.00325451 0.04395926
v -0.03132060 -0.00304182 0.01632115
v -0.03163797 -0.00305214 0.01775283
v -0.02992203 -0.00303149 0.01588021
v -0.02884084 -0.00303149 0.01687094
v -0.02915821 -0.00304182 0.01830262
v -0.03055678 -0.00305214 0.01874357
v -0.03506597 -0.00304182 0.01288916
v -0.03538334 -0.00305214 0.01432084
v -0.03366740 -0.00303149 0.01244821
v -0.03258621 -0.00303149 0.01343894
v -0.03290358 -0.00304182 0.01487062
v -0.03430215 -0.00305214 0.01531157
v -0.02382986 -0.00304182 0.02318515
v -0.02414724 -0.00305214 0.02461683
v -0.02243129 -0.00303149 0.02274421
v -0.02135010 -0.00303149 0.02373494
v -0.02166747 -0.00304182 0.02516662
v -0.02306604 -0.00305214 0.02560756
v -0.02757523 -0.00304182 0.01975315
v -0.02789261 -0.00305214 0.02118483
v -0.02617666 -0.00303149 0.01931221
v -0.02509547 -0.00303149 0.02030294
v -0.02541284 -0.00304182 0.02173462
v -0.02681141 -0.00305214 0.02217556
v -0.02474724 -0.00314300 0.03922500
v -0.02506462 -0.00315332 0.04065668
v -0.02334867 -0.00313267 0.03878405
v -0.02226748 -0.00313267 0.03977479
v -0.02258485 -0.00314300 0.04120646
v -0.02398342 -0.00315332 0.04164741
v -0.02849261 -0.00314300 0.03579300
v -0.02880999 -0.00315332 0.03722468
v -0.02709404 -0.00313267 0.03535206
v -0.02601285 -0.00313267 0.03634279
v -0.02633022 -0.00314300 0.03777447
v -0.02772879 -0.00315332 0.03821541
v -0.03598335 -0.00314300 0.02892900
v -0.03630072 -0.00315332 0.03036068
v -0.03458478 -0.00313267 0.02848806
v -0.03350359 -0.00313267 0.02947879
v -0.03382096 -0.00314300 0.03091047
v -0.03521953 -0.00315332 0.03135141
v -0.03223798 -0.00314300 0.03236100
v -0.03255535 -0.00315332 0.03379268
v -0.03083941 -0.00313267 0.03192006
v -0.02975822 -0.00313267 0.03291079
v -0.03007559 -0.00314300 0.03434247
v -0.03147416 -0.00315332 0.03478341
v -0.00976577 -0.00314300 0.05295299
v -0.01008314 -0.00315332 0.05438467
v -0.00836720 -0.00313267 0.05251205
v -0.00728600 -0.00313267 0.05350278
v -0.00760338 -0.00314300 0.05493446
v -0.00900195 -0.00315332 0.05537540
v -0.02658200 -0.00334537 0.07130469
v -0.02689938 -0.00335569 0.07273637
v -0.02518343 -0.00333504 0.07086375
v -0.02410224 -0.00333504 0.07185448
v -0.02441961 -0.00334537 0.07328616
v -0.02581818 -0.00335569 0.07372710
v -0.00135765 -0.00304182 0.04377714
v -0.00167502 -0.00305214 0.04520882
v 0.00004092 -0.00303149 0.04333620
v 0.00112211 -0.00303149 0.04432693
v 0.00080474 -0.00304182 0.04575861
v -0.00059383 -0.00305214 0.04619955
v -0.03453143 -0.00339596 0.07246062
v -0.03484880 -0.00340628 0.07389230
v -0.03313286 -0.00338563 0.07201968
v -0.03205167 -0.00338563 0.07301041
v -0.03236904 -0.00339596 0.07444208
v -0.03376761 -0.00340628 0.07488303
v -0.03827680 -0.00339596 0.06902862
v -0.03859417 -0.00340628 0.07046030
v -0.03687823 -0.00338563 0.06858768
v -0.03579704 -0.00338563 0.06957841
v -0.03611441 -0.00339596 0.07101009
v -0.03751298 -0.00340628 0.07145103
v -0.01817388 -0.00324418 0.06212884
v -0.01849126 -0.00325451 0.06356052
v -0.01677532 -0.00323386 0.06168790
v -0.01569412 -0.00323386 0.06267863
v -0.01601150 -0.00324418 0.06411031
v -0.01741006 -0.00325451 0.06455125
v -0.03078606 -0.00339596 0.07589262
v -0.03110343 -0.00340628 0.07732430
v -0.02938749 -0.00338563 0.07545167
v -0.02830630 -0.00338563 0.07644241
v -0.02862367 -0.00339596 0.07787408
v -0.03002224 -0.00340628 0.07831503
v -0.03407274 -0.00334537 0.06444070
v -0.03439011 -0.00335569 0.06587238
v -0.03267417 -0.00333504 0.06399975
v -0.03159298 -0.00333504 0.06499048
v -0.03191035 -0.00334537 0.06642216
v -0.03330892 -0.00335569 0.06686311
v 0.01545859 -0.00283945 0.02542544
v 0.01514121 -0.00284977 0.02685712
v 0.01685716 -0.00282912 0.02498450
v 0.01793835 -0.00282912 0.02597523
v 0.01762097 -0.00283945 0.02740691
v 0.01622241 -0.00284977 0.02784785
v -0.04202217 -0.00339596 0.06559662
v -0.04233954 -0.00340628 0.06702830
v -0.04062360 -0.00338563 0.06515568
v -0.03954240 -0.00338563 0.06614641
v -0.03985978 -0.00339596 0.06757809
v -0.04125835 -0.00340628 0.06801903
v -0.03032737 -0.00334537 0.06787270
v -0.03064474 -0.00335569 0.06930437
v -0.02892880 -0.00333504 0.06743175
v -0.02784761 -0.00333504 0.06842248
v -0.02816498 -0.00334537 0.06985416
v -0.02956355 -0.00335569 0.07029510
v -0.03781811 -0.00334537 0.06100870
v -0.03813548 -0.00335569 0.06244037
v -0.03641954 -0.00333504 0.06056775
v -0.03533835 -0.00333504 0.06155849
v -0.03565572 -0.00334537 0.06299016
v -0.03705429 -0.00335569 0.06343111
v 0.00705047 -0.00294063 0.03460129
v 0.00673310 -0.00295096 0.03603297
v 0.00844904 -0.00293031 0.03416035
v 0.00953023 -0.00293031 0.03515108
v 0.00921286 -0.00294063 0.03658276
v 0.00781429 -0.00295096 0.03702370
v 0.02807077 -0.00268767 0.01166167
v 0.02775339 -0.00269800 0.01309335
v 0.02946933 -0.00267735 0.01122072
v 0.03055053 -0.00267735 0.01221145
v 0.03023315 -0.00268767 0.01364313
v 0.02883458 -0.00269800 0.01408408
v 0.03227482 -0.00263708 0.00707374
v 0.03195745 -0.00264741 0.00850542
v 0.03367339 -0.00262675 0.00663279
v 0.03475459 -0.00262675 0.00762353
v 0.03443721 -0.00263708 0.00905521
v 0.03303864 -0.00264741 0.00949615
v 0.01966265 -0.00278885 0.02083752
v 0.01934528 -0.00279918 0.02226919
v 0.02106121 -0.00277853 0.02039657
v 0.02214241 -0.00277853 0.02138730
v 0.02182503 -0.00278885 0.02281898
v 0.02042647 -0.00279918 0.02325992
v -0.00859661 -0.00283945 0.00338292
v -0.00920208 -0.00284392 0.00357381
v -0.01020802 -0.00284977 0.00362883
v 0.00047711 -0.00283945 0.01169745
v 0.00015974 -0.00284977 0.01312912
v 0.00187568 -0.00282912 0.01125650
v 0.00295688 -0.00282912 0.01224724
v 0.00263950 -0.00283945 0.01367892
v 0.00124093 -0.00284977 0.01411986
v -0.00326826 -0.00283945 0.00826545
v -0.00358563 -0.00284977 0.00969713
v -0.00186969 -0.00282912 0.00782450
v -0.00078850 -0.00282912 0.00881523
v -0.00110587 -0.00283945 0.01024692
v -0.00250444 -0.00284977 0.01068786
v -0.00510302 -0.00304182 0.04034514
v -0.00542039 -0.00305214 0.04177682
v -0.00370445 -0.00303149 0.03990420
v -0.00262325 -0.00303149 0.04089493
v -0.00294063 -0.00304182 0.04232661
v -0.00433920 -0.00305214 0.04276755
v 0.00842654 -0.00278885 0.01054152
v 0.00810917 -0.00279918 0.01197319
v 0.00982511 -0.00277853 0.01010058
v 0.01090630 -0.00277853 0.01109131
v 0.01058893 -0.00278885 0.01252299
v 0.00919036 -0.00279918 0.01296393
v 0.01217191 -0.00278885 0.01397352
v 0.01185454 -0.00279918 0.01540519
v 0.01357048 -0.00277853 0.01353258
v 0.01465167 -0.00277853 0.01452331
v 0.01433430 -0.00278885 0.01595498
v 0.01293573 -0.00279918 0.01639593
v 0.01591728 -0.00278885 0.01740552
v 0.01559991 -0.00279918 0.01883719
v 0.01731585 -0.00277853 0.01696457
v 0.01839704 -0.00277853 0.01795531
v 0.01807967 -0.00278885 0.01938698
v 0.01668110 -0.00279918 0.01982792
v 0.01171322 -0.00283945 0.02199345
v 0.01139585 -0.00284977 0.02342512
v 0.01311179 -0.00282912 0.02155250
v 0.01419298 -0.00282912 0.02254323
v 0.01387560 -0.00283945 0.02397491
v 0.01247704 -0.00284977 0.02441585
v -0.00044027 -0.00294063 0.02773730
v -0.00075764 -0.00295096 0.02916897
v 0.00095830 -0.00293031 0.02729635
v 0.00203950 -0.00293031 0.02828708
v 0.00172212 -0.00294063 0.02971876
v 0.00032355 -0.00295096 0.03015970
v 0.00330510 -0.00294063 0.03116929
v 0.00298773 -0.00295096 0.03260097
v 0.00470367 -0.00293031 0.03072835
v 0.00578486 -0.00293031 0.03171908
v 0.00546749 -0.00294063 0.03315076
v 0.00406892 -0.00295096 0.03359170
v -0.00418564 -0.00294063 0.02430530
v -0.00450301 -0.00295096 0.02573697
v -0.00278707 -0.00293031 0.02386435
v -0.00170587 -0.00293031 0.02485508
v -0.00202325 -0.00294063 0.02628676
v -0.00342182 -0.00295096 0.02672771
v -0.01542174 -0.00294063 0.01400930
v -0.01573912 -0.00295096 0.01544098
v -0.01402318 -0.00293031 0.01356836
v -0.01294198 -0.00293031 0.01455909
v -0.01325935 -0.00294063 0.01599077
v -0.01465792 -0.00295096 0.01643171
v -0.01167638 -0.00294063 0.01744130
v -0.01199375 -0.00295096 0.01887298
v -0.01027781 -0.00293031 0.01700035
v -0.00919661 -0.00293031 0.01799109
v -0.00951399 -0.00294063 0.01942277
v -0.01091256 -0.00295096 0.01986371
v -0.00793101 -0.00294063 0.02087330
v -0.00824838 -0.00295096 0.02230498
v -0.00653244 -0.00293031 0.02043235
v -0.00545124 -0.00293031 0.02142309
v -0.00576862 -0.00294063 0.02285476
v -0.00716718 -0.00295096 0.02329571
v -0.01916712 -0.00294063 0.01057730
v -0.01948449 -0.00295096 0.01200898
v -0.01776854 -0.00293031 0.01013636
v -0.01668735 -0.00293031 0.01112709
v -0.01700473 -0.00294063 0.01255877
v -0.01840329 -0.00295096 0.01299971
v 0.00468117 -0.00278885 0.00710952
v 0.00436380 -0.00279918 0.00854120
v 0.00607974 -0.00277853 0.00666858
v 0.00716093 -0.00277853 0.00765931
v 0.00684356 -0.00278885 0.00909099
v 0.00544499 -0.00279918 0.00953193
v -0.02684078 -0.00294658 0.00453852
v -0.02417809 -0.00293031 0.00426309
v -0.02420721 -0.00293125 0.00439448
v -0.05018361 -0.00471187 0.06577087
v -0.04310222 -0.05013296 0.05804288
v -0.04189650 -0.05099344 0.05672707
v -0.03627182 -0.04701817 0.05058881
v 0.01888874 -0.00401361 0.01257371
v 0.02152688 -0.00399790 0.01236903
v 0.02355631 -0.00401855 0.01767365
v 0.02089213 -0.00401855 0.01523239
v 0.02387368 -0.00400822 0.01624198
v 0.02229070 -0.00400822 0.01479144
v 0.02527225 -0.00399790 0.01580103
v 0.02260808 -0.00399790 0.01335976
v 0.02012831 -0.00400822 0.01280998
v 0.01981094 -0.00401855 0.01424166
v 0.01228090 -0.00409313 0.01978490
v 0.02463750 -0.00401855 0.01866439
v 0.02603607 -0.00400822 0.01822344
v 0.02635344 -0.00399790 0.01679176
v 0.00889220 -0.00400822 0.00251399
v 0.00887807 -0.00400868 0.00257773
v 0.01029077 -0.00399790 0.00207304
v 0.01073096 -0.00399790 0.00247639
v 0.01340140 -0.00401855 0.00836839
v 0.01232020 -0.00401855 0.00737766
v 0.01263757 -0.00400822 0.00594598
v 0.01403614 -0.00399790 0.00550504
v 0.01511734 -0.00399790 0.00649577
v 0.01778151 -0.00399790 0.00893704
v 0.01479996 -0.00400822 0.00792745
v 0.01638294 -0.00400822 0.00937798
v 0.01606557 -0.00401855 0.01080966
v 0.01714676 -0.00401855 0.01180039
v 0.01854533 -0.00400822 0.01135945
v 0.01886271 -0.00399790 0.00992777
v -0.04128076 -0.03922417 0.05605511
v -0.04167093 -0.03927972 0.05648090
v -0.04205752 -0.03918391 0.05690279
v -0.04241418 -0.03894326 0.05729202
v -0.04271661 -0.03857417 0.05762206
v -0.04294420 -0.03810180 0.05787043
v -0.04308143 -0.03755833 0.05802020
v -0.04311897 -0.03698081 0.05806116
v -0.04305424 -0.03640859 0.05799052
v -0.04289166 -0.03588066 0.05781309
v -0.04264230 -0.03543301 0.05754097
v -0.04232317 -0.03509613 0.05719270
v -0.04195601 -0.03489300 0.05679202
v -0.04156584 -0.03483744 0.05636622
v -0.04117926 -0.03493326 0.05594434
v -0.04082259 -0.03517391 0.05555511
v -0.04052016 -0.03554299 0.05522506
v -0.04029258 -0.03601537 0.05497669
v -0.04015534 -0.03655883 0.05482693
v -0.04011781 -0.03713635 0.05478597
v -0.04018254 -0.03770858 0.05485661
v -0.04034512 -0.03823651 0.05503403
v -0.04059447 -0.03868416 0.05530616
v -0.04091360 -0.03902103 0.05565442
v -0.04479636 -0.01667459 0.05989172
v -0.04518653 -0.01673014 0.06031751
v -0.04557312 -0.01663433 0.06073940
v -0.04592978 -0.01639368 0.06112863
v -0.04623221 -0.01602460 0.06145867
v -0.04645980 -0.01555222 0.06170704
v -0.04659704 -0.01500876 0.06185681
v -0.04663457 -0.01443123 0.06189777
v -0.04656984 -0.01385901 0.06182712
v -0.04640726 -0.01333108 0.06164970
v -0.04615791 -0.01288343 0.06137758
v -0.04583878 -0.01254655 0.06102931
v -0.04547161 -0.01234342 0.06062862
v -0.04508145 -0.01228786 0.06020283
v -0.04469486 -0.01238368 0.05978094
v -0.04433820 -0.01262433 0.05939171
v -0.04403577 -0.01299342 0.05906167
v -0.04380818 -0.01346579 0.05881330
v -0.04367094 -0.01400926 0.05866353
v -0.04363341 -0.01458678 0.05862257
v -0.04369814 -0.01515900 0.05869321
v -0.04386072 -0.01568693 0.05887064
v -0.04411007 -0.01613458 0.05914276
v -0.04442920 -0.01647145 0.05949103
v -0.03992982 -0.03074525 0.01681199
v -0.03985822 -0.03102553 0.01767377
v -0.04364953 -0.00688645 0.02087135
v -0.04362081 -0.00689173 0.02177992
v -0.04400667 -0.00441678 0.02220101
v -0.04083103 -0.00441678 0.02511095
v -0.03708566 -0.00441678 0.02854294
v -0.03334030 -0.00441678 0.03197494
v -0.02959493 -0.00441678 0.03540694
v -0.02584956 -0.00441678 0.03883894
v -0.02210419 -0.00441678 0.04227094
v -0.01835882 -0.00441678 0.04570294
v -0.01461345 -0.00441678 0.04913494
v -0.01086808 -0.00441678 0.05256693
v -0.00564577 -0.00441678 0.05735230
v -0.02020858 -0.00456473 0.06869062
v -0.01989120 -0.00455441 0.06725894
v -0.01557735 -0.00453630 0.06819071
v -0.02769932 -0.00456473 0.06182662
v -0.02738194 -0.00455441 0.06039495
v -0.02454503 -0.00453630 0.05997335
v -0.03519005 -0.00456473 0.05496263
v -0.03487268 -0.00455441 0.05353095
v -0.03203577 -0.00453630 0.05310935
v -0.04373364 -0.00454185 0.04331729
v -0.04327187 -0.00453630 0.04281336
v -0.03952650 -0.00453630 0.04624535
v -0.04414752 -0.00446565 0.03022453
v -0.04114644 -0.00446565 0.03297451
v -0.04396341 -0.00449955 0.03604869
v -0.03941661 -0.00447387 0.03593173
v -0.03801804 -0.00446355 0.03549078
v -0.03740107 -0.00446565 0.03640650
v -0.02053621 -0.00436236 0.03462946
v -0.02085358 -0.00437269 0.03606114
v -0.02212396 -0.00437195 0.03477316
v -0.02802694 -0.00436236 0.02776546
v -0.02834432 -0.00437269 0.02919714
v -0.02961470 -0.00437195 0.02790916
v -0.00961747 -0.00437269 0.04635713
v -0.01088785 -0.00437195 0.04506915
v -0.00930010 -0.00436236 0.04492546
v -0.00788441 -0.00433580 0.04179148
v -0.00790153 -0.00435204 0.04448451
v -0.00682034 -0.00435204 0.04547524
v -0.00413904 -0.00433580 0.04522348
v -0.00713771 -0.00436236 0.04690692
v -0.00714248 -0.00437195 0.04850115
v -0.00853628 -0.00437269 0.04734787
v -0.01336284 -0.00437269 0.04292514
v -0.01463322 -0.00437195 0.04163716
v -0.01304547 -0.00436236 0.04149346
v -0.01162978 -0.00433580 0.03835948
v -0.01164690 -0.00435204 0.04105251
v -0.01056571 -0.00435204 0.04204324
v -0.01088308 -0.00436236 0.04347492
v -0.01228165 -0.00437269 0.04391587
v -0.01710821 -0.00437269 0.03949314
v -0.01837859 -0.00437195 0.03820516
v -0.01679084 -0.00436236 0.03806146
v -0.01537515 -0.00433580 0.03492748
v -0.01539227 -0.00435204 0.03762051
v -0.01431107 -0.00435204 0.03861125
v -0.01462845 -0.00436236 0.04004292
v -0.01602702 -0.00437269 0.04048387
v -0.02960993 -0.00436236 0.02631493
v -0.02929255 -0.00435204 0.02488325
v -0.02661126 -0.00433580 0.02463149
v -0.03035663 -0.00433580 0.02119949
v -0.03208969 -0.00437269 0.02576514
v -0.03100849 -0.00437269 0.02675588
v -0.03037374 -0.00435204 0.02389252
v -0.03177232 -0.00436236 0.02433346
v -0.03336006 -0.00437195 0.02447716
v -0.03583506 -0.00437269 0.02233315
v -0.03710543 -0.00437195 0.02104517
v -0.03551768 -0.00436236 0.02090147
v -0.03410199 -0.00433580 0.01776749
v -0.03411911 -0.00435204 0.02046052
v -0.03303792 -0.00435204 0.02145125
v -0.03335529 -0.00436236 0.02288293
v -0.03475386 -0.00437269 0.02332388
v -0.02211919 -0.00436236 0.03317893
v -0.02180181 -0.00435204 0.03174725
v -0.01912052 -0.00433580 0.03149548
v -0.02286589 -0.00433580 0.02806348
v -0.02459895 -0.00437269 0.03262914
v -0.02351776 -0.00437269 0.03361987
v -0.02288301 -0.00435204 0.03075652
v -0.02428158 -0.00436236 0.03119746
v -0.02586933 -0.00437195 0.03134116
v -0.02662838 -0.00435204 0.02732452
v -0.02554718 -0.00435204 0.02831525
v -0.02586455 -0.00436236 0.02974693
v -0.02726313 -0.00437269 0.03018787
v -0.04052866 -0.00435204 0.01458726
v -0.04485270 -0.00433580 0.00791628
v -0.04465641 -0.00437195 0.01412597
v -0.03786448 -0.00435204 0.01702852
v -0.03926305 -0.00436236 0.01746947
v -0.03958043 -0.00437269 0.01890115
v -0.04419318 -0.00445724 0.02878008
v -0.03849923 -0.00437269 0.01989188
v -0.03710066 -0.00436236 0.01945093
v -0.03678329 -0.00435204 0.01801926
v -0.01913764 -0.00435204 0.03418852
v -0.01805644 -0.00435204 0.03517925
v -0.01837382 -0.00436236 0.03661093
v -0.01977239 -0.00437269 0.03705187
v 0.00108327 -0.00433580 0.05000884
v -0.00307497 -0.00435204 0.04890724
v -0.00339234 -0.00436236 0.05033892
v -0.00192017 -0.00437195 0.05328652
v -0.00479091 -0.00437269 0.05077986
v -0.00587210 -0.00437269 0.04978913
v -0.00555473 -0.00436236 0.04835746
v -0.00415616 -0.00435204 0.04791651
v -0.02926170 -0.00447387 0.04523699
v -0.03393988 -0.00451414 0.04766797
v -0.02894433 -0.00446355 0.04380531
v -0.02991034 -0.00446565 0.04327050
v -0.02754576 -0.00445322 0.04336437
v -0.02681635 -0.00442841 0.03989401
v -0.02646456 -0.00445322 0.04435510
v -0.02307098 -0.00442841 0.04332601
v -0.02678194 -0.00446355 0.04578678
v -0.02616497 -0.00446565 0.04670250
v -0.02818050 -0.00447387 0.04622772
v -0.03019451 -0.00451414 0.05109997
v -0.03430709 -0.00442841 0.03303001
v -0.03770067 -0.00445322 0.03405910
v -0.03805246 -0.00442841 0.02959801
v -0.04143061 -0.00451414 0.04080397
v -0.04388416 -0.00451414 0.03855571
v -0.04049781 -0.00447387 0.03494099
v -0.04018043 -0.00446355 0.03350931
v -0.03878186 -0.00445322 0.03306837
v -0.03300707 -0.00447387 0.04180499
v -0.03768524 -0.00451414 0.04423597
v -0.03268969 -0.00446355 0.04037331
v -0.03365570 -0.00446565 0.03983850
v -0.03129113 -0.00445322 0.03993237
v -0.03056172 -0.00442841 0.03646201
v -0.03020993 -0.00445322 0.04092310
v -0.03052730 -0.00446355 0.04235478
v -0.03192588 -0.00447387 0.04279572
v -0.03675244 -0.00447387 0.03837299
v -0.03643506 -0.00446355 0.03694132
v -0.03503649 -0.00445322 0.03650037
v -0.03395530 -0.00445322 0.03749110
v -0.03427267 -0.00446355 0.03892278
v -0.03567124 -0.00447387 0.03936372
v -0.02551633 -0.00447387 0.04866899
v -0.02519896 -0.00446355 0.04723731
v -0.02380039 -0.00445322 0.04679636
v -0.02271919 -0.00445322 0.04778710
v -0.01932561 -0.00442841 0.04675801
v -0.02303657 -0.00446355 0.04921877
v -0.02241960 -0.00446565 0.05013450
v -0.02443514 -0.00447387 0.04965972
v -0.02644914 -0.00451414 0.05453197
v -0.02068977 -0.00447387 0.05309172
v -0.02270377 -0.00451414 0.05796397
v -0.02177096 -0.00447387 0.05210099
v -0.02145359 -0.00446355 0.05066931
v -0.02005502 -0.00445322 0.05022836
v -0.01897382 -0.00445322 0.05121910
v -0.01558024 -0.00442841 0.05019000
v -0.01929120 -0.00446355 0.05265077
v -0.01867423 -0.00446565 0.05356650
v -0.01802559 -0.00447387 0.05553299
v -0.01770822 -0.00446355 0.05410131
v -0.01630965 -0.00445322 0.05366036
v -0.01522846 -0.00445322 0.05465109
v -0.01183487 -0.00442841 0.05362200
v -0.01554583 -0.00446355 0.05608277
v -0.01492886 -0.00446565 0.05699849
v -0.01694440 -0.00447387 0.05652372
v -0.01895840 -0.00451414 0.06139596
v -0.01428022 -0.00447387 0.05896498
v -0.01396285 -0.00446355 0.05753331
v -0.01256428 -0.00445322 0.05709236
v -0.01148309 -0.00445322 0.05808309
v -0.00661256 -0.00442841 0.05840737
v -0.01180046 -0.00446355 0.05951477
v -0.00970655 -0.00446565 0.06178386
v -0.01319903 -0.00447387 0.05995571
v -0.01373609 -0.00451414 0.06618133
v 0.00235222 -0.00432053 0.04862402
v -0.04492843 -0.00432186 0.00552055
v -0.04453464 -0.00431957 0.00549901
v -0.04452939 -0.00432053 0.00566494
v -0.00287009 -0.00432053 0.04383866
v -0.00661546 -0.00432053 0.04040666
v -0.01036083 -0.00432053 0.03697466
v -0.01410620 -0.00432053 0.03354266
v -0.01785157 -0.00432053 0.03011066
v -0.02159694 -0.00432053 0.02667866
v -0.02534230 -0.00432053 0.02324667
v -0.02908767 -0.00432053 0.01981467
v -0.03283304 -0.00432053 0.01638267
v -0.04394349 -0.00442841 0.02419988
v -0.04179783 -0.00442841 0.02616602
v -0.04350388 -0.00458416 0.05058589
v -0.04293348 -0.00461439 0.05615097
v -0.04327411 -0.00462647 0.05785450
v -0.04288130 -0.00462399 0.05780179
v -0.04326262 -0.00462858 0.05821793
v -0.04227012 -0.00461439 0.05675883
v -0.03893542 -0.00456473 0.05153063
v -0.03578113 -0.00453630 0.04967735
v -0.03861805 -0.00455441 0.05009895
v -0.03595388 -0.00455441 0.05254022
v -0.03735244 -0.00456473 0.05298116
v -0.03766982 -0.00457506 0.05441284
v -0.03852475 -0.00461439 0.06019083
v -0.03658862 -0.00457506 0.05540357
v -0.03477938 -0.00461439 0.06362283
v -0.03392445 -0.00457506 0.05784484
v -0.03360708 -0.00456473 0.05641316
v -0.03284325 -0.00457506 0.05883557
v -0.03144469 -0.00456473 0.05839463
v -0.02829039 -0.00453630 0.05654135
v -0.03112731 -0.00455441 0.05696295
v -0.03220851 -0.00455441 0.05597221
v -0.02846314 -0.00455441 0.05940421
v -0.02986170 -0.00456473 0.05984516
v -0.03017908 -0.00457506 0.06127684
v -0.03103401 -0.00461439 0.06705483
v -0.02909788 -0.00457506 0.06226757
v -0.02728864 -0.00461439 0.07048683
v -0.02643371 -0.00457506 0.06470884
v -0.02611634 -0.00456473 0.06327716
v -0.02535252 -0.00457506 0.06569957
v -0.02395395 -0.00456473 0.06525862
v -0.02079966 -0.00453630 0.06340535
v -0.02363657 -0.00455441 0.06382694
v -0.02471777 -0.00455441 0.06283621
v -0.02097240 -0.00455441 0.06626821
v -0.02237097 -0.00456473 0.06670916
v -0.02268834 -0.00457506 0.06814083
v -0.02206633 -0.00461439 0.07527219
v -0.02160715 -0.00457506 0.06913157
v -0.01461056 -0.00452466 0.06713565
v -0.01983287 -0.00452466 0.06235028
v -0.02357824 -0.00452466 0.05891828
v -0.02732360 -0.00452466 0.05548628
v -0.03106898 -0.00452466 0.05205428
v -0.03481434 -0.00452466 0.04862229
v -0.03855971 -0.00452466 0.04519029
v -0.04230508 -0.00452466 0.04175829
v -0.04342077 -0.00452466 0.04073595
v -0.04335758 -0.00453630 0.04273482
v -0.04414353 -0.00679549 0.00524385
v -0.04410907 -0.00680183 0.00633414
v -0.04107532 -0.02626072 0.00302338
v -0.04116124 -0.02592438 0.00198924
v -0.04077538 -0.02839933 0.00156815
v -0.03947236 -0.03350048 0.01725268
v -0.03801185 -0.03921826 0.03483315
v -0.03931486 -0.03411711 0.01914862
v -0.03839771 -0.03674331 0.03525424
v -0.03846930 -0.03646303 0.03439246
v -0.04306363 -0.00699433 0.03940629
v -0.04303491 -0.00699962 0.04031486
v -0.04355763 -0.00690337 0.02377879
v -0.04352316 -0.00690971 0.02486908
v -0.03961480 -0.03197850 0.02060385
v -0.03970072 -0.03164215 0.01956971
v -0.04291190 -0.00616991 0.05783519
v -0.03715226 -0.04311310 0.05154964
v -0.04297172 -0.00701125 0.04231373
v -0.04293726 -0.00701760 0.04340402
v -0.03815429 -0.03769627 0.03818432
v -0.03824020 -0.03735993 0.03715018
v -0.03785434 -0.03983489 0.03672908
v -0.03679717 -0.04397358 0.04945436
v -0.03186625 -0.00430890 0.01532760
v -0.02812088 -0.00430890 0.01875960
v -0.02437551 -0.00430890 0.02219160
v -0.02063015 -0.00430890 0.02562360
v -0.01688478 -0.00430890 0.02905560
v -0.00939404 -0.00430890 0.03591959
v -0.00564867 -0.00430890 0.03935159
v -0.00190330 -0.00430890 0.04278359
v 0.00331901 -0.00430890 0.04756896
v 0.00501577 -0.00426118 0.04116307
v 0.00533315 -0.00425086 0.03973139
v 0.00972959 -0.00423175 0.04057303
v -0.03272954 -0.00425086 0.00485336
v -0.03462141 -0.00426187 0.00495683
v -0.03460030 -0.00426118 0.00486162
v -0.02869254 -0.00426118 0.01027508
v -0.02545567 -0.00423175 0.00833168
v -0.02837517 -0.00425086 0.00884341
v -0.02945636 -0.00425086 0.00785267
v -0.03085493 -0.00426118 0.00829362
v -0.03117231 -0.00427151 0.00972530
v -0.03009111 -0.00427151 0.01071603
v -0.02494718 -0.00426118 0.01370708
v -0.02171030 -0.00423175 0.01176368
v -0.02462980 -0.00425086 0.01227540
v -0.02571099 -0.00425086 0.01128467
v -0.02710957 -0.00426118 0.01172562
v -0.02742694 -0.00427151 0.01315730
v -0.02634574 -0.00427151 0.01414803
v -0.02120181 -0.00426118 0.01713908
v -0.01796493 -0.00423175 0.01519568
v -0.02088443 -0.00425086 0.01570740
v -0.02196563 -0.00425086 0.01471667
v -0.02336420 -0.00426118 0.01515761
v -0.02368157 -0.00427151 0.01658929
v -0.02260038 -0.00427151 0.01758002
v -0.01745644 -0.00426118 0.02057108
v -0.01421956 -0.00423175 0.01862768
v -0.01713906 -0.00425086 0.01913940
v -0.01822026 -0.00425086 0.01814867
v -0.01961883 -0.00426118 0.01858961
v -0.01993620 -0.00427151 0.02002129
v -0.01885501 -0.00427151 0.02101202
v -0.01371107 -0.00426118 0.02400308
v -0.01047420 -0.00423175 0.02205967
v -0.01339370 -0.00425086 0.02257140
v -0.01447489 -0.00425086 0.02158067
v -0.01587346 -0.00426118 0.02202161
v -0.01619083 -0.00427151 0.02345329
v -0.01510964 -0.00427151 0.02444402
v -0.00622033 -0.00426118 0.03086707
v -0.00298346 -0.00423175 0.02892367
v -0.00590296 -0.00425086 0.02943540
v -0.00698415 -0.00425086 0.02844466
v -0.01136427 -0.00427151 0.02787602
v -0.01244546 -0.00427151 0.02688529
v -0.01212809 -0.00426118 0.02545361
v -0.01072952 -0.00425086 0.02501266
v -0.00964832 -0.00425086 0.02600340
v -0.00996570 -0.00426118 0.02743508
v -0.00838272 -0.00426118 0.02888561
v -0.00870010 -0.00427151 0.03031729
v -0.00761890 -0.00427151 0.03130802
v -0.00247496 -0.00426118 0.03429907
v 0.00076191 -0.00423175 0.03235567
v -0.00215759 -0.00425086 0.03286739
v -0.00323878 -0.00425086 0.03187666
v -0.00463735 -0.00426118 0.03231761
v -0.00495472 -0.00427151 0.03374929
v -0.00387353 -0.00427151 0.03474002
v 0.00127041 -0.00426118 0.03773107
v 0.00450728 -0.00423175 0.03578767
v 0.00158778 -0.00425086 0.03629939
v 0.00050659 -0.00425086 0.03530866
v -0.00089198 -0.00426118 0.03574961
v -0.00120936 -0.00427151 0.03718128
v -0.00012816 -0.00427151 0.03817201
v 0.00361721 -0.00427151 0.04160401
v 0.00253601 -0.00427151 0.04061328
v 0.00285339 -0.00426118 0.03918160
v 0.00425196 -0.00425086 0.03874066
v -0.02386826 -0.00421265 0.00659932
v -0.02012289 -0.00421265 0.01003132
v -0.01637752 -0.00421265 0.01346332
v -0.01263215 -0.00421265 0.01689532
v -0.00888678 -0.00421265 0.02032732
v -0.00139604 -0.00421265 0.02719131
v 0.00234933 -0.00421265 0.03062331
v 0.00609469 -0.00421265 0.03405531
v 0.01131700 -0.00421265 0.03884068
v -0.01541073 -0.00420101 0.01240825
v -0.01166536 -0.00420101 0.01584025
v -0.00791999 -0.00420101 0.01927225
v -0.00417462 -0.00420101 0.02270425
v -0.00042925 -0.00420101 0.02613625
v 0.00331612 -0.00420101 0.02956825
v 0.00706148 -0.00420101 0.03300024
v 0.01228379 -0.00420101 0.03778561
v 0.01342389 -0.00416000 0.03198722
v 0.01374127 -0.00414967 0.03055554
v 0.01841604 -0.00412722 0.03109343
v 0.00593316 -0.00416000 0.02512322
v 0.00625053 -0.00414967 0.02369155
v 0.00944837 -0.00412722 0.02287607
v -0.01641263 -0.00415588 0.00396094
v -0.01901882 -0.00417032 0.00398145
v -0.01889314 -0.00417032 0.00409661
v -0.01419226 -0.00417032 0.00840418
v -0.01279369 -0.00416000 0.00796323
v -0.00927848 -0.00412722 0.00571608
v -0.00904832 -0.00416000 0.01139523
v -0.00553311 -0.00412722 0.00914808
v -0.00873095 -0.00414967 0.00996355
v -0.00981214 -0.00414967 0.00897282
v -0.01121071 -0.00416000 0.00941376
v -0.01152809 -0.00417032 0.01084544
v -0.01044689 -0.00417032 0.01183617
v -0.00530295 -0.00416000 0.01482723
v -0.00178774 -0.00412722 0.01258007
v -0.00498558 -0.00414967 0.01339555
v -0.00606677 -0.00414967 0.01240482
v -0.00746534 -0.00416000 0.01284576
v -0.00778272 -0.00417032 0.01427744
v -0.00670152 -0.00417032 0.01526817
v -0.00155758 -0.00416000 0.01825922
v 0.00195763 -0.00412722 0.01601207
v -0.00124021 -0.00414967 0.01682755
v -0.00232141 -0.00414967 0.01583682
v -0.00371997 -0.00416000 0.01627776
v -0.00403735 -0.00417032 0.01770944
v -0.00295615 -0.00417032 0.01870017
v 0.00218779 -0.00416000 0.02169122
v 0.00570300 -0.00412722 0.01944407
v 0.00250516 -0.00414967 0.02025955
v 0.00142396 -0.00414967 0.01926881
v 0.00002540 -0.00416000 0.01970976
v -0.00029198 -0.00417032 0.02114144
v 0.00078922 -0.00417032 0.02213217
v 0.00516933 -0.00414967 0.02270081
v 0.00377077 -0.00416000 0.02314176
v 0.00345339 -0.00417032 0.02457344
v 0.00453459 -0.00417032 0.02556417
v 0.00719876 -0.00417032 0.02800544
v 0.00751614 -0.00416000 0.02657376
v 0.00827995 -0.00417032 0.02899617
v 0.00967852 -0.00416000 0.02855522
v 0.01319373 -0.00412722 0.02630807
v 0.00999590 -0.00414967 0.02712354
v 0.00891470 -0.00414967 0.02613281
v 0.01202532 -0.00417032 0.03242817
v 0.01094413 -0.00417032 0.03143743
v 0.01126151 -0.00416000 0.03000575
v 0.01266007 -0.00414967 0.02956481
v -0.00741274 -0.00410477 0.00367997
v -0.00366737 -0.00410477 0.00711197
v 0.00007800 -0.00410477 0.01054397
v 0.00382337 -0.00410477 0.01397597
v 0.00756874 -0.00410477 0.01740797
v 0.01131411 -0.00410477 0.02083997
v 0.01505948 -0.00410477 0.02427197
v 0.02028179 -0.00410477 0.02905733
v -0.04302626 -0.05043659 0.05795999
v -0.04290091 -0.05070193 0.05782319
v -0.04273430 -0.05091172 0.05764137
v -0.04253727 -0.05105234 0.05742634
v -0.04232261 -0.05111464 0.05719209
v -0.04210429 -0.05109457 0.05695384
v -0.04279338 -0.00518794 0.05770584
v -0.04281174 -0.00523127 0.05772588
v -0.04289939 -0.00552791 0.05782153
v -0.04293352 -0.00584772 0.05785878
v -0.04291248 -0.00465827 0.05660532
v -0.04283576 -0.00497707 0.05743187
v -0.04287918 -0.00478184 0.05704174
v -0.03707630 -0.04341673 0.05146675
v -0.03695095 -0.04368207 0.05132995
v -0.03678434 -0.04389186 0.05114813
v -0.03675501 -0.04391889 0.05111612
v -0.03674681 -0.04403248 0.05078695
v -0.03675008 -0.04409478 0.05035300
v -0.03676724 -0.04407471 0.04989897
v -0.04232876 -0.00114698 0.00794020
v -0.04494587 -0.00114696 0.00553958
v -0.04070869 -0.00144528 0.05919048
v -0.04328006 -0.00145369 0.05823696
v -0.05058237 -0.00154156 0.06620604
v -0.05056493 -0.00471646 0.06618701
f 1 2 3
f 4 5 6
f 2 1 7
f 3 8 1
f 8 9 1
f 1 9 10
f 11 12 13
f 14 15 16
f 17 18 19
f 20 21 22
f 23 24 16
f 24 25 16
f 16 25 14
f 26 27 28
f 27 29 28
f 28 29 19
f 29 30 19
f 19 30 17
f 31 32 33
f 32 34 33
f 33 34 35
f 31 33 36
f 33 37 36
f 36 37 38
f 39 40 41
f 40 42 41
f 43 44 45
f 44 46 45
f 45 46 47
f 48 49 50
f 49 18 50
f 51 12 52
f 12 11 52
f 52 11 17
f 11 53 17
f 17 53 18
f 53 54 18
f 18 54 50
f 55 56 47
f 56 57 47
f 47 57 58
f 20 22 59
f 9 32 10
f 32 31 10
f 10 31 60
f 31 61 60
f 62 63 64
f 63 65 64
f 64 65 58
f 65 7 58
f 58 7 47
f 7 1 47
f 47 1 45
f 61 66 67
f 68 69 70
f 69 71 70
f 59 22 72
f 22 70 72
f 72 70 61
f 70 71 61
f 61 71 66
f 16 73 23
f 73 74 23
f 23 74 42
f 74 75 42
f 42 75 41
f 75 60 41
f 41 60 76
f 60 61 76
f 76 61 77
f 61 67 77
f 77 67 13
f 67 4 13
f 13 4 11
f 4 6 11
f 78 74 79
f 74 73 79
f 79 73 45
f 73 80 45
f 45 80 43
f 81 82 83
f 84 85 86
f 87 88 89
f 90 91 92
f 93 94 95
f 96 97 98
f 99 100 101
f 102 103 104
f 104 103 105
f 106 107 108
f 107 109 108
f 108 109 110
f 106 36 107
f 36 105 107
f 107 105 111
f 105 103 111
f 112 113 114
f 115 116 110
f 116 102 110
f 110 102 108
f 102 104 108
f 108 104 117
f 104 118 117
f 119 120 117
f 120 121 117
f 117 121 108
f 121 122 108
f 108 122 123
f 122 124 123
f 123 124 125
f 114 113 104
f 113 126 104
f 104 126 118
f 127 128 125
f 128 112 125
f 125 112 123
f 112 114 123
f 123 114 129
f 114 130 129
f 131 132 129
f 132 133 129
f 129 133 123
f 133 134 123
f 123 134 96
f 134 135 96
f 96 135 97
f 135 99 97
f 97 99 136
f 99 101 136
f 137 138 139
f 138 140 139
f 137 139 141
f 139 142 141
f 141 142 143
f 144 145 143
f 145 146 143
f 143 146 141
f 146 91 141
f 146 147 91
f 147 148 91
f 91 148 149
f 149 150 91
f 150 151 91
f 91 151 152
f 153 154 155
f 92 156 90
f 156 157 90
f 90 157 158
f 157 159 158
f 153 155 157
f 155 160 157
f 157 160 159
f 161 162 163
f 162 164 163
f 163 164 165
f 164 166 165
f 166 167 165
f 167 168 165
f 165 168 169
f 170 171 92
f 171 172 92
f 92 172 173
f 174 175 156
f 175 176 156
f 156 176 177
f 173 178 92
f 178 179 92
f 92 179 156
f 179 180 156
f 156 180 174
f 177 181 156
f 181 182 156
f 156 182 163
f 182 183 163
f 163 183 161
f 169 184 165
f 184 185 165
f 165 185 92
f 185 186 92
f 92 186 170
f 187 188 163
f 189 165 190
f 165 191 190
f 192 193 194
f 189 195 165
f 195 196 165
f 165 196 163
f 196 197 163
f 163 197 187
f 188 198 163
f 198 199 163
f 163 199 200
f 199 201 200
f 200 201 202
f 194 203 192
f 203 204 192
f 192 204 165
f 204 205 165
f 165 205 191
f 202 206 200
f 206 207 200
f 200 207 88
f 193 192 208
f 192 89 208
f 208 89 209
f 207 210 88
f 210 211 88
f 88 211 89
f 211 212 89
f 89 212 209
f 213 214 87
f 213 215 216
f 87 89 213
f 89 217 213
f 213 217 215
f 216 218 213
f 218 219 213
f 213 219 220
f 221 214 222
f 214 213 222
f 222 213 223
f 213 220 223
f 224 225 226
f 225 83 226
f 226 83 227
f 83 82 227
f 227 82 228
f 82 136 228
f 228 136 229
f 136 101 229
f 105 230 104
f 230 225 104
f 104 225 114
f 225 224 114
f 114 224 130
f 152 231 91
f 231 232 91
f 91 232 92
f 232 233 92
f 92 233 165
f 233 234 165
f 165 234 192
f 234 235 192
f 192 235 89
f 235 236 89
f 89 236 217
f 237 238 239
f 238 240 239
f 239 240 143
f 240 241 143
f 143 241 144
f 220 242 223
f 242 243 223
f 223 243 244
f 243 245 244
f 244 245 246
f 245 247 246
f 246 247 248
f 249 250 237
f 251 238 248
f 238 237 248
f 248 237 246
f 237 250 246
f 142 93 143
f 93 95 143
f 143 95 239
f 95 252 239
f 239 252 237
f 252 253 237
f 237 253 249
f 254 255 256
f 257 256 258
f 254 256 259
f 256 257 259
f 259 257 260
f 250 261 246
f 261 262 246
f 246 262 244
f 262 263 244
f 244 263 84
f 263 264 84
f 84 264 85
f 264 265 85
f 85 265 258
f 265 266 258
f 258 266 257
f 267 268 256
f 268 269 256
f 256 269 258
f 269 270 258
f 258 270 85
f 270 271 85
f 85 271 86
f 271 272 86
f 86 272 273
f 98 97 137
f 97 274 137
f 137 274 138
f 274 275 138
f 138 275 276
f 277 267 276
f 267 256 276
f 276 256 138
f 256 255 138
f 138 255 140
f 278 279 136
f 279 280 136
f 136 280 97
f 280 281 97
f 97 281 274
f 282 278 283
f 278 136 283
f 283 136 284
f 136 82 284
f 284 82 273
f 82 81 273
f 273 81 86
f 285 286 287
f 286 288 287
f 287 288 289
f 290 291 292
f 291 293 292
f 294 295 296
f 295 297 296
f 298 299 300
f 299 301 300
f 302 303 304
f 303 305 304
f 306 307 308
f 307 309 308
f 310 311 312
f 311 313 312
f 314 315 316
f 315 317 316
f 318 319 320
f 319 321 320
f 322 323 324
f 323 325 324
f 326 327 328
f 327 329 328
f 330 331 332
f 331 333 332
f 334 335 336
f 335 337 336
f 338 339 340
f 339 341 340
f 342 343 344
f 343 345 344
f 346 347 348
f 347 349 348
f 350 351 352
f 351 353 352
f 354 355 356
f 355 357 356
f 358 359 360
f 359 361 360
f 362 363 364
f 363 365 364
f 366 367 368
f 367 369 368
f 370 371 372
f 371 373 372
f 371 370 374
f 370 375 374
f 376 377 378
f 377 379 378
f 380 381 382
f 381 383 382
f 384 385 386
f 385 387 386
f 388 389 390
f 389 391 390
f 392 393 394
f 393 395 394
f 396 397 398
f 397 399 398
f 366 368 400
f 368 365 400
f 365 363 400
f 363 401 400
f 400 401 402
f 359 354 361
f 354 356 361
f 403 350 347
f 350 352 347
f 347 352 349
f 404 342 339
f 342 344 339
f 339 344 341
f 335 330 337
f 330 332 337
f 337 332 405
f 322 324 406
f 324 329 406
f 406 329 327
f 407 321 319
f 314 316 408
f 316 407 408
f 408 407 409
f 407 319 409
f 410 310 312
f 411 412 307
f 412 410 307
f 307 410 309
f 410 312 309
f 301 299 304
f 299 413 304
f 304 413 302
f 413 414 302
f 295 290 297
f 290 292 297
f 415 416 417
f 418 419 420
f 419 421 420
f 415 417 422
f 416 423 417
f 423 424 417
f 417 424 425
f 418 426 419
f 426 427 419
f 419 427 428
f 428 429 419
f 429 430 419
f 419 430 417
f 430 431 417
f 417 431 422
f 417 432 419
f 432 433 419
f 419 433 434
f 287 289 433
f 289 434 433
f 435 436 37
f 436 38 37
f 437 438 439
f 432 417 285
f 417 425 285
f 285 425 286
f 425 440 286
f 440 441 286
f 441 442 286
f 286 442 439
f 442 443 439
f 439 443 437
f 444 59 72
f 49 48 445
f 48 446 445
f 27 26 447
f 26 448 447
f 15 14 449
f 14 450 449
f 451 452 43
f 452 44 43
f 56 55 453
f 55 454 453
f 63 62 455
f 62 456 455
f 8 3 457
f 3 458 457
f 435 33 436
f 33 35 436
f 436 35 459
f 338 340 460
f 298 300 461
f 461 300 462
f 306 308 463
f 464 465 466
f 467 468 469
f 346 348 470
f 470 348 471
f 362 364 472
f 473 474 475
f 380 382 476
f 317 477 476
f 478 318 437
f 479 478 480
f 318 320 325
f 479 480 315
f 325 323 318
f 323 481 318
f 318 481 437
f 481 326 437
f 437 326 438
f 326 328 438
f 482 483 484
f 483 379 484
f 484 379 377
f 485 486 487
f 380 476 487
f 476 477 487
f 487 477 485
f 488 489 484
f 489 490 484
f 484 490 482
f 490 491 482
f 482 491 473
f 491 492 473
f 473 492 474
f 492 493 474
f 474 493 488
f 493 494 488
f 488 494 489
f 495 496 497
f 496 498 497
f 499 373 371
f 500 501 499
f 502 500 497
f 500 499 497
f 497 499 495
f 499 371 495
f 495 371 503
f 371 374 503
f 503 374 504
f 374 475 504
f 504 475 505
f 475 474 505
f 505 474 498
f 506 507 502
f 507 508 502
f 502 508 500
f 509 293 291
f 510 509 511
f 511 512 510
f 512 513 510
f 510 513 497
f 513 514 497
f 497 514 502
f 506 511 507
f 511 509 507
f 507 509 515
f 509 291 515
f 515 291 516
f 291 294 516
f 516 294 501
f 294 296 501
f 501 296 499
f 387 385 517
f 385 518 517
f 510 519 509
f 519 520 509
f 509 520 521
f 390 509 388
f 509 521 388
f 388 521 518
f 521 522 518
f 518 522 517
f 522 523 517
f 524 517 525
f 517 523 525
f 525 523 526
f 523 527 526
f 526 527 528
f 529 530 510
f 530 531 510
f 532 533 534
f 533 529 534
f 534 535 536
f 537 538 534
f 538 539 534
f 540 541 542
f 541 537 542
f 334 336 517
f 331 543 333
f 543 544 333
f 333 544 472
f 544 545 472
f 331 334 543
f 334 517 543
f 543 517 546
f 517 547 546
f 527 519 528
f 519 510 528
f 528 510 548
f 510 531 548
f 548 531 549
f 531 550 549
f 549 550 524
f 550 532 524
f 524 532 517
f 532 534 517
f 517 534 547
f 534 536 547
f 547 536 551
f 536 552 551
f 551 552 545
f 552 553 545
f 545 553 472
f 553 554 472
f 555 472 556
f 472 554 556
f 556 554 557
f 554 558 557
f 557 558 559
f 560 561 562
f 561 563 562
f 564 369 367
f 565 566 472
f 567 568 569
f 568 570 569
f 569 564 567
f 564 367 567
f 567 367 571
f 367 572 571
f 571 572 560
f 572 573 560
f 560 573 561
f 573 574 561
f 574 362 561
f 362 472 561
f 561 472 575
f 472 566 575
f 562 576 570
f 576 577 570
f 570 577 569
f 577 578 569
f 569 578 542
f 578 579 542
f 542 579 580
f 581 542 582
f 542 580 582
f 582 580 583
f 580 584 583
f 583 584 585
f 558 535 559
f 535 534 559
f 559 534 586
f 534 539 586
f 586 539 587
f 539 588 587
f 587 588 555
f 588 540 555
f 555 540 472
f 540 542 472
f 472 542 565
f 542 581 565
f 565 581 589
f 581 590 589
f 589 590 563
f 590 591 563
f 563 591 562
f 591 585 562
f 562 585 576
f 585 584 576
f 592 593 569
f 569 593 564
f 593 392 564
f 564 392 394
f 592 470 397
f 470 471 397
f 397 471 399
f 594 353 351
f 595 596 597
f 596 598 597
f 597 598 599
f 600 601 599
f 601 594 599
f 599 594 597
f 594 351 597
f 597 351 602
f 600 603 604
f 603 605 604
f 606 357 355
f 355 358 604
f 600 604 601
f 604 358 601
f 601 358 360
f 607 608 468
f 609 610 604
f 610 611 604
f 355 604 606
f 604 611 606
f 606 611 467
f 611 612 467
f 467 612 468
f 612 613 468
f 468 613 607
f 466 465 468
f 465 614 468
f 468 614 469
f 615 616 617
f 616 464 617
f 618 619 620
f 462 313 461
f 313 311 461
f 461 311 618
f 614 621 469
f 621 615 469
f 469 615 622
f 615 617 622
f 622 617 463
f 617 623 463
f 463 623 306
f 624 625 626
f 460 305 303
f 627 338 628
f 303 624 460
f 624 626 460
f 460 626 338
f 626 629 338
f 338 629 628
f 627 630 343
f 630 631 343
f 343 631 345
f 628 632 627
f 632 633 627
f 627 633 630
f 633 634 630
f 630 634 626
f 634 635 626
f 626 635 629
f 430 636 431
f 636 637 431
f 431 637 422
f 637 638 422
f 422 638 415
f 638 639 415
f 415 639 416
f 639 640 416
f 416 640 423
f 640 641 423
f 423 641 424
f 641 642 424
f 424 642 425
f 642 440 425
f 421 631 420
f 631 630 420
f 420 630 418
f 630 643 418
f 418 643 426
f 643 644 426
f 426 644 427
f 644 645 427
f 427 645 428
f 645 646 428
f 428 646 429
f 646 647 429
f 429 647 430
f 648 649 650
f 650 649 642
f 649 651 642
f 642 651 652
f 648 441 653
f 441 654 653
f 653 654 655
f 654 656 655
f 655 656 652
f 656 657 652
f 652 657 642
f 657 658 642
f 642 658 440
f 658 659 440
f 440 659 441
f 659 660 441
f 441 660 654
f 650 661 662
f 661 663 662
f 662 663 641
f 663 664 641
f 664 665 641
f 641 665 642
f 665 666 642
f 642 666 650
f 666 667 650
f 650 667 661
f 662 668 669
f 668 670 669
f 669 670 640
f 670 671 640
f 671 672 640
f 640 672 641
f 672 673 641
f 641 673 662
f 673 674 662
f 662 674 668
f 669 675 676
f 675 677 676
f 676 677 639
f 677 678 639
f 678 679 639
f 639 679 640
f 679 680 640
f 640 680 669
f 680 681 669
f 669 681 675
f 676 682 683
f 682 684 683
f 683 684 638
f 684 685 638
f 685 686 638
f 638 686 639
f 686 687 639
f 639 687 676
f 687 688 676
f 676 688 682
f 683 689 690
f 689 691 690
f 690 691 637
f 691 692 637
f 692 693 637
f 637 693 638
f 693 694 638
f 638 694 683
f 694 695 683
f 683 695 689
f 690 696 697
f 696 698 697
f 697 698 636
f 698 699 636
f 699 700 636
f 636 700 637
f 700 701 637
f 637 701 690
f 701 702 690
f 690 702 696
f 703 704 705
f 430 647 636
f 647 706 636
f 636 706 707
f 704 708 707
f 708 709 707
f 707 709 636
f 709 710 636
f 636 710 697
f 710 711 697
f 697 711 703
f 707 712 704
f 712 713 704
f 704 713 705
f 713 714 705
f 705 714 647
f 714 715 647
f 647 715 706
f 705 716 717
f 716 718 717
f 717 718 646
f 718 719 646
f 719 720 646
f 646 720 647
f 720 721 647
f 647 721 705
f 721 722 705
f 705 722 716
f 717 723 724
f 723 725 724
f 724 725 645
f 725 726 645
f 726 727 645
f 645 727 646
f 727 728 646
f 646 728 717
f 728 729 717
f 717 729 723
f 724 730 731
f 730 732 731
f 731 732 644
f 732 733 644
f 733 734 644
f 644 734 645
f 734 735 645
f 645 735 724
f 735 736 724
f 724 736 730
f 731 737 738
f 737 739 738
f 738 739 643
f 739 740 643
f 740 741 643
f 643 741 644
f 741 742 644
f 644 742 731
f 742 743 731
f 731 743 737
f 738 744 626
f 744 745 626
f 626 745 630
f 745 746 630
f 746 747 630
f 630 747 643
f 747 748 643
f 643 748 738
f 748 749 738
f 738 749 744
f 750 751 752
f 648 650 441
f 650 753 441
f 441 753 754
f 751 755 754
f 755 756 754
f 754 756 441
f 756 757 441
f 441 757 442
f 757 758 442
f 442 758 750
f 754 759 751
f 759 760 751
f 751 760 752
f 760 761 752
f 752 761 650
f 761 762 650
f 650 762 753
f 752 763 764
f 763 765 764
f 764 765 662
f 765 766 662
f 766 767 662
f 662 767 650
f 767 768 650
f 650 768 752
f 768 769 752
f 752 769 763
f 764 770 771
f 770 772 771
f 771 772 669
f 772 773 669
f 773 774 669
f 669 774 662
f 774 775 662
f 662 775 764
f 775 776 764
f 764 776 770
f 777 778 779
f 779 778 676
f 778 780 676
f 780 781 676
f 676 781 669
f 781 782 669
f 669 782 771
f 782 783 771
f 771 783 777
f 779 784 785
f 784 786 785
f 785 786 683
f 786 787 683
f 787 788 683
f 683 788 676
f 788 789 676
f 676 789 779
f 789 790 779
f 779 790 784
f 785 791 792
f 791 793 792
f 792 793 690
f 793 794 690
f 794 795 690
f 690 795 683
f 795 796 683
f 683 796 785
f 796 797 785
f 785 797 791
f 792 798 799
f 798 800 799
f 799 800 697
f 800 801 697
f 801 802 697
f 697 802 690
f 802 803 690
f 690 803 792
f 803 804 792
f 792 804 798
f 805 806 807
f 703 705 697
f 705 808 697
f 697 808 809
f 806 810 809
f 810 811 809
f 809 811 697
f 811 812 697
f 697 812 799
f 812 813 799
f 799 813 805
f 809 814 806
f 814 815 806
f 806 815 807
f 815 816 807
f 807 816 705
f 816 817 705
f 705 817 808
f 807 818 819
f 818 820 819
f 819 820 717
f 820 821 717
f 821 822 717
f 717 822 705
f 822 823 705
f 705 823 807
f 823 824 807
f 807 824 818
f 819 825 826
f 825 827 826
f 826 827 724
f 827 828 724
f 828 829 724
f 724 829 717
f 829 830 717
f 717 830 819
f 830 831 819
f 819 831 825
f 826 832 833
f 832 834 833
f 833 834 731
f 834 835 731
f 835 836 731
f 731 836 724
f 836 837 724
f 724 837 826
f 837 838 826
f 826 838 832
f 833 839 620
f 839 840 620
f 620 840 738
f 840 841 738
f 841 842 738
f 738 842 731
f 842 843 731
f 731 843 833
f 843 844 833
f 833 844 839
f 845 626 461
f 626 625 461
f 461 625 298
f 618 620 461
f 620 846 461
f 461 846 845
f 845 847 626
f 847 848 626
f 626 848 738
f 848 849 738
f 738 849 620
f 849 850 620
f 620 850 846
f 851 852 853
f 750 752 442
f 752 854 442
f 442 854 855
f 852 856 855
f 856 857 855
f 855 857 442
f 857 858 442
f 442 858 443
f 858 859 443
f 443 859 851
f 855 860 852
f 860 861 852
f 852 861 853
f 861 862 853
f 853 862 752
f 862 863 752
f 752 863 854
f 853 864 865
f 864 866 865
f 865 866 764
f 866 867 764
f 867 868 764
f 764 868 752
f 868 869 752
f 752 869 853
f 869 870 853
f 853 870 864
f 865 871 872
f 873 872 874
f 871 865 875
f 865 764 875
f 875 764 876
f 764 771 876
f 876 771 877
f 878 873 771
f 873 874 771
f 771 874 877
f 777 779 771
f 779 879 771
f 771 879 878
f 878 880 873
f 880 881 873
f 873 881 882
f 881 883 882
f 882 883 779
f 883 884 779
f 779 884 879
f 882 885 886
f 885 887 886
f 886 887 785
f 887 888 785
f 888 889 785
f 785 889 779
f 889 890 779
f 779 890 882
f 890 891 882
f 882 891 885
f 886 892 893
f 892 894 893
f 893 894 792
f 894 895 792
f 895 896 792
f 792 896 785
f 896 897 785
f 785 897 886
f 897 898 886
f 886 898 892
f 893 899 900
f 899 901 900
f 900 901 799
f 901 902 799
f 902 903 799
f 799 903 792
f 903 904 792
f 792 904 893
f 904 905 893
f 893 905 899
f 906 907 908
f 805 807 799
f 807 909 799
f 799 909 910
f 907 911 910
f 911 912 910
f 910 912 799
f 912 913 799
f 799 913 900
f 913 914 900
f 900 914 906
f 910 915 907
f 915 916 907
f 907 916 908
f 916 917 908
f 908 917 807
f 917 918 807
f 807 918 909
f 908 919 920
f 919 921 920
f 920 921 819
f 921 922 819
f 922 923 819
f 819 923 807
f 923 924 807
f 807 924 908
f 924 925 908
f 908 925 919
f 920 926 927
f 926 928 927
f 927 928 826
f 928 929 826
f 929 930 826
f 826 930 819
f 930 931 819
f 819 931 920
f 931 932 920
f 920 932 926
f 927 933 466
f 933 934 466
f 466 934 833
f 934 935 833
f 935 936 833
f 833 936 826
f 936 937 826
f 826 937 927
f 937 938 927
f 927 938 933
f 939 620 617
f 620 619 617
f 617 619 623
f 464 466 617
f 466 940 617
f 617 940 939
f 939 941 620
f 941 942 620
f 620 942 833
f 942 943 833
f 833 943 466
f 943 944 466
f 466 944 940
f 478 437 480
f 437 945 480
f 480 945 946
f 851 853 443
f 853 947 443
f 443 947 948
f 946 949 948
f 949 950 948
f 948 950 443
f 950 951 443
f 443 951 437
f 951 952 437
f 437 952 945
f 948 953 946
f 953 954 946
f 946 954 480
f 954 955 480
f 480 955 853
f 955 956 853
f 853 956 947
f 480 957 958
f 957 480 959
f 480 853 959
f 959 853 960
f 853 865 960
f 960 865 961
f 962 963 865
f 963 964 865
f 865 964 961
f 872 873 865
f 873 965 865
f 865 965 962
f 962 966 963
f 966 967 963
f 963 967 968
f 967 969 968
f 968 969 873
f 969 970 873
f 873 970 965
f 968 971 972
f 971 973 972
f 972 973 882
f 973 974 882
f 974 975 882
f 882 975 873
f 975 976 873
f 873 976 968
f 976 977 968
f 968 977 971
f 972 978 979
f 978 980 979
f 979 980 886
f 980 981 886
f 981 982 886
f 886 982 882
f 982 983 882
f 882 983 972
f 983 984 972
f 972 984 978
f 979 985 986
f 985 987 986
f 986 987 893
f 987 988 893
f 988 989 893
f 893 989 886
f 989 990 886
f 886 990 979
f 990 991 979
f 979 991 985
f 986 992 993
f 992 994 993
f 993 994 900
f 994 995 900
f 995 996 900
f 900 996 893
f 996 997 893
f 893 997 986
f 997 998 986
f 986 998 992
f 906 908 900
f 908 999 900
f 900 999 1000
f 1001 1002 1003
f 1002 993 1003
f 1001 1004 1000
f 1004 1005 1000
f 1000 1005 900
f 1005 1006 900
f 900 1006 993
f 1006 1007 993
f 993 1007 1003
f 1000 1008 1001
f 1008 1009 1001
f 1001 1009 1002
f 1009 1010 1002
f 1002 1010 908
f 1010 1011 908
f 908 1011 999
f 1002 1012 1013
f 1012 1014 1013
f 1013 1014 920
f 1014 1015 920
f 1015 1016 920
f 920 1016 908
f 1016 1017 908
f 908 1017 1002
f 1017 1018 1002
f 1002 1018 1012
f 1013 1019 608
f 1019 1020 608
f 608 1020 927
f 1020 1021 927
f 1021 1022 927
f 927 1022 920
f 1022 1023 920
f 920 1023 1013
f 1023 1024 1013
f 1013 1024 1019
f 608 1025 468
f 1025 1026 468
f 468 1026 466
f 1026 1027 466
f 1027 1028 466
f 466 1028 927
f 1028 1029 927
f 927 1029 608
f 1029 1030 608
f 608 1030 1025
f 1031 480 963
f 480 958 963
f 963 958 964
f 1031 1032 480
f 1032 477 480
f 480 477 315
f 477 317 315
f 1032 1033 477
f 1033 1034 477
f 477 1034 485
f 1034 1035 485
f 485 1035 963
f 1035 1036 963
f 963 1036 1031
f 1037 1038 1039
f 1037 1039 968
f 1039 1040 968
f 1040 1041 968
f 968 1041 963
f 1041 1042 963
f 963 1042 485
f 1042 1043 485
f 485 1043 1038
f 1037 1044 1045
f 1044 1046 1045
f 1045 1046 972
f 1046 1047 972
f 1047 1048 972
f 972 1048 968
f 1048 1049 968
f 968 1049 1037
f 1049 1050 1037
f 1037 1050 1044
f 1045 1051 1052
f 1051 1053 1052
f 1052 1053 979
f 1053 1054 979
f 1054 1055 979
f 979 1055 972
f 1055 1056 972
f 972 1056 1045
f 1056 1057 1045
f 1045 1057 1051
f 1052 1058 1059
f 1058 1060 1059
f 1059 1060 986
f 1060 1061 986
f 1061 1062 986
f 986 1062 979
f 1062 1063 979
f 979 1063 1052
f 1063 1064 1052
f 1052 1064 1058
f 1059 1065 1066
f 1065 1067 1066
f 1066 1067 993
f 1067 1068 993
f 1068 1069 993
f 993 1069 986
f 1069 1070 986
f 986 1070 1059
f 1070 1071 1059
f 1059 1071 1065
f 1072 1073 1074
f 1074 1073 1002
f 1073 1075 1002
f 1002 1075 1076
f 1072 1066 1077
f 1066 1078 1077
f 1077 1078 1079
f 1078 1080 1079
f 1079 1080 1076
f 1080 1081 1076
f 1076 1081 1002
f 1081 1082 1002
f 1002 1082 993
f 1082 1083 993
f 993 1083 1066
f 1083 1084 1066
f 1066 1084 1078
f 1074 1085 595
f 1085 1086 595
f 595 1086 1013
f 1086 1087 1013
f 1087 1088 1013
f 1013 1088 1002
f 1088 1089 1002
f 1002 1089 1074
f 1089 1090 1074
f 1074 1090 1085
f 1091 604 595
f 604 605 595
f 595 605 596
f 1091 1092 604
f 1092 608 604
f 604 608 609
f 608 607 609
f 1092 1093 608
f 1093 1094 608
f 608 1094 1013
f 1094 1095 1013
f 1013 1095 595
f 1095 1096 595
f 595 1096 1091
f 1097 484 485
f 484 377 485
f 485 377 486
f 1038 1037 485
f 1037 1098 485
f 485 1098 1097
f 1097 1099 484
f 1099 1100 484
f 484 1100 488
f 1100 1101 488
f 488 1101 1037
f 1101 1102 1037
f 1037 1102 1098
f 488 1103 1104
f 1103 1105 1104
f 1104 1105 1045
f 1105 1106 1045
f 1106 1107 1045
f 1045 1107 1037
f 1107 1108 1037
f 1037 1108 488
f 1108 1109 488
f 488 1109 1103
f 1104 1110 1111
f 1110 1112 1111
f 1111 1112 1052
f 1112 1113 1052
f 1113 1114 1052
f 1052 1114 1045
f 1114 1115 1045
f 1045 1115 1104
f 1115 1116 1104
f 1104 1116 1110
f 1111 1117 1118
f 1117 1119 1118
f 1118 1119 1059
f 1119 1120 1059
f 1120 1121 1059
f 1059 1121 1052
f 1121 1122 1052
f 1052 1122 1111
f 1122 1123 1111
f 1111 1123 1117
f 1118 1124 1125
f 1124 1126 1125
f 1125 1126 1066
f 1126 1127 1066
f 1127 1128 1066
f 1066 1128 1059
f 1128 1129 1059
f 1059 1129 1118
f 1129 1130 1118
f 1118 1130 1124
f 1072 1074 1066
f 1074 1131 1066
f 1066 1131 1132
f 1133 1134 1135
f 1134 1125 1135
f 1133 1136 1132
f 1136 1137 1132
f 1132 1137 1066
f 1137 1138 1066
f 1066 1138 1125
f 1138 1139 1125
f 1125 1139 1135
f 1132 1140 1133
f 1140 1141 1133
f 1133 1141 1134
f 1141 1142 1134
f 1134 1142 1074
f 1142 1143 1074
f 1074 1143 1131
f 1134 1144 597
f 1144 1145 597
f 597 1145 595
f 1145 1146 595
f 1146 1147 595
f 595 1147 1074
f 1147 1148 1074
f 1074 1148 1134
f 1148 1149 1134
f 1134 1149 1144
f 1104 497 1150
f 498 474 497
f 474 1151 497
f 497 1151 1150
f 1150 1152 1104
f 1152 1153 1104
f 1104 1153 488
f 1153 1154 488
f 488 1154 474
f 1154 1155 474
f 474 1155 1151
f 497 1156 510
f 1156 1157 510
f 510 1157 1111
f 1157 1158 1111
f 1158 1159 1111
f 1111 1159 1104
f 1159 1160 1104
f 1104 1160 497
f 1160 1161 497
f 497 1161 1156
f 1118 534 1162
f 529 510 534
f 510 1163 534
f 534 1163 1162
f 1162 1164 1118
f 1164 1165 1118
f 1118 1165 1111
f 1165 1166 1111
f 1111 1166 510
f 1166 1167 510
f 510 1167 1163
f 1125 542 1168
f 537 534 542
f 534 1169 542
f 542 1169 1168
f 1168 1170 1125
f 1170 1171 1125
f 1125 1171 1118
f 1171 1172 1118
f 1118 1172 534
f 1172 1173 534
f 534 1173 1169
f 1134 1174 1175
f 1174 1134 1176
f 1134 569 1176
f 1176 569 1177
f 569 542 1177
f 1177 542 1178
f 542 1179 1178
f 1178 1179 1180
f 1179 1181 1180
f 1180 1181 1175
f 1181 1182 1175
f 1175 1182 1134
f 1182 1183 1134
f 1134 1183 1125
f 1183 1184 1125
f 1125 1184 542
f 1184 1185 542
f 542 1185 1179
f 1186 597 470
f 597 602 470
f 470 602 346
f 592 569 470
f 569 1187 470
f 470 1187 1186
f 1186 1188 597
f 1188 1189 597
f 597 1189 1134
f 1189 1190 1134
f 1134 1190 569
f 1190 1191 569
f 569 1191 1187
f 294 291 295
f 291 290 295
f 516 501 1192
f 501 1193 1192
f 515 516 1194
f 516 1192 1194
f 507 515 1195
f 515 1194 1195
f 508 507 1196
f 507 1195 1196
f 500 508 1197
f 508 1196 1197
f 501 500 1193
f 500 1197 1193
f 1198 34 32
f 1198 1199 34
f 1199 459 34
f 34 459 35
f 8 457 9
f 457 1200 9
f 1100 1099 1201
f 1099 1202 1201
f 1101 1100 1203
f 1100 1201 1203
f 1102 1101 1204
f 1101 1203 1204
f 1098 1102 1205
f 1102 1204 1205
f 1097 1098 1206
f 1098 1205 1206
f 1099 1097 1202
f 1097 1206 1202
f 1038 1043 1207
f 1043 1208 1207
f 1039 1038 1209
f 1038 1207 1209
f 1040 1039 1210
f 1039 1209 1210
f 1041 1040 1211
f 1040 1210 1211
f 1042 1041 1212
f 1041 1211 1212
f 1043 1042 1208
f 1042 1212 1208
f 967 966 1213
f 966 1214 1213
f 969 967 1215
f 967 1213 1215
f 970 969 1216
f 969 1215 1216
f 965 970 1217
f 970 1216 1217
f 962 965 1218
f 965 1217 1218
f 966 962 1214
f 962 1218 1214
f 872 871 1219
f 871 1220 1219
f 874 872 1221
f 872 1219 1221
f 877 874 1222
f 874 1221 1222
f 876 877 1223
f 877 1222 1223
f 875 876 1224
f 876 1223 1224
f 871 875 1220
f 875 1224 1220
f 885 891 1225
f 891 1226 1225
f 887 885 1227
f 885 1225 1227
f 888 887 1228
f 887 1227 1228
f 889 888 1229
f 888 1228 1229
f 890 889 1230
f 889 1229 1230
f 891 890 1226
f 890 1230 1226
f 992 998 1231
f 998 1232 1231
f 994 992 1233
f 992 1231 1233
f 995 994 1234
f 994 1233 1234
f 996 995 1235
f 995 1234 1235
f 997 996 1236
f 996 1235 1236
f 998 997 1232
f 997 1236 1232
f 899 905 1237
f 905 1238 1237
f 901 899 1239
f 899 1237 1239
f 902 901 1240
f 901 1239 1240
f 903 902 1241
f 902 1240 1241
f 904 903 1242
f 903 1241 1242
f 905 904 1238
f 904 1242 1238
f 926 932 1243
f 932 1244 1243
f 928 926 1245
f 926 1243 1245
f 929 928 1246
f 928 1245 1246
f 930 929 1247
f 929 1246 1247
f 931 930 1248
f 930 1247 1248
f 932 931 1244
f 931 1248 1244
f 1019 1024 1249
f 1024 1250 1249
f 1020 1019 1251
f 1019 1249 1251
f 1021 1020 1252
f 1020 1251 1252
f 1022 1021 1253
f 1021 1252 1253
f 1023 1022 1254
f 1022 1253 1254
f 1024 1023 1250
f 1023 1254 1250
f 770 776 1255
f 776 1256 1255
f 772 770 1257
f 770 1255 1257
f 773 772 1258
f 772 1257 1258
f 774 773 1259
f 773 1258 1259
f 775 774 1260
f 774 1259 1260
f 776 775 1256
f 775 1260 1256
f 56 453 57
f 453 1261 57
f 1262 64 58
f 1262 1263 64
f 1263 456 64
f 64 456 62
f 624 303 414
f 303 302 414
f 625 624 413
f 624 414 413
f 298 625 299
f 625 413 299
f 978 984 1264
f 984 1265 1264
f 980 978 1266
f 978 1264 1266
f 981 980 1267
f 980 1266 1267
f 982 981 1268
f 981 1267 1268
f 983 982 1269
f 982 1268 1269
f 984 983 1265
f 983 1269 1265
f 784 790 1270
f 790 1271 1270
f 786 784 1272
f 784 1270 1272
f 787 786 1273
f 786 1272 1273
f 788 787 1274
f 787 1273 1274
f 789 788 1275
f 788 1274 1275
f 790 789 1271
f 789 1275 1271
f 846 850 1276
f 850 1277 1276
f 845 846 1278
f 846 1276 1278
f 847 845 1279
f 845 1278 1279
f 848 847 1280
f 847 1279 1280
f 849 848 1281
f 848 1280 1281
f 850 849 1277
f 849 1281 1277
f 1282 7 65
f 2 1283 3
f 1283 458 3
f 1284 1282 455
f 1282 65 455
f 455 65 63
f 306 623 307
f 623 411 307
f 618 311 410
f 311 310 410
f 619 618 412
f 618 410 412
f 623 619 411
f 619 412 411
f 479 315 408
f 315 314 408
f 478 479 409
f 479 408 409
f 318 478 319
f 478 409 319
f 481 323 406
f 323 322 406
f 326 481 327
f 481 406 327
f 543 546 1285
f 546 1286 1285
f 544 543 1287
f 543 1285 1287
f 545 544 1288
f 544 1287 1288
f 551 545 1289
f 545 1288 1289
f 547 551 1290
f 551 1289 1290
f 546 547 1286
f 547 1290 1286
f 334 331 335
f 331 330 335
f 1065 1071 1291
f 1071 1292 1291
f 1067 1065 1293
f 1065 1291 1293
f 1068 1067 1294
f 1067 1293 1294
f 1069 1068 1295
f 1068 1294 1295
f 1070 1069 1296
f 1069 1295 1296
f 1071 1070 1292
f 1070 1296 1292
f 1124 1130 1297
f 1130 1298 1297
f 1126 1124 1299
f 1124 1297 1299
f 1127 1126 1300
f 1126 1299 1300
f 1128 1127 1301
f 1127 1300 1301
f 1129 1128 1302
f 1128 1301 1302
f 1130 1129 1298
f 1129 1302 1298
f 492 491 1303
f 491 1304 1303
f 493 492 1305
f 492 1303 1305
f 494 493 1306
f 493 1305 1306
f 489 494 1307
f 494 1306 1307
f 490 489 1308
f 489 1307 1308
f 491 490 1304
f 490 1308 1304
f 557 559 1309
f 559 1310 1309
f 556 557 1311
f 557 1309 1311
f 555 556 1312
f 556 1311 1312
f 587 555 1313
f 555 1312 1313
f 586 587 1314
f 587 1313 1314
f 559 586 1310
f 586 1314 1310
f 552 536 1315
f 536 1316 1315
f 553 552 1317
f 552 1315 1317
f 554 553 1318
f 553 1317 1318
f 558 554 1319
f 554 1318 1319
f 535 558 1320
f 558 1319 1320
f 536 535 1316
f 535 1320 1316
f 1169 1173 1321
f 1173 1322 1321
f 1168 1169 1323
f 1169 1321 1323
f 1170 1168 1324
f 1168 1323 1324
f 1171 1170 1325
f 1170 1324 1325
f 1172 1171 1326
f 1171 1325 1326
f 1173 1172 1322
f 1172 1326 1322
f 588 539 1327
f 539 1328 1327
f 540 588 1329
f 588 1327 1329
f 541 540 1330
f 540 1329 1330
f 537 541 1331
f 541 1330 1331
f 538 537 1332
f 537 1331 1332
f 539 538 1328
f 538 1332 1328
f 1051 1057 1333
f 1057 1334 1333
f 1053 1051 1335
f 1051 1333 1335
f 1054 1053 1336
f 1053 1335 1336
f 1055 1054 1337
f 1054 1336 1337
f 1056 1055 1338
f 1055 1337 1338
f 1057 1056 1334
f 1056 1338 1334
f 1110 1116 1339
f 1116 1340 1339
f 1112 1110 1341
f 1110 1339 1341
f 1113 1112 1342
f 1112 1341 1342
f 1114 1113 1343
f 1113 1342 1343
f 1115 1114 1344
f 1114 1343 1344
f 1116 1115 1340
f 1115 1344 1340
f 506 502 1345
f 502 1346 1345
f 511 506 1347
f 506 1345 1347
f 512 511 1348
f 511 1347 1348
f 513 512 1349
f 512 1348 1349
f 514 513 1350
f 513 1349 1350
f 502 514 1346
f 514 1350 1346
f 1156 1161 1351
f 1161 1352 1351
f 1157 1156 1353
f 1156 1351 1353
f 1158 1157 1354
f 1157 1353 1354
f 1159 1158 1355
f 1158 1354 1355
f 1160 1159 1356
f 1159 1355 1356
f 1161 1160 1352
f 1160 1356 1352
f 682 688 1357
f 688 1358 1357
f 684 682 1359
f 682 1357 1359
f 685 684 1360
f 684 1359 1360
f 686 685 1361
f 685 1360 1361
f 687 686 1362
f 686 1361 1362
f 688 687 1358
f 687 1362 1358
f 648 653 1363
f 653 1364 1363
f 649 648 1365
f 648 1363 1365
f 651 649 1366
f 649 1365 1366
f 652 651 1367
f 651 1366 1367
f 655 652 1368
f 652 1367 1368
f 653 655 1364
f 655 1368 1364
f 696 702 1369
f 702 1370 1369
f 698 696 1371
f 696 1369 1371
f 699 698 1372
f 698 1371 1372
f 700 699 1373
f 699 1372 1373
f 701 700 1374
f 700 1373 1374
f 702 701 1370
f 701 1374 1370
f 627 343 404
f 343 342 404
f 338 627 339
f 627 404 339
f 750 758 1375
f 758 1376 1375
f 751 750 1377
f 750 1375 1377
f 755 751 1378
f 751 1377 1378
f 756 755 1379
f 755 1378 1379
f 757 756 1380
f 756 1379 1380
f 758 757 1376
f 757 1380 1376
f 851 859 1381
f 859 1382 1381
f 852 851 1383
f 851 1381 1383
f 856 852 1384
f 852 1383 1384
f 857 856 1385
f 856 1384 1385
f 858 857 1386
f 857 1385 1386
f 859 858 1382
f 858 1386 1382
f 668 674 1387
f 674 1388 1387
f 670 668 1389
f 668 1387 1389
f 671 670 1390
f 670 1389 1390
f 672 671 1391
f 671 1390 1391
f 673 672 1392
f 672 1391 1392
f 674 673 1388
f 673 1392 1388
f 654 660 1393
f 660 1394 1393
f 656 654 1395
f 654 1393 1395
f 657 656 1396
f 656 1395 1396
f 658 657 1397
f 657 1396 1397
f 659 658 1398
f 658 1397 1398
f 660 659 1394
f 659 1398 1394
f 861 860 1399
f 860 1400 1399
f 862 861 1401
f 861 1399 1401
f 863 862 1402
f 862 1401 1402
f 854 863 1403
f 863 1402 1403
f 855 854 1404
f 854 1403 1404
f 860 855 1400
f 855 1404 1400
f 723 729 1405
f 729 1406 1405
f 725 723 1407
f 723 1405 1407
f 726 725 1408
f 725 1407 1408
f 727 726 1409
f 726 1408 1409
f 728 727 1410
f 727 1409 1410
f 729 728 1406
f 728 1410 1406
f 945 952 1411
f 952 1412 1411
f 946 945 1413
f 945 1411 1413
f 949 946 1414
f 946 1413 1414
f 950 949 1415
f 949 1414 1415
f 951 950 1416
f 950 1415 1416
f 952 951 1412
f 951 1416 1412
f 760 759 1417
f 759 1418 1417
f 761 760 1419
f 760 1417 1419
f 762 761 1420
f 761 1419 1420
f 753 762 1421
f 762 1420 1421
f 754 753 1422
f 753 1421 1422
f 759 754 1418
f 754 1422 1418
f 954 953 1423
f 953 1424 1423
f 955 954 1425
f 954 1423 1425
f 956 955 1426
f 955 1425 1426
f 947 956 1427
f 956 1426 1427
f 948 947 1428
f 947 1427 1428
f 953 948 1424
f 948 1428 1424
f 713 712 1429
f 712 1430 1429
f 714 713 1431
f 713 1429 1431
f 715 714 1432
f 714 1431 1432
f 706 715 1433
f 715 1432 1433
f 707 706 1434
f 706 1433 1434
f 712 707 1430
f 707 1434 1430
f 744 749 1435
f 749 1436 1435
f 745 744 1437
f 744 1435 1437
f 746 745 1438
f 745 1437 1438
f 747 746 1439
f 746 1438 1439
f 748 747 1440
f 747 1439 1440
f 749 748 1436
f 748 1440 1436
f 629 635 1441
f 635 1442 1441
f 628 629 1443
f 629 1441 1443
f 632 628 1444
f 628 1443 1444
f 633 632 1445
f 632 1444 1445
f 634 633 1446
f 633 1445 1446
f 635 634 1442
f 634 1446 1442
f 730 736 1447
f 736 1448 1447
f 732 730 1449
f 730 1447 1449
f 733 732 1450
f 732 1449 1450
f 734 733 1451
f 733 1450 1451
f 735 734 1452
f 734 1451 1452
f 736 735 1448
f 735 1452 1448
f 1453 80 73
f 451 43 1454
f 43 80 1454
f 1454 80 1453
f 15 449 16
f 449 1455 16
f 602 351 403
f 351 350 403
f 346 602 347
f 602 403 347
f 358 355 359
f 355 354 359
f 1091 1096 1456
f 1096 1457 1456
f 1092 1091 1458
f 1091 1456 1458
f 1093 1092 1459
f 1092 1458 1459
f 1094 1093 1460
f 1093 1459 1460
f 1095 1094 1461
f 1094 1460 1461
f 1096 1095 1457
f 1095 1461 1457
f 599 598 1462
f 598 1463 1462
f 600 599 1464
f 599 1462 1464
f 603 600 1465
f 600 1464 1465
f 605 603 1466
f 603 1465 1466
f 596 605 1467
f 605 1466 1467
f 598 596 1463
f 596 1467 1463
f 798 804 1468
f 804 1469 1468
f 800 798 1470
f 798 1468 1470
f 801 800 1471
f 800 1470 1471
f 802 801 1472
f 801 1471 1472
f 803 802 1473
f 802 1472 1473
f 804 803 1469
f 803 1473 1469
f 1025 1030 1474
f 1030 1475 1474
f 1026 1025 1476
f 1025 1474 1476
f 1027 1026 1477
f 1026 1476 1477
f 1028 1027 1478
f 1027 1477 1478
f 1029 1028 1479
f 1028 1478 1479
f 1030 1029 1475
f 1029 1479 1475
f 933 938 1480
f 938 1481 1480
f 934 933 1482
f 933 1480 1482
f 935 934 1483
f 934 1482 1483
f 936 935 1484
f 935 1483 1484
f 937 936 1485
f 936 1484 1485
f 938 937 1481
f 937 1485 1481
f 832 838 1486
f 838 1487 1486
f 834 832 1488
f 832 1486 1488
f 835 834 1489
f 834 1488 1489
f 836 835 1490
f 835 1489 1490
f 837 836 1491
f 836 1490 1491
f 838 837 1487
f 837 1491 1487
f 825 831 1492
f 831 1493 1492
f 827 825 1494
f 825 1492 1494
f 828 827 1495
f 827 1494 1495
f 829 828 1496
f 828 1495 1496
f 830 829 1497
f 829 1496 1497
f 831 830 1493
f 830 1497 1493
f 916 915 1498
f 915 1499 1498
f 917 916 1500
f 916 1498 1500
f 918 917 1501
f 917 1500 1501
f 909 918 1502
f 918 1501 1502
f 910 909 1503
f 909 1502 1503
f 915 910 1499
f 910 1503 1499
f 815 814 1504
f 814 1505 1504
f 816 815 1506
f 815 1504 1506
f 817 816 1507
f 816 1506 1507
f 808 817 1508
f 817 1507 1508
f 809 808 1509
f 808 1508 1509
f 814 809 1505
f 809 1509 1505
f 1009 1008 1510
f 1008 1511 1510
f 1010 1009 1512
f 1009 1510 1512
f 1011 1010 1513
f 1010 1512 1513
f 999 1011 1514
f 1011 1513 1514
f 1000 999 1515
f 999 1514 1515
f 1008 1000 1511
f 1000 1515 1511
f 1177 1178 1516
f 1178 1517 1516
f 1176 1177 1518
f 1177 1516 1518
f 1174 1176 1519
f 1176 1518 1519
f 1175 1174 1520
f 1174 1519 1520
f 1180 1175 1521
f 1175 1520 1521
f 1178 1180 1517
f 1180 1521 1517
f 1141 1140 1522
f 1140 1523 1522
f 1142 1141 1524
f 1141 1522 1524
f 1143 1142 1525
f 1142 1524 1525
f 1131 1143 1526
f 1143 1525 1526
f 1132 1131 1527
f 1131 1526 1527
f 1140 1132 1523
f 1132 1527 1523
f 1072 1077 1528
f 1077 1529 1528
f 1073 1072 1530
f 1072 1528 1530
f 1075 1073 1531
f 1073 1530 1531
f 1076 1075 1532
f 1075 1531 1532
f 1079 1076 1533
f 1076 1532 1533
f 1077 1079 1529
f 1079 1533 1529
f 571 560 1534
f 560 1535 1534
f 567 571 1536
f 571 1534 1536
f 568 567 1537
f 567 1536 1537
f 570 568 1538
f 568 1537 1538
f 562 570 1539
f 570 1538 1539
f 560 562 1535
f 562 1539 1535
f 611 610 1540
f 610 1541 1540
f 612 611 1542
f 611 1540 1542
f 613 612 1543
f 612 1542 1543
f 607 613 1544
f 613 1543 1544
f 609 607 1545
f 607 1544 1545
f 610 609 1541
f 609 1545 1541
f 49 445 18
f 445 1546 18
f 1547 28 19
f 448 26 1548
f 26 28 1548
f 1548 28 1547
f 362 574 363
f 574 401 363
f 572 367 400
f 367 366 400
f 573 572 402
f 572 400 402
f 574 573 401
f 573 402 401
f 163 1549 156
f 1549 1550 156
f 156 1550 157
f 163 200 1549
f 200 88 1549
f 1549 88 87
f 61 31 106
f 90 1551 91
f 1551 1552 91
f 106 108 61
f 108 123 61
f 61 123 96
f 96 98 61
f 98 137 61
f 61 137 1552
f 137 141 1552
f 1552 141 91
f 1553 1 1554
f 1555 1556 1557
f 1556 1558 1557
f 1557 1558 1559
f 1558 1560 1559
f 1554 1561 1553
f 1561 1562 1553
f 1553 1562 1563
f 1562 1556 1563
f 1556 1555 1563
f 1563 1555 103
f 1555 1564 103
f 103 1564 111
f 1564 1565 111
f 111 1565 107
f 1565 1566 107
f 107 1566 10
f 1566 1559 10
f 10 1559 1
f 1559 1560 1
f 1 1560 1554
f 1567 1568 45
f 1567 45 1569
f 45 1 1569
f 1569 1 1570
f 1571 1563 1572
f 1563 45 1572
f 1572 45 1573
f 45 1568 1573
f 1573 1568 1574
f 1568 1570 1574
f 1570 1 1574
f 1574 1 1575
f 1 1576 1575
f 1575 1576 1577
f 1576 1578 1577
f 1577 1578 1571
f 1578 1579 1571
f 1571 1579 1563
f 1579 1580 1563
f 1563 1580 1553
f 1580 1581 1553
f 1553 1581 1
f 1581 1582 1
f 1 1582 1576
f 109 107 60
f 107 10 60
f 110 109 75
f 109 60 75
f 115 110 74
f 110 75 74
f 116 115 78
f 115 74 78
f 102 116 79
f 116 78 79
f 103 102 1563
f 102 79 1563
f 1563 79 45
f 179 1583 180
f 1583 1584 180
f 180 1584 174
f 1584 1585 174
f 174 1585 175
f 1585 1586 175
f 175 1586 176
f 1586 1587 176
f 176 1587 177
f 1587 1588 177
f 177 1588 181
f 1588 1589 181
f 181 1589 182
f 1589 1590 182
f 182 1590 183
f 1590 1591 183
f 183 1591 161
f 1591 1592 161
f 161 1592 162
f 1592 1593 162
f 162 1593 164
f 1593 1594 164
f 164 1594 166
f 1594 1595 166
f 166 1595 167
f 1595 1596 167
f 167 1596 168
f 1596 1597 168
f 168 1597 169
f 1597 1598 169
f 169 1598 184
f 1598 1599 184
f 184 1599 185
f 1599 1600 185
f 185 1600 186
f 1600 1601 186
f 186 1601 170
f 1601 1602 170
f 170 1602 171
f 1602 1603 171
f 171 1603 172
f 1603 1604 172
f 172 1604 173
f 1604 1605 173
f 173 1605 178
f 1605 1606 178
f 178 1606 179
f 1606 1583 179
f 196 1607 197
f 1607 1608 197
f 197 1608 187
f 1608 1609 187
f 187 1609 188
f 1609 1610 188
f 188 1610 198
f 1610 1611 198
f 198 1611 199
f 1611 1612 199
f 199 1612 201
f 1612 1613 201
f 201 1613 202
f 1613 1614 202
f 202 1614 206
f 1614 1615 206
f 206 1615 207
f 1615 1616 207
f 207 1616 210
f 1616 1617 210
f 210 1617 211
f 1617 1618 211
f 211 1618 212
f 1618 1619 212
f 212 1619 209
f 1619 1620 209
f 209 1620 208
f 1620 1621 208
f 208 1621 193
f 1621 1622 193
f 193 1622 194
f 1622 1623 194
f 194 1623 203
f 1623 1624 203
f 203 1624 204
f 1624 1625 204
f 204 1625 205
f 1625 1626 205
f 205 1626 191
f 1626 1627 191
f 191 1627 190
f 1627 1628 190
f 190 1628 189
f 1628 1629 189
f 189 1629 195
f 1629 1630 195
f 195 1630 196
f 1630 1607 196
f 277 276 1631
f 276 1632 1631
f 277 1631 267
f 1631 1633 267
f 267 1633 268
f 269 268 1634
f 268 1633 1634
f 1634 1635 1636
f 1636 1637 1634
f 1637 1638 1634
f 1634 1638 1639
f 1639 1640 1634
f 1640 1641 1634
f 1634 1641 269
f 1641 1642 269
f 1642 1643 269
f 1643 1644 269
f 269 1644 270
f 1644 1645 270
f 270 1645 271
f 1646 1647 1648
f 1649 1650 1651
f 1652 1653 1654
f 1655 1656 1657
f 1658 1659 1660
f 1661 1662 1663
f 1664 1665 1666
f 1667 1668 1669
f 1670 1671 1672
f 1671 1673 1672
f 1672 1673 1674
f 1674 1673 1675
f 1673 1676 1675
f 1675 1676 1677
f 1676 1678 1677
f 1677 1678 1679
f 1678 1644 1679
f 1679 1644 1670
f 1644 1643 1670
f 1670 1643 1671
f 1680 1681 1682
f 1681 1683 1682
f 1682 1683 1684
f 1684 1683 1685
f 1683 1673 1685
f 1685 1673 1686
f 1673 1671 1686
f 1686 1671 1687
f 1671 1643 1687
f 1687 1643 1680
f 1643 1642 1680
f 1680 1642 1681
f 1688 1689 1690
f 1689 1691 1690
f 1690 1691 1692
f 1692 1691 1693
f 1691 1683 1693
f 1693 1683 1694
f 1683 1681 1694
f 1694 1681 1695
f 1681 1642 1695
f 1695 1642 1688
f 1642 1641 1688
f 1688 1641 1689
f 1696 1697 1698
f 1698 1697 1699
f 1700 1701 1638
f 1697 1702 1699
f 1702 1703 1699
f 1699 1703 1704
f 1703 1700 1704
f 1704 1700 1637
f 1700 1638 1637
f 1705 1706 1707
f 1706 1708 1707
f 1707 1708 1709
f 1709 1708 1710
f 1708 1699 1710
f 1710 1699 1711
f 1699 1704 1711
f 1711 1704 1712
f 1704 1637 1712
f 1712 1637 1705
f 1637 1636 1705
f 1705 1636 1706
f 1713 1714 1715
f 1715 1714 1716
f 1717 1718 1640
f 1714 1719 1716
f 1719 1720 1716
f 1716 1720 1721
f 1720 1717 1721
f 1721 1717 1639
f 1717 1640 1639
f 1722 1667 1698
f 1667 1669 1698
f 1698 1669 1696
f 1722 1698 1723
f 1698 1716 1723
f 1723 1716 1724
f 1716 1721 1724
f 1724 1721 1725
f 1721 1639 1725
f 1725 1639 1668
f 1639 1638 1668
f 1668 1638 1669
f 1638 1701 1669
f 1669 1701 1696
f 1726 384 1727
f 384 386 1727
f 1727 386 1728
f 386 391 1728
f 1727 1708 1726
f 1708 1729 1726
f 1726 1729 389
f 1729 1730 389
f 389 1730 391
f 1730 1731 391
f 391 1731 1728
f 1732 1728 1635
f 1728 1731 1635
f 1635 1731 1636
f 1731 1733 1636
f 1636 1733 1706
f 1733 1734 1706
f 1706 1734 1708
f 1734 1735 1708
f 1708 1735 1729
f 1736 1664 1715
f 1664 1666 1715
f 1715 1666 1713
f 1736 1715 1737
f 1715 1691 1737
f 1737 1691 1738
f 1691 1689 1738
f 1738 1689 1739
f 1689 1641 1739
f 1739 1641 1665
f 1641 1640 1665
f 1665 1640 1666
f 1640 1718 1666
f 1666 1718 1713
f 1676 1740 1741
f 1741 1740 1742
f 1740 1743 1742
f 1742 1743 1744
f 1743 1645 1744
f 1645 1644 1744
f 1744 1644 1745
f 1644 1678 1745
f 1745 1678 1746
f 1678 1676 1746
f 1746 1676 1747
f 1676 1741 1747
f 1748 1749 1750
f 1749 1751 1750
f 1750 1751 1752
f 1751 1753 1752
f 1752 1753 1754
f 1753 1755 1754
f 1754 1755 1756
f 1755 1757 1756
f 1756 1757 1758
f 1757 1759 1758
f 1758 1759 1748
f 1759 1749 1748
f 1663 1662 1760
f 1662 1761 1760
f 1760 1761 1762
f 1663 1763 1661
f 1763 1764 1661
f 1661 1764 1765
f 1764 1660 1765
f 1765 1660 1766
f 1660 1659 1766
f 1766 1659 1767
f 1768 1769 1770
f 1769 1771 1770
f 1770 1771 1772
f 1771 1773 1772
f 1772 1773 1774
f 1773 1753 1774
f 1774 1753 1775
f 1753 1751 1775
f 1775 1751 1776
f 1751 1749 1776
f 1776 1749 1768
f 1749 1769 1768
f 1777 1763 1778
f 1763 1663 1778
f 1778 1663 1779
f 1663 1760 1779
f 1779 1760 1780
f 1760 1773 1780
f 1780 1773 1781
f 1773 1771 1781
f 1781 1771 1782
f 1771 1769 1782
f 1782 1769 1777
f 1769 1763 1777
f 1783 1759 1784
f 1759 1757 1784
f 1784 1757 1785
f 1757 1755 1785
f 1785 1755 1786
f 1755 1787 1786
f 1786 1787 1788
f 1787 1789 1788
f 1788 1789 1790
f 1789 1791 1790
f 1790 1791 1783
f 1791 1759 1783
f 1792 1793 1794
f 1793 1791 1794
f 1794 1791 1795
f 1791 1789 1795
f 1795 1789 1796
f 1789 1787 1796
f 1796 1787 1797
f 1787 1798 1797
f 1797 1798 1799
f 1798 1800 1799
f 1799 1800 1792
f 1800 1793 1792
f 1801 1793 1802
f 1793 1800 1802
f 1802 1800 1803
f 1800 1798 1803
f 1803 1798 1804
f 1798 1805 1804
f 1804 1805 1806
f 1805 1807 1806
f 1806 1807 1808
f 1807 1809 1808
f 1808 1809 1801
f 1809 1793 1801
f 1810 1809 1811
f 1809 1807 1811
f 1811 1807 1812
f 1807 1805 1812
f 1812 1805 1813
f 1805 1814 1813
f 1813 1814 1815
f 1814 1816 1815
f 1815 1816 1817
f 1816 1818 1817
f 1817 1818 1810
f 1818 1809 1810
f 1819 284 273
f 1820 1821 1822
f 1819 1740 1823
f 1740 1676 1823
f 1823 1676 1824
f 1676 1673 1824
f 1824 1673 1825
f 1673 1683 1825
f 1825 1683 1826
f 1683 1691 1826
f 1826 1691 1827
f 1691 1715 1827
f 1827 1715 1828
f 1715 1716 1828
f 1828 1716 1829
f 1716 1698 1829
f 1829 1698 1830
f 1698 1699 1830
f 1830 1699 1831
f 1699 1708 1831
f 1831 1708 1822
f 1708 1727 1822
f 1822 1727 1820
f 1635 1832 1732
f 1832 1833 1732
f 1732 1833 1658
f 1761 1767 1762
f 1767 1659 1762
f 1762 1659 375
f 1659 1658 375
f 375 1658 372
f 1658 1833 372
f 372 1833 370
f 1833 1762 370
f 370 1762 375
f 1834 1835 1836
f 1835 1837 1836
f 1836 1837 1838
f 1839 1840 1841
f 1840 1842 1841
f 1841 1842 1657
f 1842 376 1657
f 1657 376 378
f 1655 1657 1834
f 1657 378 1834
f 1834 378 1835
f 378 383 1835
f 1835 383 1839
f 383 381 1839
f 1839 381 1840
f 1654 1653 1841
f 1653 1843 1841
f 1843 1844 1841
f 1841 1844 1839
f 1844 1845 1839
f 1839 1845 1846
f 1845 1847 1846
f 1846 1847 1652
f 1848 1846 1849
f 1652 1654 1846
f 1654 1850 1846
f 1846 1850 1849
f 1849 1851 1848
f 1851 1852 1848
f 1848 1852 1853
f 1852 1854 1853
f 1853 1854 1654
f 1854 1855 1654
f 1654 1855 1850
f 1651 1650 1853
f 1650 1856 1853
f 1856 1857 1853
f 1853 1857 1848
f 1857 1858 1848
f 1848 1858 1859
f 1858 1860 1859
f 1859 1860 1649
f 1861 1859 1862
f 1649 1651 1859
f 1651 1863 1859
f 1859 1863 1862
f 1862 1864 1861
f 1864 1865 1861
f 1861 1865 1866
f 1865 1867 1866
f 1866 1867 1651
f 1867 1868 1651
f 1651 1868 1863
f 1648 1647 1866
f 1647 1869 1866
f 1869 1870 1866
f 1866 1870 1861
f 1870 1871 1861
f 1861 1871 1872
f 1871 1873 1872
f 1873 1646 1872
f 1646 1648 1872
f 1872 1648 243
f 1648 245 243
f 1818 1874 1809
f 1874 1875 1809
f 1809 1875 1793
f 1875 1876 1793
f 1793 1876 1791
f 1876 1877 1791
f 1791 1877 1759
f 1877 1878 1759
f 1759 1878 1749
f 1878 1879 1749
f 1749 1879 1769
f 1879 1880 1769
f 1769 1880 1763
f 1880 1881 1763
f 1763 1881 1764
f 1881 1882 1764
f 1764 1882 1655
f 1882 1883 1655
f 1655 1883 1656
f 1814 265 264
f 1814 264 1816
f 264 263 1816
f 1816 263 1818
f 263 262 1818
f 1818 262 1874
f 1819 273 1740
f 273 272 1740
f 1740 272 1743
f 272 271 1743
f 1743 271 1645
f 284 1819 283
f 1819 1823 283
f 1823 1824 283
f 1824 1825 283
f 283 1825 1826
f 1826 1827 283
f 1827 1828 283
f 283 1828 1884
f 1828 1829 1884
f 1829 1830 1884
f 1830 1831 1884
f 1884 1831 1822
f 282 283 1885
f 283 1884 1885
f 282 1885 278
f 1885 1886 278
f 278 1886 279
f 280 279 1887
f 279 1886 1887
f 281 280 1888
f 280 1887 1888
f 274 281 1889
f 281 1888 1889
f 274 1889 275
f 1889 1632 275
f 275 1632 276
f 142 139 1890
f 139 1891 1890
f 93 142 1892
f 142 1890 1892
f 94 93 1893
f 93 1892 1893
f 1894 249 253
f 94 1893 95
f 1893 1894 95
f 95 1894 252
f 1894 253 252
f 250 249 1895
f 249 1894 1895
f 1882 1881 1895
f 1881 1880 1895
f 1895 1880 1879
f 1879 1878 1895
f 1878 1877 1895
f 1895 1877 250
f 1877 1876 250
f 1876 1875 250
f 250 1875 261
f 1875 1874 261
f 261 1874 262
f 266 265 1814
f 266 1814 257
f 1814 1805 257
f 257 1805 1798
f 1798 1787 257
f 1787 1755 257
f 257 1755 1896
f 1755 1753 1896
f 1753 1773 1896
f 1896 1773 1760
f 1760 1762 1896
f 1762 1833 1896
f 1896 1833 1832
f 260 257 1897
f 257 1896 1897
f 260 1897 259
f 1897 1898 259
f 259 1898 254
f 255 254 1899
f 254 1898 1899
f 255 1899 140
f 1899 1891 140
f 140 1891 139
f 217 236 1900
f 236 235 1900
f 232 1901 233
f 1901 1900 233
f 233 1900 234
f 1900 235 234
f 1902 248 247
f 247 245 1648
f 1648 1866 247
f 1866 1651 247
f 247 1651 1902
f 1651 1853 1902
f 1853 1654 1902
f 1902 1654 1841
f 1841 1657 1902
f 1657 1656 1902
f 1902 1656 1883
f 251 248 1903
f 248 1902 1903
f 238 251 1903
f 1904 144 241
f 1904 241 1903
f 241 240 1903
f 1903 240 238
f 145 144 1905
f 144 1904 1905
f 146 145 1906
f 145 1905 1906
f 147 146 1907
f 146 1906 1907
f 100 99 69
f 99 71 69
f 68 229 69
f 229 101 69
f 69 101 100
f 228 229 70
f 229 68 70
f 22 1908 70
f 1908 1909 70
f 1909 1910 70
f 1910 1911 70
f 70 1911 228
f 1911 1912 228
f 1912 1913 228
f 228 1913 1914
f 1914 1915 228
f 1915 1916 228
f 228 1916 227
f 1917 1918 1919
f 1920 50 54
f 1921 22 1922
f 22 21 1922
f 1908 1923 1924
f 1923 1925 1924
f 1924 1925 1926
f 54 1924 1920
f 1924 1926 1920
f 1920 1926 1921
f 1926 1927 1921
f 1921 1927 22
f 1927 1928 22
f 22 1928 1908
f 1928 1929 1908
f 1908 1929 1923
f 1909 1930 1931
f 1930 1932 1931
f 1931 1932 1924
f 1932 1933 1924
f 1933 1934 1924
f 1924 1934 1908
f 1934 1935 1908
f 1908 1935 1909
f 1935 1936 1909
f 1909 1936 1930
f 1910 1937 1938
f 1937 1939 1938
f 1938 1939 1931
f 1939 1940 1931
f 1940 1941 1931
f 1931 1941 1909
f 1941 1942 1909
f 1909 1942 1910
f 1942 1943 1910
f 1910 1943 1937
f 1911 1944 1945
f 1944 1946 1945
f 1945 1946 1938
f 1946 1947 1938
f 1947 1948 1938
f 1938 1948 1910
f 1948 1949 1910
f 1910 1949 1911
f 1949 1950 1911
f 1911 1950 1944
f 1912 1951 1952
f 1951 1953 1952
f 1952 1953 1945
f 1953 1954 1945
f 1954 1955 1945
f 1945 1955 1911
f 1955 1956 1911
f 1911 1956 1912
f 1956 1957 1912
f 1912 1957 1951
f 1913 1958 1959
f 1958 1960 1959
f 1959 1960 1961
f 1962 1913 1963
f 1913 1912 1963
f 1963 1912 1964
f 1912 1952 1964
f 1964 1952 1965
f 1952 1966 1965
f 1952 1959 1966
f 1959 1961 1966
f 1966 1961 1967
f 1961 1968 1967
f 1967 1968 1962
f 1968 1969 1962
f 1962 1969 1913
f 1969 1970 1913
f 1913 1970 1958
f 1914 1971 1972
f 1971 1973 1972
f 1972 1973 1959
f 1973 1974 1959
f 1974 1975 1959
f 1959 1975 1913
f 1975 1976 1913
f 1913 1976 1914
f 1976 1977 1914
f 1914 1977 1971
f 1915 1978 1979
f 1978 1980 1979
f 1979 1980 1972
f 1980 1981 1972
f 1981 1982 1972
f 1972 1982 1914
f 1982 1983 1914
f 1914 1983 1915
f 1983 1984 1915
f 1915 1984 1978
f 1919 1918 1979
f 1985 1916 1986
f 1916 1915 1986
f 1986 1915 1987
f 1915 1979 1987
f 1987 1979 1988
f 1979 1918 1988
f 1985 1917 1916
f 1917 1919 1916
f 1916 1919 227
f 1919 226 227
f 54 53 1924
f 53 1989 1924
f 1924 1989 1931
f 1989 1990 1931
f 1931 1990 1938
f 1990 1991 1938
f 1938 1991 1945
f 1991 1992 1945
f 1945 1992 1952
f 1992 1993 1952
f 1952 1993 1959
f 1993 1994 1959
f 1959 1994 1972
f 1994 1995 1972
f 1972 1995 1979
f 1995 1996 1979
f 1979 1996 1919
f 1996 1997 1919
f 1919 1997 226
f 1997 224 226
f 224 1997 130
f 1997 1996 130
f 1996 1995 130
f 1995 1994 130
f 130 1994 1993
f 1993 1992 130
f 1992 1991 130
f 130 1991 1990
f 11 129 53
f 129 130 53
f 53 130 1989
f 130 1990 1989
f 131 129 6
f 129 11 6
f 132 131 5
f 131 6 5
f 133 132 4
f 132 5 4
f 134 133 67
f 133 4 67
f 135 134 66
f 134 67 66
f 99 135 71
f 135 66 71
f 127 125 12
f 125 13 12
f 128 127 51
f 127 12 51
f 112 128 52
f 128 51 52
f 17 1998 52
f 1998 1999 52
f 1999 2000 52
f 2000 2001 52
f 52 2001 112
f 2001 2002 112
f 112 2002 2003
f 2003 2004 112
f 2004 2005 112
f 112 2005 113
f 2006 2007 2008
f 2009 2010 2011
f 2012 25 24
f 30 2013 17
f 2013 2014 17
f 393 2015 1998
f 2015 2016 1998
f 1998 2016 2017
f 2016 396 2017
f 2017 396 24
f 396 398 24
f 24 398 2012
f 398 395 2012
f 2012 395 2014
f 395 393 2014
f 2014 393 17
f 393 1998 17
f 1999 2018 2019
f 2018 2020 2019
f 2019 2020 2017
f 2020 2021 2017
f 2021 2022 2017
f 2017 2022 1998
f 2022 2023 1998
f 1998 2023 1999
f 2023 2024 1999
f 1999 2024 2018
f 2000 2025 2026
f 2025 2027 2026
f 2026 2027 2019
f 2027 2028 2019
f 2028 2029 2019
f 2019 2029 1999
f 2029 2030 1999
f 1999 2030 2000
f 2030 2031 2000
f 2000 2031 2025
f 2001 2032 2033
f 2032 2034 2033
f 2033 2034 2026
f 2034 2035 2026
f 2035 2036 2026
f 2026 2036 2000
f 2036 2037 2000
f 2000 2037 2001
f 2037 2038 2001
f 2001 2038 2032
f 2002 2039 2040
f 2039 2041 2040
f 2040 2041 2033
f 2041 2042 2033
f 2042 2043 2033
f 2033 2043 2001
f 2043 2044 2001
f 2001 2044 2002
f 2044 2045 2002
f 2002 2045 2039
f 2011 2010 2040
f 2010 2046 2040
f 2046 2047 2040
f 2040 2047 2002
f 2047 2048 2002
f 2002 2048 2003
f 2048 2049 2003
f 2003 2049 2009
f 2004 2003 2050
f 2009 2011 2003
f 2011 2051 2003
f 2003 2051 2050
f 2050 2052 2004
f 2052 2053 2004
f 2004 2053 2054
f 2053 2055 2054
f 2054 2055 2011
f 2055 2056 2011
f 2011 2056 2051
f 2008 2007 2054
f 2057 2005 2058
f 2005 2004 2058
f 2058 2004 2059
f 2004 2054 2059
f 2059 2054 2060
f 2054 2007 2060
f 2057 2006 2005
f 2006 2008 2005
f 2005 2008 113
f 2008 126 113
f 24 23 2017
f 23 2061 2017
f 2017 2061 2019
f 2061 2062 2019
f 2019 2062 2026
f 2062 2063 2026
f 2026 2063 2033
f 2063 2064 2033
f 2033 2064 2040
f 2064 2065 2040
f 2040 2065 2011
f 2065 2066 2011
f 2011 2066 2054
f 2066 2067 2054
f 2054 2067 2008
f 2067 2068 2008
f 2008 2068 126
f 2068 118 126
f 118 2068 117
f 2068 2067 117
f 2067 2066 117
f 2066 2065 117
f 117 2065 42
f 2065 2064 42
f 42 2064 2063
f 2063 2062 42
f 2062 2061 42
f 42 2061 23
f 119 117 40
f 117 42 40
f 120 119 39
f 119 40 39
f 121 120 41
f 120 39 41
f 122 121 76
f 121 41 76
f 124 122 77
f 122 76 77
f 125 124 13
f 124 77 13
f 157 1550 2069
f 157 2069 153
f 2069 2070 153
f 153 2070 154
f 2070 2071 154
f 154 2071 155
f 2071 2072 155
f 155 2072 160
f 2072 2073 160
f 160 2073 159
f 2073 2074 159
f 159 2074 158
f 2074 1551 158
f 158 1551 90
f 1872 243 242
f 2075 219 2076
f 219 218 2076
f 2076 218 2077
f 218 216 2077
f 2077 216 2078
f 216 215 2078
f 2078 215 1900
f 215 217 1900
f 1872 242 1861
f 2079 1835 1839
f 1839 1846 2079
f 1846 1848 2079
f 2079 1848 1859
f 2075 2080 219
f 2080 2081 219
f 219 2081 220
f 2081 2079 220
f 220 2079 242
f 2079 1859 242
f 242 1859 1861
f 1901 232 2082
f 232 231 2082
f 2082 231 2083
f 231 152 2083
f 2083 152 2084
f 152 151 2084
f 2084 151 2085
f 151 150 2085
f 2085 150 2086
f 150 149 2086
f 2086 149 2087
f 149 148 2087
f 2087 148 2088
f 148 147 2088
f 2088 147 1907
f 286 222 223
f 230 105 288
f 105 36 288
f 288 36 2089
f 36 2090 2089
f 2089 2090 2091
f 2090 2092 2091
f 2091 2092 439
f 2092 2093 439
f 439 2093 286
f 2093 221 286
f 286 221 222
f 223 244 286
f 244 84 286
f 286 84 86
f 86 81 286
f 81 83 286
f 286 83 288
f 83 225 288
f 288 225 230
f 214 221 2094
f 221 2093 2094
f 106 31 36
f 33 435 37
f 1750 1044 1748
f 1044 1050 1748
f 1752 1046 1750
f 1046 1044 1750
f 1754 1047 1752
f 1047 1046 1752
f 1756 1048 1754
f 1048 1047 1754
f 1758 1049 1756
f 1049 1048 1756
f 1748 1050 1758
f 1050 1049 1758
f 1766 503 1765
f 503 504 1765
f 1767 495 1766
f 495 503 1766
f 1761 496 1767
f 496 495 1767
f 1662 498 1761
f 498 496 1761
f 1661 505 1662
f 505 498 1662
f 1765 504 1661
f 504 505 1661
f 1770 1103 1768
f 1103 1109 1768
f 1772 1105 1770
f 1105 1103 1770
f 1774 1106 1772
f 1106 1105 1772
f 1775 1107 1774
f 1107 1106 1774
f 1776 1108 1775
f 1108 1107 1775
f 1768 1109 1776
f 1109 1108 1776
f 1778 1151 1777
f 1151 1155 1777
f 1779 1150 1778
f 1150 1151 1778
f 1780 1152 1779
f 1152 1150 1779
f 1781 1153 1780
f 1153 1152 1780
f 1782 1154 1781
f 1154 1153 1781
f 1777 1155 1782
f 1155 1154 1782
f 1844 1034 1845
f 1034 1033 1845
f 1843 1035 1844
f 1035 1034 1844
f 1653 1036 1843
f 1036 1035 1843
f 1652 1031 1653
f 1031 1036 1653
f 1847 1032 1652
f 1032 1031 1652
f 1845 1033 1847
f 1033 1032 1847
f 1842 486 376
f 486 377 376
f 1840 487 1842
f 487 486 1842
f 381 380 1840
f 380 487 1840
f 1672 791 1670
f 791 797 1670
f 1674 793 1672
f 793 791 1672
f 1675 794 1674
f 794 793 1674
f 1677 795 1675
f 795 794 1675
f 1679 796 1677
f 796 795 1677
f 1670 797 1679
f 797 796 1679
f 1857 864 1858
f 864 870 1858
f 1856 866 1857
f 866 864 1857
f 1650 867 1856
f 867 866 1856
f 1649 868 1650
f 868 867 1650
f 1860 869 1649
f 869 868 1649
f 1858 870 1860
f 870 869 1860
f 1682 892 1680
f 892 898 1680
f 1684 894 1682
f 894 892 1682
f 1685 895 1684
f 895 894 1684
f 1686 896 1685
f 896 895 1685
f 1687 897 1686
f 897 896 1686
f 1680 898 1687
f 898 897 1687
f 2047 919 2048
f 919 925 2048
f 2046 921 2047
f 921 919 2047
f 2010 922 2046
f 922 921 2046
f 2009 923 2010
f 923 922 2010
f 2049 924 2009
f 924 923 2009
f 2048 925 2049
f 925 924 2049
f 1784 971 1783
f 971 977 1783
f 1785 973 1784
f 973 971 1784
f 1786 974 1785
f 974 973 1785
f 1788 975 1786
f 975 974 1786
f 1790 976 1788
f 976 975 1788
f 1783 977 1790
f 977 976 1790
f 1863 763 1862
f 763 769 1862
f 1868 765 1863
f 765 763 1863
f 1867 766 1868
f 766 765 1868
f 1865 767 1867
f 767 766 1867
f 1864 768 1865
f 768 767 1865
f 1862 769 1864
f 769 768 1864
f 1795 881 1794
f 881 880 1794
f 1796 883 1795
f 883 881 1795
f 1797 884 1796
f 884 883 1796
f 1799 879 1797
f 879 884 1797
f 1792 878 1799
f 878 879 1799
f 1794 880 1792
f 880 878 1792
f 1802 777 1801
f 777 783 1801
f 1803 778 1802
f 778 777 1802
f 1804 780 1803
f 780 778 1803
f 1806 781 1804
f 781 780 1804
f 1808 782 1806
f 782 781 1806
f 1801 783 1808
f 783 782 1808
f 1573 621 1572
f 621 614 1572
f 1574 615 1573
f 615 621 1573
f 1575 616 1574
f 616 615 1574
f 1577 464 1575
f 464 616 1575
f 1571 465 1577
f 465 464 1577
f 1572 614 1571
f 614 465 1571
f 1561 839 1562
f 839 844 1562
f 1554 840 1561
f 840 839 1561
f 1560 841 1554
f 841 840 1554
f 1558 842 1560
f 842 841 1560
f 1556 843 1558
f 843 842 1558
f 1562 844 1556
f 844 843 1556
f 1690 985 1688
f 985 991 1688
f 1692 987 1690
f 987 985 1690
f 1693 988 1692
f 988 987 1692
f 1694 989 1693
f 989 988 1693
f 1695 990 1694
f 990 989 1694
f 1688 991 1695
f 991 990 1695
f 1578 940 1579
f 940 944 1579
f 1576 939 1578
f 939 940 1578
f 1582 941 1576
f 941 939 1576
f 1581 942 1582
f 942 941 1582
f 1580 943 1581
f 943 942 1581
f 1579 944 1580
f 944 943 1580
f 1703 550 1700
f 550 531 1700
f 1702 532 1703
f 532 550 1703
f 1697 533 1702
f 533 532 1702
f 1696 529 1697
f 529 533 1697
f 1701 530 1696
f 530 529 1696
f 1700 531 1701
f 531 530 1701
f 1707 526 1705
f 526 528 1705
f 1709 525 1707
f 525 526 1707
f 1710 524 1709
f 524 525 1709
f 1711 549 1710
f 549 524 1710
f 1712 548 1711
f 548 549 1711
f 1705 528 1712
f 528 548 1712
f 1927 575 1928
f 575 566 1928
f 1926 561 1927
f 561 575 1927
f 1925 563 1926
f 563 561 1926
f 1923 589 1925
f 589 563 1925
f 1929 565 1923
f 565 589 1923
f 1928 566 1929
f 566 565 1929
f 59 444 20
f 444 1921 20
f 20 1921 1922
f 1922 21 20
f 50 1920 48
f 1920 446 48
f 1720 1117 1717
f 1117 1123 1717
f 1719 1119 1720
f 1119 1117 1720
f 1714 1120 1719
f 1120 1119 1719
f 1713 1121 1714
f 1121 1120 1714
f 1718 1122 1713
f 1122 1121 1713
f 1717 1123 1718
f 1123 1122 1718
f 1667 1163 1668
f 1163 1167 1668
f 1722 1162 1667
f 1162 1163 1667
f 1723 1164 1722
f 1164 1162 1722
f 1724 1165 1723
f 1165 1164 1723
f 1725 1166 1724
f 1166 1165 1724
f 1668 1167 1725
f 1167 1166 1725
f 1726 518 384
f 518 385 384
f 389 388 1726
f 388 518 1726
f 1730 521 1731
f 521 520 1731
f 1729 522 1730
f 522 521 1730
f 1735 523 1729
f 523 522 1729
f 1734 527 1735
f 527 523 1735
f 1733 519 1734
f 519 527 1734
f 1731 520 1733
f 520 519 1733
f 1664 1058 1665
f 1058 1064 1665
f 1736 1060 1664
f 1060 1058 1664
f 1737 1061 1736
f 1061 1060 1736
f 1738 1062 1737
f 1062 1061 1737
f 1739 1063 1738
f 1063 1062 1738
f 1665 1064 1739
f 1064 1063 1739
f 1746 689 1745
f 689 695 1745
f 1747 691 1746
f 691 689 1746
f 1741 692 1747
f 692 691 1747
f 1742 693 1741
f 693 692 1741
f 1744 694 1742
f 694 693 1742
f 1745 695 1744
f 695 694 1744
f 1811 675 1810
f 675 681 1810
f 1812 677 1811
f 677 675 1811
f 1813 678 1812
f 678 677 1812
f 1815 679 1813
f 679 678 1813
f 1817 680 1815
f 680 679 1815
f 1810 681 1817
f 681 680 1817
f 2029 1144 2030
f 1144 1149 2030
f 2028 1145 2029
f 1145 1144 2029
f 2027 1146 2028
f 1146 1145 2028
f 2025 1147 2027
f 1147 1146 2027
f 2031 1148 2025
f 1148 1147 2025
f 2030 1149 2031
f 1149 1148 2031
f 1870 661 1871
f 661 667 1871
f 1869 663 1870
f 663 661 1870
f 1647 664 1869
f 664 663 1869
f 1646 665 1647
f 665 664 1647
f 1873 666 1646
f 666 665 1646
f 1871 667 1873
f 667 666 1873
f 2013 30 29
f 25 2012 14
f 2012 450 14
f 27 447 29
f 447 2014 29
f 29 2014 2013
f 2016 592 396
f 592 397 396
f 2015 593 2016
f 593 592 2016
f 393 392 2015
f 392 593 2015
f 2059 716 2058
f 716 722 2058
f 2060 718 2059
f 718 716 2059
f 2007 719 2060
f 719 718 2060
f 2006 720 2007
f 720 719 2007
f 2057 721 2006
f 721 720 2006
f 2058 722 2057
f 722 721 2057
f 1987 703 1986
f 703 711 1986
f 1988 704 1987
f 704 703 1987
f 1918 708 1988
f 708 704 1988
f 1917 709 1918
f 709 708 1918
f 1985 710 1917
f 710 709 1917
f 1986 711 1985
f 711 710 1985
f 1850 958 1849
f 958 957 1849
f 1855 964 1850
f 964 958 1850
f 1854 961 1855
f 961 964 1855
f 1852 960 1854
f 960 961 1854
f 1851 959 1852
f 959 960 1852
f 1849 957 1851
f 957 959 1851
f 1557 737 1555
f 737 743 1555
f 1559 739 1557
f 739 737 1557
f 1566 740 1559
f 740 739 1559
f 1565 741 1566
f 741 740 1566
f 1564 742 1565
f 742 741 1565
f 1555 743 1564
f 743 742 1564
f 1568 1567 452
f 1567 46 452
f 452 46 44
f 1569 47 1567
f 47 46 1567
f 1569 1570 47
f 1570 454 47
f 47 454 55
f 1982 805 1983
f 805 813 1983
f 1981 806 1982
f 806 805 1982
f 1980 810 1981
f 810 806 1981
f 1978 811 1980
f 811 810 1980
f 1984 812 1978
f 812 811 1978
f 1983 813 1984
f 813 812 1984
f 1975 906 1976
f 906 914 1976
f 1974 907 1975
f 907 906 1975
f 1973 911 1974
f 911 907 1974
f 1971 912 1973
f 912 911 1973
f 1977 913 1971
f 913 912 1971
f 1976 914 1977
f 914 913 1977
f 2051 818 2050
f 818 824 2050
f 2056 820 2051
f 820 818 2051
f 2055 821 2056
f 821 820 2056
f 2053 822 2055
f 822 821 2055
f 2052 823 2053
f 823 822 2053
f 2050 824 2052
f 824 823 2052
f 1968 1003 1969
f 1003 1007 1969
f 1961 1001 1968
f 1001 1003 1968
f 1960 1004 1961
f 1004 1001 1961
f 1958 1005 1960
f 1005 1004 1960
f 1970 1006 1958
f 1006 1005 1958
f 1969 1007 1970
f 1007 1006 1970
f 2043 1012 2044
f 1012 1018 2044
f 2042 1014 2043
f 1014 1012 2043
f 2041 1015 2042
f 1015 1014 2042
f 2039 1016 2041
f 1016 1015 2041
f 2045 1017 2039
f 1017 1016 2039
f 2044 1018 2045
f 1018 1017 2045
f 1948 1179 1949
f 1179 1185 1949
f 1947 1181 1948
f 1181 1179 1948
f 1946 1182 1947
f 1182 1181 1947
f 1944 1183 1946
f 1183 1182 1946
f 1950 1184 1944
f 1184 1183 1944
f 1949 1185 1950
f 1185 1184 1950
f 1955 1135 1956
f 1135 1139 1956
f 1954 1133 1955
f 1133 1135 1955
f 1953 1136 1954
f 1136 1133 1954
f 1951 1137 1953
f 1137 1136 1953
f 1957 1138 1951
f 1138 1137 1951
f 1956 1139 1957
f 1139 1138 1957
f 1934 590 1935
f 590 581 1935
f 1933 591 1934
f 591 590 1934
f 1932 585 1933
f 585 591 1933
f 1930 583 1932
f 583 585 1932
f 1936 582 1930
f 582 583 1930
f 1935 581 1936
f 581 582 1936
f 2036 1085 2037
f 1085 1090 2037
f 2035 1086 2036
f 1086 1085 2036
f 2034 1087 2035
f 1087 1086 2035
f 2032 1088 2034
f 1088 1087 2034
f 2038 1089 2032
f 1089 1088 2032
f 2037 1090 2038
f 1090 1089 2038
f 2022 1187 2023
f 1187 1191 2023
f 2021 1186 2022
f 1186 1187 2022
f 2020 1188 2021
f 1188 1186 2021
f 2018 1189 2020
f 1189 1188 2020
f 2024 1190 2018
f 1190 1189 2018
f 2023 1191 2024
f 1191 1190 2024
f 1941 584 1942
f 584 580 1942
f 1940 576 1941
f 576 584 1941
f 1939 577 1940
f 577 576 1940
f 1937 578 1939
f 578 577 1939
f 1943 579 1937
f 579 578 1937
f 1942 580 1943
f 580 579 1943
f 1964 1078 1963
f 1078 1084 1963
f 1965 1080 1964
f 1080 1078 1964
f 1966 1081 1965
f 1081 1080 1965
f 1967 1082 1966
f 1082 1081 1966
f 1962 1083 1967
f 1083 1082 1967
f 1963 1084 1962
f 1084 1083 1962
f 18 1546 19
f 1546 1548 19
f 19 1548 1547
f 1545 1544 1541
f 1544 1543 1541
f 1541 1543 1540
f 1543 1542 1540
f 1537 1536 1538
f 1536 1534 1538
f 1538 1534 1539
f 1534 1535 1539
f 1531 1530 1532
f 1530 1528 1532
f 1532 1528 1533
f 1528 1529 1533
f 1525 1524 1526
f 1524 1522 1526
f 1526 1522 1527
f 1522 1523 1527
f 1519 1518 1520
f 1518 1516 1520
f 1520 1516 1521
f 1516 1517 1521
f 1513 1512 1514
f 1512 1510 1514
f 1514 1510 1515
f 1510 1511 1515
f 1507 1506 1508
f 1506 1504 1508
f 1508 1504 1509
f 1504 1505 1509
f 1501 1500 1502
f 1500 1498 1502
f 1502 1498 1503
f 1498 1499 1503
f 1497 1496 1493
f 1496 1495 1493
f 1493 1495 1492
f 1495 1494 1492
f 1491 1490 1487
f 1490 1489 1487
f 1487 1489 1486
f 1489 1488 1486
f 1485 1484 1481
f 1484 1483 1481
f 1481 1483 1480
f 1483 1482 1480
f 1479 1478 1475
f 1478 1477 1475
f 1475 1477 1474
f 1477 1476 1474
f 1470 1468 1471
f 1468 1469 1471
f 1471 1469 1472
f 1469 1473 1472
f 1467 1466 1463
f 1466 1465 1463
f 1463 1465 1462
f 1465 1464 1462
f 1461 1460 1457
f 1460 1459 1457
f 1457 1459 1456
f 1459 1458 1456
f 1453 73 1454
f 73 16 1454
f 1454 16 1455
f 1452 1451 1448
f 1451 1450 1448
f 1448 1450 1447
f 1450 1449 1447
f 1446 1445 1442
f 1445 1444 1442
f 1442 1444 1441
f 1444 1443 1441
f 1438 1437 1439
f 1437 1435 1439
f 1439 1435 1440
f 1435 1436 1440
f 1432 1431 1433
f 1431 1429 1433
f 1433 1429 1434
f 1429 1430 1434
f 1424 1428 1423
f 1428 1427 1423
f 1423 1427 1425
f 1427 1426 1425
f 1418 1422 1417
f 1422 1421 1417
f 1417 1421 1419
f 1421 1420 1419
f 1412 1416 1411
f 1416 1415 1411
f 1411 1415 1413
f 1415 1414 1413
f 1410 1409 1406
f 1409 1408 1406
f 1406 1408 1405
f 1408 1407 1405
f 1400 1404 1399
f 1404 1403 1399
f 1399 1403 1401
f 1403 1402 1401
f 1394 1398 1393
f 1398 1397 1393
f 1393 1397 1395
f 1397 1396 1395
f 1391 1390 1392
f 1390 1389 1392
f 1392 1389 1388
f 1389 1387 1388
f 1382 1386 1381
f 1386 1385 1381
f 1381 1385 1383
f 1385 1384 1383
f 1376 1380 1375
f 1380 1379 1375
f 1375 1379 1377
f 1379 1378 1377
f 1371 1369 1372
f 1369 1370 1372
f 1372 1370 1373
f 1370 1374 1373
f 1364 1368 1363
f 1368 1367 1363
f 1363 1367 1365
f 1367 1366 1365
f 1359 1357 1360
f 1357 1358 1360
f 1360 1358 1361
f 1358 1362 1361
f 1353 1351 1354
f 1351 1352 1354
f 1354 1352 1355
f 1352 1356 1355
f 1347 1345 1348
f 1345 1346 1348
f 1348 1346 1349
f 1346 1350 1349
f 1341 1339 1342
f 1339 1340 1342
f 1342 1340 1343
f 1340 1344 1343
f 1335 1333 1336
f 1333 1334 1336
f 1336 1334 1337
f 1334 1338 1337
f 1329 1327 1330
f 1327 1328 1330
f 1330 1328 1331
f 1328 1332 1331
f 1323 1321 1324
f 1321 1322 1324
f 1324 1322 1325
f 1322 1326 1325
f 1317 1315 1318
f 1315 1316 1318
f 1318 1316 1319
f 1316 1320 1319
f 1311 1309 1312
f 1309 1310 1312
f 1312 1310 1313
f 1310 1314 1313
f 1306 1305 1307
f 1305 1303 1307
f 1307 1303 1308
f 1303 1304 1308
f 1299 1297 1300
f 1297 1298 1300
f 1300 1298 1301
f 1298 1302 1301
f 1293 1291 1294
f 1291 1292 1294
f 1294 1292 1295
f 1292 1296 1295
f 1287 1285 1288
f 1285 1286 1288
f 1288 1286 1289
f 1286 1290 1289
f 1283 2 1284
f 2 7 1284
f 1284 7 1282
f 1279 1278 1280
f 1278 1276 1280
f 1280 1276 1281
f 1276 1277 1281
f 1272 1270 1273
f 1270 1271 1273
f 1273 1271 1274
f 1271 1275 1274
f 1266 1264 1267
f 1264 1265 1267
f 1267 1265 1268
f 1265 1269 1268
f 57 1261 58
f 1261 1263 58
f 58 1263 1262
f 1259 1258 1260
f 1258 1257 1260
f 1260 1257 1256
f 1257 1255 1256
f 1254 1253 1250
f 1253 1252 1250
f 1250 1252 1249
f 1252 1251 1249
f 1248 1247 1244
f 1247 1246 1244
f 1244 1246 1243
f 1246 1245 1243
f 1239 1237 1240
f 1237 1238 1240
f 1240 1238 1241
f 1238 1242 1241
f 1233 1231 1234
f 1231 1232 1234
f 1234 1232 1235
f 1232 1236 1235
f 1227 1225 1228
f 1225 1226 1228
f 1228 1226 1229
f 1226 1230 1229
f 1219 1220 1221
f 1220 1224 1221
f 1221 1224 1222
f 1224 1223 1222
f 1213 1214 1215
f 1214 1218 1215
f 1215 1218 1216
f 1218 1217 1216
f 1210 1209 1211
f 1209 1207 1211
f 1211 1207 1212
f 1207 1208 1212
f 1204 1203 1205
f 1203 1201 1205
f 1205 1201 1206
f 1201 1202 1206
f 9 1200 32
f 1200 1199 32
f 32 1199 1198
f 1194 1192 1195
f 1192 1193 1195
f 1195 1193 1196
f 1193 1197 1196
f 432 285 433
f 285 287 433
f 1549 2094 2093
f 1596 1838 1597
f 1838 1598 1597
f 1601 1600 1838
f 1600 1599 1838
f 1838 1599 1598
f 1596 1629 1628
f 1623 1622 1838
f 1901 1604 1603
f 1604 1901 1605
f 1623 1838 1624
f 1628 1627 1596
f 1627 1626 1596
f 1596 1626 1838
f 1626 1625 1838
f 1838 1625 1624
f 1622 1621 1838
f 1621 1620 1838
f 1838 1620 2092
f 1620 2093 2092
f 1610 1609 1594
f 1609 1608 1594
f 1594 1608 1595
f 1608 1607 1595
f 1595 1607 1596
f 1607 1630 1596
f 1596 1630 1629
f 1617 1549 1618
f 1549 2093 1618
f 1618 2093 1619
f 2093 1620 1619
f 1617 1616 1549
f 1616 1615 1549
f 1549 1615 1614
f 1614 1613 1549
f 1613 1612 1549
f 1549 1612 1594
f 1612 1611 1594
f 1594 1611 1610
f 1594 1593 1549
f 1593 1592 1549
f 1549 1592 1591
f 1591 1590 1549
f 1590 1589 1549
f 1549 1589 1550
f 1589 1588 1550
f 1550 1588 1587
f 1901 2082 1605
f 2082 2083 1605
f 1605 2083 1552
f 2083 2084 1552
f 1552 2084 2085
f 1837 2075 1838
f 2075 2076 1838
f 1838 2076 2077
f 2074 1584 1551
f 1584 1583 1551
f 1551 1583 1552
f 1583 1606 1552
f 1552 1606 1605
f 2074 2073 1584
f 2073 2072 1584
f 1584 2072 2071
f 1603 1602 1901
f 1602 1601 1901
f 1901 1601 1900
f 1601 1838 1900
f 1900 1838 2078
f 1838 2077 2078
f 1587 1586 1550
f 1586 1585 1550
f 1550 1585 2069
f 1585 1584 2069
f 2069 1584 2070
f 1584 2071 2070
f 1821 72 61
f 1634 1633 1631
f 1895 1894 1893
f 1832 1635 1896
f 1635 1634 1896
f 1905 1904 1903
f 1886 1885 1887
f 1885 1884 1887
f 1902 1883 1882
f 1888 61 1889
f 61 1552 1889
f 1822 1821 1884
f 1821 61 1884
f 1884 61 1887
f 61 1888 1887
f 1898 1897 1899
f 1897 1896 1899
f 1882 1895 1902
f 1895 1893 1902
f 1902 1893 1903
f 1893 1892 1903
f 1903 1892 1905
f 1892 1906 1905
f 2085 2086 1552
f 2086 2087 1552
f 1552 2087 2088
f 1634 1631 1896
f 1631 1632 1896
f 1896 1632 1899
f 1632 1889 1899
f 1899 1889 1891
f 1889 1552 1891
f 1891 1552 1890
f 2088 1907 1552
f 1907 1906 1552
f 1552 1906 1890
f 1906 1892 1890
f 2080 2075 1837
f 1835 2079 1837
f 2079 2081 1837
f 1837 2081 2080
f 2092 2090 72
f 1660 1764 2092
f 1764 1655 2092
f 72 1820 1727
f 1655 1834 2092
f 1834 1836 2092
f 2092 1836 1838
f 1727 1728 72
f 1728 1732 72
f 72 1732 2092
f 1732 1658 2092
f 2092 1658 1660
f 444 72 2090
f 446 1920 1921
f 455 456 2090
f 454 1570 1568
f 447 448 2090
f 458 1283 1284
f 450 2012 2014
f 452 451 2090
f 1921 444 446
f 444 2090 446
f 446 2090 445
f 2090 448 445
f 445 448 1546
f 448 1548 1546
f 38 436 459
f 1199 1200 459
f 1200 457 459
f 459 457 38
f 457 458 38
f 1284 455 458
f 455 2090 458
f 458 2090 38
f 2090 36 38
f 1568 452 454
f 452 2090 454
f 454 2090 453
f 2090 456 453
f 453 456 1261
f 456 1263 1261
f 2014 447 450
f 447 2090 450
f 450 2090 449
f 2090 451 449
f 449 451 1455
f 451 1454 1455
f 419 434 421
f 434 289 421
f 421 289 288
f 405 332 2089
f 332 333 2089
f 333 472 2089
f 472 364 2089
f 2089 364 288
f 360 361 356
f 357 606 288
f 308 288 463
f 288 622 463
f 309 312 308
f 312 313 308
f 308 313 288
f 313 462 288
f 288 462 300
f 301 304 300
f 304 305 300
f 300 305 288
f 305 460 288
f 288 460 340
f 341 344 340
f 344 345 340
f 340 345 288
f 345 631 288
f 288 631 421
f 606 467 288
f 467 469 288
f 288 469 622
f 395 398 394
f 398 399 394
f 394 399 288
f 399 471 288
f 288 471 348
f 356 357 360
f 357 288 360
f 360 288 601
f 365 368 364
f 368 369 364
f 364 369 288
f 369 564 288
f 288 564 394
f 349 352 348
f 352 353 348
f 348 353 288
f 353 594 288
f 288 594 601
f 407 316 2091
f 316 317 2091
f 317 476 2091
f 476 382 2091
f 2091 382 2089
f 337 405 336
f 405 2089 336
f 482 473 2089
f 473 475 2089
f 2089 475 374
f 383 378 382
f 378 379 382
f 382 379 2089
f 379 483 2089
f 2089 483 482
f 375 372 374
f 372 373 374
f 374 373 2089
f 373 499 2089
f 2089 499 296
f 297 292 296
f 292 293 296
f 296 293 2089
f 293 509 2089
f 2089 509 390
f 391 386 390
f 386 387 390
f 390 387 2089
f 387 517 2089
f 2089 517 336
f 329 324 328
f 324 325 328
f 321 407 320
f 407 2091 320
f 320 2091 325
f 2091 439 325
f 325 439 328
f 439 438 328
f 1821 1820 72
f 214 2094 87
f 2094 1549 87

